Workbook

Sheet HƯỚNG DẪN
A1: HƯỚNG DẪN SỬ DỤNG – FILE QUẢN LÝ ĐƠN HÀNG, LÃI LỖ & CÔNG NỢ
A2: Bản rút gọn: chỉ NHẬP 2 sheet màu vàng, 7 sheet còn lại tự động cập nhật.
A5: A. CHỈ CÓ 2 SHEET PHẢI NHẬP TAY
A6: 1. BẢNG GIÁ GỐC | B6: Nhập 1 lần cho mỗi sản phẩm: TÊN SẢN PHẨM, GIÁ GỐC (giá vốn), GIÁ BÁN GỢI Ý. Sau đó file tự biết giá gốc để tính lãi/lỗ.
A7: 2. NHẬP ĐƠN HÀNG | B7: Nhân viên sale chỉ nhập ở đây: ngày, khách, sản phẩm, số lượng, giá bán, VAT, số tiền khách đã trả. Tất cả phần còn lại tự tính.
A9: B. 7 SHEET TỰ ĐỘNG – KHÔNG GÕ GÌ VÀO
A10: 3. BÁO CÁO DOANH THU | B10: Doanh thu / VAT / đã thu / còn nợ / lãi theo từng tháng và cả năm. Chỉ cần đổi ô NĂM.
A11: 4. LÃI LỖ | B11: Tổng quan lãi lỗ, lãi lỗ theo tháng và lãi lỗ theo từng sản phẩm.
A12: 5. KHÁCH HÀNG | B12: Tự gom danh sách khách từ sheet NHẬP ĐƠN HÀNG: đã mua bao nhiêu, đã trả, còn nợ, lãi.
A13: 6. CÔNG NỢ | B13: Tự liệt kê những đơn khách còn nợ tiền, kèm số ngày kể từ ngày đặt.
A14: 7. KHÁCH LẤY VAT | B14: Tự liệt kê các đơn có VAT, kèm tiền thuế từng đơn và tổng thuế.
A15: 8. KHÁCH KHÔNG VAT | B15: Tự liệt kê các đơn không lấy VAT.
A17: C. QUY TẮC MÀU
A18: Ô MÀU VÀNG | B18: Nhân viên nhập tay.
A19: Ô MÀU XANH NHẠT | B19: Máy tự tính – KHÔNG gõ đè lên, sẽ mất công thức.
A20: Ô MÀU CAM (CẢNH BÁO) | B20: Nhắc dòng nào thiếu dữ liệu hoặc đang lỗ. Xử lý hết là số liệu chuẩn.
A22: D. CÁCH TÍNH LÃI LỖ
A23: TIỀN HÀNG | B23: SỐ LƯỢNG × GIÁ BÁN/SP (giá bán CHƯA gồm VAT)
A24: TỔNG VỐN | B24: SỐ LƯỢNG × GIÁ GỐC/SP (giá gốc lấy tự động từ BẢNG GIÁ GỐC)
A25: LÃI / LỖ | B25: TIỀN HÀNG − TỔNG VỐN. Số âm màu đỏ nghĩa là ĐANG LỖ.
A26: % LÃI | B26: LÃI / LỖ ÷ TIỀN HÀNG
A27: TIỀN VAT | B27: TIỀN HÀNG × THUẾ SUẤT (0% / 5% / 8% / 10% chọn ở cột LẤY VAT?)
A28: TỔNG PHẢI THU | B28: TIỀN HÀNG + TIỀN VAT
A29: CÒN NỢ | B29: TỔNG PHẢI THU − ĐÃ THANH TOÁN
A31: E. LƯU Ý QUAN TRỌNG
A32: Giá bán nhập là giá CHƯA VAT | B32: Nếu báo khách giá đã gồm 8% VAT thì lấy giá đó chia 1,08 rồi mới nhập.
A33: Tên sản phẩm phải chọn từ danh sách | B33: Gõ tay sai chính tả sẽ không lấy được giá gốc → cột CẢNH BÁO sẽ báo ngay.
A34: Muốn thêm sản phẩm mới | B34: Thêm 1 dòng ở BẢNG GIÁ GỐC là danh sách chọn tự có sản phẩm đó.
A35: Lô hàng có giá vốn khác | B35: Thêm 1 dòng sản phẩm riêng ở BẢNG GIÁ GỐC, ví dụ: GẤU TEDDY 25CM TRẮNG – lô T8.
A36: Muốn xem năm khác | B36: Vào BÁO CÁO DOANH THU, sửa ô NĂM (ô vàng).

Sheet BẢNG GIÁ GỐC
A1: BẢNG GIÁ GỐC SẢN PHẨM
A2: NHÂN VIÊN CHỈ NHẬP Ở ĐÂY: tên sản phẩm, giá gốc (giá vốn), giá bán gợi ý. Sheet NHẬP ĐƠN HÀNG sẽ tự lấy giá gốc để tính lãi lỗ.
A4: TÊN SẢN PHẨM | B4: QUY CÁCH / KÍCH THƯỚC | C4: GIÁ GỐC / SP (đ) | D4: GIÁ BÁN GỢI Ý / SP (đ) | E4: LÃI GỢI Ý / SP (đ) | F4: % LÃI GỢI Ý | G4: GHI CHÚ
A5: GẤU TEDDY 25CM TRẮNG | B5: 25CM | C5: 35000 | D5: 50000 | E5: =IF($A5="","",N($D5)-N($C5)) -> 15000 | F5: =IF(OR($A5="",N($D5)=0),"",($D5-$C5)/$D5) -> 0.3
A6: GẤU TEDDY 30CM | B6: 30CM | C6: 35000 | D6: 50000 | E6: =IF($A6="","",N($D6)-N($C6)) -> 15000 | F6: =IF(OR($A6="",N($D6)=0),"",($D6-$C6)/$D6) -> 0.3
A7: GẤU TEDDY 20CM LÔNG MỊN | B7: 20CM | C7: 35000 | D7: 50000 | E7: =IF($A7="","",N($D7)-N($C7)) -> 15000 | F7: =IF(OR($A7="",N($D7)=0),"",($D7-$C7)/$D7) -> 0.3
A8: GỐI ÔM CỎ | B8: 25CM | C8: 35000 | D8: 45000 | E8: =IF($A8="","",N($D8)-N($C8)) -> 10000 | F8: =IF(OR($A8="",N($D8)=0),"",($D8-$C8)/$D8) -> 0.22222222
A9: GẤU TEDDY 20CM LÔNG XÙ | B9: 20CM | C9: 35000 | D9: 45000 | E9: =IF($A9="","",N($D9)-N($C9)) -> 10000 | F9: =IF(OR($A9="",N($D9)=0),"",($D9-$C9)/$D9) -> 0.22222222
A10: GẤU TEDDY 27CM NÂU | B10: 27CM | C10: 35000 | D10: 50000 | E10: =IF($A10="","",N($D10)-N($C10)) -> 15000 | F10: =IF(OR($A10="",N($D10)=0),"",($D10-$C10)/$D10) -> 0.3
A11: GẤU TỐT NGHIỆP | B11: 27CM | C11: 40000 | D11: 55000 | E11: =IF($A11="","",N($D11)-N($C11)) -> 15000 | F11: =IF(OR($A11="",N($D11)=0),"",($D11-$C11)/$D11) -> 0.27272727
A12: GẤU TEDY INLOGO HOA THÁI | B12: 30CM | C12: 42000 | D12: 52000 | E12: =IF($A12="","",N($D12)-N($C12)) -> 10000 | F12: =IF(OR($A12="",N($D12)=0),"",($D12-$C12)/$D12) -> 0.19230769
A13: GẤU TRÁI TIM INLOGO 1 MẶT HOA THÁI | B13: 40CM | C13: 42000 | D13: 55000 | E13: =IF($A13="","",N($D13)-N($C13)) -> 13000 | F13: =IF(OR($A13="",N($D13)=0),"",($D13-$C13)/$D13) -> 0.23636364
A14: GẤU BÔNG LENA TRÚC | B14: 30CM | C14: 50000 | D14: 65000 | E14: =IF($A14="","",N($D14)-N($C14)) -> 15000 | F14: =IF(OR($A14="",N($D14)=0),"",($D14-$C14)/$D14) -> 0.23076923
A15: CÁ MẬP INLOGO | B15: 30CM | C15: 36000 | D15: 48000 | E15: =IF($A15="","",N($D15)-N($C15)) -> 12000 | F15: =IF(OR($A15="",N($D15)=0),"",($D15-$C15)/$D15) -> 0.25
A16: MẦM INLOGO / ĐÀO TIÊN INLOGO | B16: 20CM | C16: 36000 | D16: 48000 | E16: =IF($A16="","",N($D16)-N($C16)) -> 12000 | F16: =IF(OR($A16="",N($D16)=0),"",($D16-$C16)/$D16) -> 0.25
... A18: TEDDY TRẮNG QUẢNG CHÂU INLOGO | B18: 30CM | C18: 45000 | D18: 58000 | E18: =IF($A18="","",N($D18)-N($C18)) -> 13000 | F18: =IF(OR($A18="",N($D18)=0),"",($D18-$C18)/$D18) -> 0.22413793
E19: =IF($A19="","",N($D19)-N($C19)) | F19: =IF(OR($A19="",N($D19)=0),"",($D19-$C19)/$D19)
E20: =IF($A20="","",N($D20)-N($C20)) | F20: =IF(OR($A20="",N($D20)=0),"",($D20-$C20)/$D20)
E21: =IF($A21="","",N($D21)-N($C21)) | F21: =IF(OR($A21="",N($D21)=0),"",($D21-$C21)/$D21)
E22: =IF($A22="","",N($D22)-N($C22)) | F22: =IF(OR($A22="",N($D22)=0),"",($D22-$C22)/$D22)
E23: =IF($A23="","",N($D23)-N($C23)) | F23: =IF(OR($A23="",N($D23)=0),"",($D23-$C23)/$D23)
E24: =IF($A24="","",N($D24)-N($C24)) | F24: =IF(OR($A24="",N($D24)=0),"",($D24-$C24)/$D24)
E25: =IF($A25="","",N($D25)-N($C25)) | F25: =IF(OR($A25="",N($D25)=0),"",($D25-$C25)/$D25)
E26: =IF($A26="","",N($D26)-N($C26)) | F26: =IF(OR($A26="",N($D26)=0),"",($D26-$C26)/$D26)
E27: =IF($A27="","",N($D27)-N($C27)) | F27: =IF(OR($A27="",N($D27)=0),"",($D27-$C27)/$D27)
E28: =IF($A28="","",N($D28)-N($C28)) | F28: =IF(OR($A28="",N($D28)=0),"",($D28-$C28)/$D28)
E29: =IF($A29="","",N($D29)-N($C29)) | F29: =IF(OR($A29="",N($D29)=0),"",($D29-$C29)/$D29)
E30: =IF($A30="","",N($D30)-N($C30)) | F30: =IF(OR($A30="",N($D30)=0),"",($D30-$C30)/$D30)
... E204: =IF($A204="","",N($D204)-N($C204)) | F204: =IF(OR($A204="",N($D204)=0),"",($D204-$C204)/$D204)

Sheet NHẬP ĐƠN HÀNG
A1: NHẬP ĐƠN HÀNG (SHEET DUY NHẤT NHÂN VIÊN SALE PHẢI NHẬP)
A2: Chỉ gõ vào Ô MÀU VÀNG. Thành tiền, VAT, tổng phải thu, còn nợ, tổng vốn và lãi/lỗ đều tự tính.
A3: SỐ ĐƠN | B3: =COUNTA($C$6:$C$505) -> 6 | C3: TIỀN HÀNG (đ) | D3: =SUM($L$6:$L$505) -> 15300000 | E3: TỔNG VỐN (đ) | F3: =SUM($T$6:$T$505) -> 10950000 | G3: LÃI / LỖ (đ) | H3: =SUM($U$6:$U$505) -> 4350000 | I3: % LÃI | J3: =IF(SUM($L$6:$L$505)=0,"",SUM($U$6:$U$505)/SUM($L$6:$L$505)) -> 0.28431373 | K3: TỔNG PHẢI THU (đ) | L3: =SUM($P$6:$P$505) -> 15391200 | M3: ĐÃ THU (đ) | N3: =SUM($Q$6:$Q$505) -> 6110000 | O3: CÒN NỢ (đ) | P3: =SUM($R$6:$R$505) -> 9281200 | Q3: DÒNG CẦN KIỂM TRA | R3: =SUMPRODUCT(--(LEN($X$6:$X$505)>0)) -> 3
A5: STT | B5: NGÀY ĐẶT | C5: TÊN KHÁCH HÀNG | D5: SỐ ĐIỆN THOẠI | E5: CÔNG TY (nếu có) | F5: MÃ SỐ THUẾ (nếu lấy VAT) | G5: ĐỊA CHỈ GIAO HÀNG | H5: TÊN SẢN PHẨM | I5: SỐ LƯỢNG | J5: GIÁ GỐC / SP (đ) | K5: GIÁ BÁN / SP (đ) (chưa VAT) | L5: TIỀN HÀNG (đ) | M5: LẤY VAT? | N5: THUẾ SUẤT | O5: TIỀN VAT (đ) | P5: TỔNG PHẢI THU (đ) | Q5: ĐÃ THANH TOÁN (đ) | R5: CÒN NỢ (đ) | S5: TÌNH TRẠNG | T5: TỔNG VỐN (đ) | U5: LÃI / LỖ (đ) | V5: % LÃI | W5: GHI CHÚ | X5: CẢNH BÁO | Y5: _nợ | Z5: _vat | AA5: _kvat | AB5: _khách | AC5: _sp
A6: =IF($C6="","",COUNTA($C$6:$C6)) -> 1 | C6: BGB - GẤU TỐT NGHIỆP AMES EL | D6: 0865895498 | E6: CÔNG TY CỔ PHẦN ĐÀO TẠO AMES - CHI NHÁNH THANH HÓA | F6: 0402018889-005 | G6: 18 Phan Chu Trinh, Hạc Thành, Thanh Hóa | H6: GẤU TỐT NGHIỆP | I6: 20 | J6: =IF($H6="","",IFERROR(VLOOKUP($H6,'BẢNG GIÁ GỐC'!$A$5:$D$204,3,FALSE()),"")) -> 40000 | K6: 57000 | L6: =IF($C6="","",N($I6)*N($K6)) -> 1140000 | M6: VAT 8% | N6: =IF($C6="","",IF($M6="VAT 5%",0.05,IF($M6="VAT 8%",0.08,IF($M6="VAT 10%",0.1,0)))) -> 0.08 | O6: =IF($C6="","",$L6*$N6) -> 91200 | P6: =IF($C6="","",$L6+$O6) -> 1231200 | Q6: 0 | R6: =IF($C6="","",MAX(0,$P6-N($Q6))) -> 1231200 | S6: =IF(OR($C6="",$P6=0),"",IF(N($Q6)<=0,"Chưa thanh toán",IF(N($Q6)<$P6,"Thanh toán một phần","Đã thanh toán"))) -> Chưa thanh toán | T6: =IF(OR($C6="",$J6=""),"",N($I6)*$J6) -> 800000 | U6: =IF(OR($C6="",$T6=""),"",$L6-$T6) -> 340000 | V6: =IF(OR($U6="",$L6=0),"",$U6/$L6) -> 0.29824561 | W6: Chuyển từ file cũ (DH-000003) – file cũ THIẾU NGÀY ĐẶT, vui lòng bổ sung | X6: =IF($C6="","",IF(AND($H6="",N($I6)=0,N($K6)=0),"Dòng chỉ lưu thông tin khách (chưa có đơn); ",IF($B6="","Thiếu ngày đặt; ","")&IF($H6="","Thiếu tên sản phẩm; ",IF($J6="","Sản phẩm chưa có trong BẢNG GIÁ GỐC; ",""))&IF(N($I6)<=0,"Thiếu số lượng; ","")&IF(N($K6)<=0,"Thiếu giá bán; ","")&IF(AND($N6>0,$F6=""),"Khách lấy VAT thiếu mã số thuế; ","")&IF(N($Q6)>$P6,"Đã thu vượt tổng phải thu; ","")&IF(AND($L6>0,$U6<0),"CẢNH BÁO: ĐƠN NÀY ĐANG LỖ; ",""))) -> Thiếu ngày đặt; | Y6: =IF(AND($C6<>"",$R6>0),COUNTIFS($C$6:$C6,"<>",$R$6:$R6,">0"),"") -> 1 | Z6: =IF(AND($H6<>"",N($N6)>0),COUNTIFS($H$6:$H6,"<>",$N$6:$N6,">0"),"") -> 1 | AA6: =IF(AND($H6<>"",N($N6)=0),COUNTIFS($H$6:$H6,"<>",$N$6:$N6,"<=0"),"") | AB6: =IF($C6="","",IF(COUNTIF($C$6:$C6,$C6)>1,"",MAX($AB$5:AB5)+1)) -> 1 | AC6: =IF($H6="","",IF(COUNTIF($H$6:$H6,$H6)>1,"",MAX($AC$5:AC5)+1)) -> 1
A7: =IF($C7="","",COUNTA($C$6:$C7)) -> 2 | B7: 46224 | C7: NGUYỆT ANH | D7: 0914121088 | E7: BGB - K2 NBK 130C | F7: 2500740944 | G7: Gần Nguyễn Hoàng (đoạn đường tránh qua TP. Tam Kỳ) | H7: GẤU TEDDY 25CM TRẮNG | I7: 130 | J7: =IF($H7="","",IFERROR(VLOOKUP($H7,'BẢNG GIÁ GỐC'!$A$5:$D$204,3,FALSE()),"")) -> 35000 | K7: 48000 | L7: =IF($C7="","",N($I7)*N($K7)) -> 6240000 | M7: Không lấy VAT | N7: =IF($C7="","",IF($M7="VAT 5%",0.05,IF($M7="VAT 8%",0.08,IF($M7="VAT 10%",0.1,0)))) -> 0 | O7: =IF($C7="","",$L7*$N7) -> 0 | P7: =IF($C7="","",$L7+$O7) -> 6240000 | Q7: 3110000 | R7: =IF($C7="","",MAX(0,$P7-N($Q7))) -> 3130000 | S7: =IF(OR($C7="",$P7=0),"",IF(N($Q7)<=0,"Chưa thanh toán",IF(N($Q7)<$P7,"Thanh toán một phần","Đã thanh toán"))) -> Thanh toán một phần | T7: =IF(OR($C7="",$J7=""),"",N($I7)*$J7) -> 4550000 | U7: =IF(OR($C7="",$T7=""),"",$L7-$T7) -> 1690000 | V7: =IF(OR($U7="",$L7=0),"",$U7/$L7) -> 0.27083333 | W7: Chuyển từ file cũ (DH-000006) | X7: =IF($C7="","",IF(AND($H7="",N($I7)=0,N($K7)=0),"Dòng chỉ lưu thông tin khách (chưa có đơn); ",IF($B7="","Thiếu ngày đặt; ","")&IF($H7="","Thiếu tên sản phẩm; ",IF($J7="","Sản phẩm chưa có trong BẢNG GIÁ GỐC; ",""))&IF(N($I7)<=0,"Thiếu số lượng; ","")&IF(N($K7)<=0,"Thiếu giá bán; ","")&IF(AND($N7>0,$F7=""),"Khách lấy VAT thiếu mã số thuế; ","")&IF(N($Q7)>$P7,"Đã thu vượt tổng phải thu; ","")&IF(AND($L7>0,$U7<0),"CẢNH BÁO: ĐƠN NÀY ĐANG LỖ; ",""))) | Y7: =IF(AND($C7<>"",$R7>0),COUNTIFS($C$6:$C7,"<>",$R$6:$R7,">0"),"") -> 2 | Z7: =IF(AND($H7<>"",N($N7)>0),COUNTIFS($H$6:$H7,"<>",$N$6:$N7,">0"),"") | AA7: =IF(AND($H7<>"",N($N7)=0),COUNTIFS($H$6:$H7,"<>",$N$6:$N7,"<=0"),"") -> 1 | AB7: =IF($C7="","",IF(COUNTIF($C$6:$C7,$C7)>1,"",MAX($AB$5:AB6)+1)) -> 2 | AC7: =IF($H7="","",IF(COUNTIF($H$6:$H7,$H7)>1,"",MAX($AC$5:AC6)+1)) -> 2
A8: =IF($C8="","",COUNTA($C$6:$C8)) -> 3 | B8: 46224 | C8: KH-0007 (file cũ chưa có tên) | H8: GỐI ÔM CỎ | I8: 80 | J8: =IF($H8="","",IFERROR(VLOOKUP($H8,'BẢNG GIÁ GỐC'!$A$5:$D$204,3,FALSE()),"")) -> 35000 | K8: 52000 | L8: =IF($C8="","",N($I8)*N($K8)) -> 4160000 | M8: Không lấy VAT | N8: =IF($C8="","",IF($M8="VAT 5%",0.05,IF($M8="VAT 8%",0.08,IF($M8="VAT 10%",0.1,0)))) -> 0 | O8: =IF($C8="","",$L8*$N8) -> 0 | P8: =IF($C8="","",$L8+$O8) -> 4160000 | Q8: 1500000 | R8: =IF($C8="","",MAX(0,$P8-N($Q8))) -> 2660000 | S8: =IF(OR($C8="",$P8=0),"",IF(N($Q8)<=0,"Chưa thanh toán",IF(N($Q8)<$P8,"Thanh toán một phần","Đã thanh toán"))) -> Thanh toán một phần | T8: =IF(OR($C8="",$J8=""),"",N($I8)*$J8) -> 2800000 | U8: =IF(OR($C8="",$T8=""),"",$L8-$T8) -> 1360000 | V8: =IF(OR($U8="",$L8=0),"",$U8/$L8) -> 0.32692308 | W8: Chuyển từ file cũ (DH-000007) – bổ sung tên và SĐT khách | X8: =IF($C8="","",IF(AND($H8="",N($I8)=0,N($K8)=0),"Dòng chỉ lưu thông tin khách (chưa có đơn); ",IF($B8="","Thiếu ngày đặt; ","")&IF($H8="","Thiếu tên sản phẩm; ",IF($J8="","Sản phẩm chưa có trong BẢNG GIÁ GỐC; ",""))&IF(N($I8)<=0,"Thiếu số lượng; ","")&IF(N($K8)<=0,"Thiếu giá bán; ","")&IF(AND($N8>0,$F8=""),"Khách lấy VAT thiếu mã số thuế; ","")&IF(N($Q8)>$P8,"Đã thu vượt tổng phải thu; ","")&IF(AND($L8>0,$U8<0),"CẢNH BÁO: ĐƠN NÀY ĐANG LỖ; ",""))) | Y8: =IF(AND($C8<>"",$R8>0),COUNTIFS($C$6:$C8,"<>",$R$6:$R8,">0"),"") -> 3 | Z8: =IF(AND($H8<>"",N($N8)>0),COUNTIFS($H$6:$H8,"<>",$N$6:$N8,">0"),"") | AA8: =IF(AND($H8<>"",N($N8)=0),COUNTIFS($H$6:$H8,"<>",$N$6:$N8,"<=0"),"") -> 2 | AB8: =IF($C8="","",IF(COUNTIF($C$6:$C8,$C8)>1,"",MAX($AB$5:AB7)+1)) -> 3 | AC8: =IF($H8="","",IF(COUNTIF($H$6:$H8,$H8)>1,"",MAX($AC$5:AC7)+1)) -> 3
A9: =IF($C9="","",COUNTA($C$6:$C9)) -> 4 | B9: 46224 | C9: KH-007 (file cũ chưa có tên) | H9: GẤU TEDDY 25CM TRẮNG | I9: 80 | J9: =IF($H9="","",IFERROR(VLOOKUP($H9,'BẢNG GIÁ GỐC'!$A$5:$D$204,3,FALSE()),"")) -> 35000 | K9: 47000 | L9: =IF($C9="","",N($I9)*N($K9)) -> 3760000 | M9: Không lấy VAT | N9: =IF($C9="","",IF($M9="VAT 5%",0.05,IF($M9="VAT 8%",0.08,IF($M9="VAT 10%",0.1,0)))) -> 0 | O9: =IF($C9="","",$L9*$N9) -> 0 | P9: =IF($C9="","",$L9+$O9) -> 3760000 | Q9: 1500000 | R9: =IF($C9="","",MAX(0,$P9-N($Q9))) -> 2260000 | S9: =IF(OR($C9="",$P9=0),"",IF(N($Q9)<=0,"Chưa thanh toán",IF(N($Q9)<$P9,"Thanh toán một phần","Đã thanh toán"))) -> Thanh toán một phần | T9: =IF(OR($C9="",$J9=""),"",N($I9)*$J9) -> 2800000 | U9: =IF(OR($C9="",$T9=""),"",$L9-$T9) -> 960000 | V9: =IF(OR($U9="",$L9=0),"",$U9/$L9) -> 0.25531915 | W9: Chuyển từ file cũ (DH-000008) – bổ sung tên và SĐT khách | X9: =IF($C9="","",IF(AND($H9="",N($I9)=0,N($K9)=0),"Dòng chỉ lưu thông tin khách (chưa có đơn); ",IF($B9="","Thiếu ngày đặt; ","")&IF($H9="","Thiếu tên sản phẩm; ",IF($J9="","Sản phẩm chưa có trong BẢNG GIÁ GỐC; ",""))&IF(N($I9)<=0,"Thiếu số lượng; ","")&IF(N($K9)<=0,"Thiếu giá bán; ","")&IF(AND($N9>0,$F9=""),"Khách lấy VAT thiếu mã số thuế; ","")&IF(N($Q9)>$P9,"Đã thu vượt tổng phải thu; ","")&IF(AND($L9>0,$U9<0),"CẢNH BÁO: ĐƠN NÀY ĐANG LỖ; ",""))) | Y9: =IF(AND($C9<>"",$R9>0),COUNTIFS($C$6:$C9,"<>",$R$6:$R9,">0"),"") -> 4 | Z9: =IF(AND($H9<>"",N($N9)>0),COUNTIFS($H$6:$H9,"<>",$N$6:$N9,">0"),"") | AA9: =IF(AND($H9<>"",N($N9)=0),COUNTIFS($H$6:$H9,"<>",$N$6:$N9,"<=0"),"") -> 3 | AB9: =IF($C9="","",IF(COUNTIF($C$6:$C9,$C9)>1,"",MAX($AB$5:AB8)+1)) -> 4 | AC9: =IF($H9="","",IF(COUNTIF($H$6:$H9,$H9)>1,"",MAX($AC$5:AC8)+1))
A10: =IF($C10="","",COUNTA($C$6:$C10)) -> 5 | C10: A TÀI - HUYNDAI - 20C | D10: 0935494005 | G10: 461 Tây Sơn, Quy Nhơn Nam, Gia Lai | J10: =IF($H10="","",IFERROR(VLOOKUP($H10,'BẢNG GIÁ GỐC'!$A$5:$D$204,3,FALSE()),"")) | L10: =IF($C10="","",N($I10)*N($K10)) -> 0 | M10: Không lấy VAT | N10: =IF($C10="","",IF($M10="VAT 5%",0.05,IF($M10="VAT 8%",0.08,IF($M10="VAT 10%",0.1,0)))) -> 0 | O10: =IF($C10="","",$L10*$N10) -> 0 | P10: =IF($C10="","",$L10+$O10) -> 0 | R10: =IF($C10="","",MAX(0,$P10-N($Q10))) -> 0 | S10: =IF(OR($C10="",$P10=0),"",IF(N($Q10)<=0,"Chưa thanh toán",IF(N($Q10)<$P10,"Thanh toán một phần","Đã thanh toán"))) | T10: =IF(OR($C10="",$J10=""),"",N($I10)*$J10) | U10: =IF(OR($C10="",$T10=""),"",$L10-$T10) | V10: =IF(OR($U10="",$L10=0),"",$U10/$L10) | W10: Khách có trong danh mục cũ nhưng chưa phát sinh đơn thật | X10: =IF($C10="","",IF(AND($H10="",N($I10)=0,N($K10)=0),"Dòng chỉ lưu thông tin khách (chưa có đơn); ",IF($B10="","Thiếu ngày đặt; ","")&IF($H10="","Thiếu tên sản phẩm; ",IF($J10="","Sản phẩm chưa có trong BẢNG GIÁ GỐC; ",""))&IF(N($I10)<=0,"Thiếu số lượng; ","")&IF(N($K10)<=0,"Thiếu giá bán; ","")&IF(AND($N10>0,$F10=""),"Khách lấy VAT thiếu mã số thuế; ","")&IF(N($Q10)>$P10,"Đã thu vượt tổng phải thu; ","")&IF(AND($L10>0,$U10<0),"CẢNH BÁO: ĐƠN NÀY ĐANG LỖ; ",""))) -> Dòng chỉ lưu thông tin khách (chưa có đơn); | Y10: =IF(AND($C10<>"",$R10>0),COUNTIFS($C$6:$C10,"<>",$R$6:$R10,">0"),"") | Z10: =IF(AND($H10<>"",N($N10)>0),COUNTIFS($H$6:$H10,"<>",$N$6:$N10,">0"),"") | AA10: =IF(AND($H10<>"",N($N10)=0),COUNTIFS($H$6:$H10,"<>",$N$6:$N10,"<=0"),"") | AB10: =IF($C10="","",IF(COUNTIF($C$6:$C10,$C10)>1,"",MAX($AB$5:AB9)+1)) -> 5 | AC10: =IF($H10="","",IF(COUNTIF($H$6:$H10,$H10)>1,"",MAX($AC$5:AC9)+1))
A11: =IF($C11="","",COUNTA($C$6:$C11)) -> 6 | C11: BGB - CÔ AN MẾN TẶNG | D11: 0903535291 | G11: 658 đường 2/9 Hải Châu - Đà Nẵng | J11: =IF($H11="","",IFERROR(VLOOKUP($H11,'BẢNG GIÁ GỐC'!$A$5:$D$204,3,FALSE()),"")) | L11: =IF($C11="","",N($I11)*N($K11)) -> 0 | M11: Không lấy VAT | N11: =IF($C11="","",IF($M11="VAT 5%",0.05,IF($M11="VAT 8%",0.08,IF($M11="VAT 10%",0.1,0)))) -> 0 | O11: =IF($C11="","",$L11*$N11) -> 0 | P11: =IF($C11="","",$L11+$O11) -> 0 | R11: =IF($C11="","",MAX(0,$P11-N($Q11))) -> 0 | S11: =IF(OR($C11="",$P11=0),"",IF(N($Q11)<=0,"Chưa thanh toán",IF(N($Q11)<$P11,"Thanh toán một phần","Đã thanh toán"))) | T11: =IF(OR($C11="",$J11=""),"",N($I11)*$J11) | U11: =IF(OR($C11="",$T11=""),"",$L11-$T11) | V11: =IF(OR($U11="",$L11=0),"",$U11/$L11) | W11: Khách có trong danh mục cũ nhưng chưa phát sinh đơn thật | X11: =IF($C11="","",IF(AND($H11="",N($I11)=0,N($K11)=0),"Dòng chỉ lưu thông tin khách (chưa có đơn); ",IF($B11="","Thiếu ngày đặt; ","")&IF($H11="","Thiếu tên sản phẩm; ",IF($J11="","Sản phẩm chưa có trong BẢNG GIÁ GỐC; ",""))&IF(N($I11)<=0,"Thiếu số lượng; ","")&IF(N($K11)<=0,"Thiếu giá bán; ","")&IF(AND($N11>0,$F11=""),"Khách lấy VAT thiếu mã số thuế; ","")&IF(N($Q11)>$P11,"Đã thu vượt tổng phải thu; ","")&IF(AND($L11>0,$U11<0),"CẢNH BÁO: ĐƠN NÀY ĐANG LỖ; ",""))) -> Dòng chỉ lưu thông tin khách (chưa có đơn); | Y11: =IF(AND($C11<>"",$R11>0),COUNTIFS($C$6:$C11,"<>",$R$6:$R11,">0"),"") | Z11: =IF(AND($H11<>"",N($N11)>0),COUNTIFS($H$6:$H11,"<>",$N$6:$N11,">0"),"") | AA11: =IF(AND($H11<>"",N($N11)=0),COUNTIFS($H$6:$H11,"<>",$N$6:$N11,"<=0"),"") | AB11: =IF($C11="","",IF(COUNTIF($C$6:$C11,$C11)>1,"",MAX($AB$5:AB10)+1)) -> 6 | AC11: =IF($H11="","",IF(COUNTIF($H$6:$H11,$H11)>1,"",MAX($AC$5:AC10)+1))
A12: =IF($C12="","",COUNTA($C$6:$C12)) | J12: =IF($H12="","",IFERROR(VLOOKUP($H12,'BẢNG GIÁ GỐC'!$A$5:$D$204,3,FALSE()),"")) | L12: =IF($C12="","",N($I12)*N($K12)) | N12: =IF($C12="","",IF($M12="VAT 5%",0.05,IF($M12="VAT 8%",0.08,IF($M12="VAT 10%",0.1,0)))) | O12: =IF($C12="","",$L12*$N12) | P12: =IF($C12="","",$L12+$O12) | R12: =IF($C12="","",MAX(0,$P12-N($Q12))) | S12: =IF(OR($C12="",$P12=0),"",IF(N($Q12)<=0,"Chưa thanh toán",IF(N($Q12)<$P12,"Thanh toán một phần","Đã thanh toán"))) | T12: =IF(OR($C12="",$J12=""),"",N($I12)*$J12) | U12: =IF(OR($C12="",$T12=""),"",$L12-$T12) | V12: =IF(OR($U12="",$L12=0),"",$U12/$L12) | X12: =IF($C12="","",IF(AND($H12="",N($I12)=0,N($K12)=0),"Dòng chỉ lưu thông tin khách (chưa có đơn); ",IF($B12="","Thiếu ngày đặt; ","")&IF($H12="","Thiếu tên sản phẩm; ",IF($J12="","Sản phẩm chưa có trong BẢNG GIÁ GỐC; ",""))&IF(N($I12)<=0,"Thiếu số lượng; ","")&IF(N($K12)<=0,"Thiếu giá bán; ","")&IF(AND($N12>0,$F12=""),"Khách lấy VAT thiếu mã số thuế; ","")&IF(N($Q12)>$P12,"Đã thu vượt tổng phải thu; ","")&IF(AND($L12>0,$U12<0),"CẢNH BÁO: ĐƠN NÀY ĐANG LỖ; ",""))) | Y12: =IF(AND($C12<>"",$R12>0),COUNTIFS($C$6:$C12,"<>",$R$6:$R12,">0"),"") | Z12: =IF(AND($H12<>"",N($N12)>0),COUNTIFS($H$6:$H12,"<>",$N$6:$N12,">0"),"") | AA12: =IF(AND($H12<>"",N($N12)=0),COUNTIFS($H$6:$H12,"<>",$N$6:$N12,"<=0"),"") | AB12: =IF($C12="","",IF(COUNTIF($C$6:$C12,$C12)>1,"",MAX($AB$5:AB11)+1)) | AC12: =IF($H12="","",IF(COUNTIF($H$6:$H12,$H12)>1,"",MAX($AC$5:AC11)+1))
A13: =IF($C13="","",COUNTA($C$6:$C13)) | J13: =IF($H13="","",IFERROR(VLOOKUP($H13,'BẢNG GIÁ GỐC'!$A$5:$D$204,3,FALSE()),"")) | L13: =IF($C13="","",N($I13)*N($K13)) | N13: =IF($C13="","",IF($M13="VAT 5%",0.05,IF($M13="VAT 8%",0.08,IF($M13="VAT 10%",0.1,0)))) | O13: =IF($C13="","",$L13*$N13) | P13: =IF($C13="","",$L13+$O13) | R13: =IF($C13="","",MAX(0,$P13-N($Q13))) | S13: =IF(OR($C13="",$P13=0),"",IF(N($Q13)<=0,"Chưa thanh toán",IF(N($Q13)<$P13,"Thanh toán một phần","Đã thanh toán"))) | T13: =IF(OR($C13="",$J13=""),"",N($I13)*$J13) | U13: =IF(OR($C13="",$T13=""),"",$L13-$T13) | V13: =IF(OR($U13="",$L13=0),"",$U13/$L13) | X13: =IF($C13="","",IF(AND($H13="",N($I13)=0,N($K13)=0),"Dòng chỉ lưu thông tin khách (chưa có đơn); ",IF($B13="","Thiếu ngày đặt; ","")&IF($H13="","Thiếu tên sản phẩm; ",IF($J13="","Sản phẩm chưa có trong BẢNG GIÁ GỐC; ",""))&IF(N($I13)<=0,"Thiếu số lượng; ","")&IF(N($K13)<=0,"Thiếu giá bán; ","")&IF(AND($N13>0,$F13=""),"Khách lấy VAT thiếu mã số thuế; ","")&IF(N($Q13)>$P13,"Đã thu vượt tổng phải thu; ","")&IF(AND($L13>0,$U13<0),"CẢNH BÁO: ĐƠN NÀY ĐANG LỖ; ",""))) | Y13: =IF(AND($C13<>"",$R13>0),COUNTIFS($C$6:$C13,"<>",$R$6:$R13,">0"),"") | Z13: =IF(AND($H13<>"",N($N13)>0),COUNTIFS($H$6:$H13,"<>",$N$6:$N13,">0"),"") | AA13: =IF(AND($H13<>"",N($N13)=0),COUNTIFS($H$6:$H13,"<>",$N$6:$N13,"<=0"),"") | AB13: =IF($C13="","",IF(COUNTIF($C$6:$C13,$C13)>1,"",MAX($AB$5:AB12)+1)) | AC13: =IF($H13="","",IF(COUNTIF($H$6:$H13,$H13)>1,"",MAX($AC$5:AC12)+1))
A14: =IF($C14="","",COUNTA($C$6:$C14)) | J14: =IF($H14="","",IFERROR(VLOOKUP($H14,'BẢNG GIÁ GỐC'!$A$5:$D$204,3,FALSE()),"")) | L14: =IF($C14="","",N($I14)*N($K14)) | N14: =IF($C14="","",IF($M14="VAT 5%",0.05,IF($M14="VAT 8%",0.08,IF($M14="VAT 10%",0.1,0)))) | O14: =IF($C14="","",$L14*$N14) | P14: =IF($C14="","",$L14+$O14) | R14: =IF($C14="","",MAX(0,$P14-N($Q14))) | S14: =IF(OR($C14="",$P14=0),"",IF(N($Q14)<=0,"Chưa thanh toán",IF(N($Q14)<$P14,"Thanh toán một phần","Đã thanh toán"))) | T14: =IF(OR($C14="",$J14=""),"",N($I14)*$J14) | U14: =IF(OR($C14="",$T14=""),"",$L14-$T14) | V14: =IF(OR($U14="",$L14=0),"",$U14/$L14) | X14: =IF($C14="","",IF(AND($H14="",N($I14)=0,N($K14)=0),"Dòng chỉ lưu thông tin khách (chưa có đơn); ",IF($B14="","Thiếu ngày đặt; ","")&IF($H14="","Thiếu tên sản phẩm; ",IF($J14="","Sản phẩm chưa có trong BẢNG GIÁ GỐC; ",""))&IF(N($I14)<=0,"Thiếu số lượng; ","")&IF(N($K14)<=0,"Thiếu giá bán; ","")&IF(AND($N14>0,$F14=""),"Khách lấy VAT thiếu mã số thuế; ","")&IF(N($Q14)>$P14,"Đã thu vượt tổng phải thu; ","")&IF(AND($L14>0,$U14<0),"CẢNH BÁO: ĐƠN NÀY ĐANG LỖ; ",""))) | Y14: =IF(AND($C14<>"",$R14>0),COUNTIFS($C$6:$C14,"<>",$R$6:$R14,">0"),"") | Z14: =IF(AND($H14<>"",N($N14)>0),COUNTIFS($H$6:$H14,"<>",$N$6:$N14,">0"),"") | AA14: =IF(AND($H14<>"",N($N14)=0),COUNTIFS($H$6:$H14,"<>",$N$6:$N14,"<=0"),"") | AB14: =IF($C14="","",IF(COUNTIF($C$6:$C14,$C14)>1,"",MAX($AB$5:AB13)+1)) | AC14: =IF($H14="","",IF(COUNTIF($H$6:$H14,$H14)>1,"",MAX($AC$5:AC13)+1))
A15: =IF($C15="","",COUNTA($C$6:$C15)) | J15: =IF($H15="","",IFERROR(VLOOKUP($H15,'BẢNG GIÁ GỐC'!$A$5:$D$204,3,FALSE()),"")) | L15: =IF($C15="","",N($I15)*N($K15)) | N15: =IF($C15="","",IF($M15="VAT 5%",0.05,IF($M15="VAT 8%",0.08,IF($M15="VAT 10%",0.1,0)))) | O15: =IF($C15="","",$L15*$N15) | P15: =IF($C15="","",$L15+$O15) | R15: =IF($C15="","",MAX(0,$P15-N($Q15))) | S15: =IF(OR($C15="",$P15=0),"",IF(N($Q15)<=0,"Chưa thanh toán",IF(N($Q15)<$P15,"Thanh toán một phần","Đã thanh toán"))) | T15: =IF(OR($C15="",$J15=""),"",N($I15)*$J15) | U15: =IF(OR($C15="",$T15=""),"",$L15-$T15) | V15: =IF(OR($U15="",$L15=0),"",$U15/$L15) | X15: =IF($C15="","",IF(AND($H15="",N($I15)=0,N($K15)=0),"Dòng chỉ lưu thông tin khách (chưa có đơn); ",IF($B15="","Thiếu ngày đặt; ","")&IF($H15="","Thiếu tên sản phẩm; ",IF($J15="","Sản phẩm chưa có trong BẢNG GIÁ GỐC; ",""))&IF(N($I15)<=0,"Thiếu số lượng; ","")&IF(N($K15)<=0,"Thiếu giá bán; ","")&IF(AND($N15>0,$F15=""),"Khách lấy VAT thiếu mã số thuế; ","")&IF(N($Q15)>$P15,"Đã thu vượt tổng phải thu; ","")&IF(AND($L15>0,$U15<0),"CẢNH BÁO: ĐƠN NÀY ĐANG LỖ; ",""))) | Y15: =IF(AND($C15<>"",$R15>0),COUNTIFS($C$6:$C15,"<>",$R$6:$R15,">0"),"") | Z15: =IF(AND($H15<>"",N($N15)>0),COUNTIFS($H$6:$H15,"<>",$N$6:$N15,">0"),"") | AA15: =IF(AND($H15<>"",N($N15)=0),COUNTIFS($H$6:$H15,"<>",$N$6:$N15,"<=0"),"") | AB15: =IF($C15="","",IF(COUNTIF($C$6:$C15,$C15)>1,"",MAX($AB$5:AB14)+1)) | AC15: =IF($H15="","",IF(COUNTIF($H$6:$H15,$H15)>1,"",MAX($AC$5:AC14)+1))
A16: =IF($C16="","",COUNTA($C$6:$C16)) | J16: =IF($H16="","",IFERROR(VLOOKUP($H16,'BẢNG GIÁ GỐC'!$A$5:$D$204,3,FALSE()),"")) | L16: =IF($C16="","",N($I16)*N($K16)) | N16: =IF($C16="","",IF($M16="VAT 5%",0.05,IF($M16="VAT 8%",0.08,IF($M16="VAT 10%",0.1,0)))) | O16: =IF($C16="","",$L16*$N16) | P16: =IF($C16="","",$L16+$O16) | R16: =IF($C16="","",MAX(0,$P16-N($Q16))) | S16: =IF(OR($C16="",$P16=0),"",IF(N($Q16)<=0,"Chưa thanh toán",IF(N($Q16)<$P16,"Thanh toán một phần","Đã thanh toán"))) | T16: =IF(OR($C16="",$J16=""),"",N($I16)*$J16) | U16: =IF(OR($C16="",$T16=""),"",$L16-$T16) | V16: =IF(OR($U16="",$L16=0),"",$U16/$L16) | X16: =IF($C16="","",IF(AND($H16="",N($I16)=0,N($K16)=0),"Dòng chỉ lưu thông tin khách (chưa có đơn); ",IF($B16="","Thiếu ngày đặt; ","")&IF($H16="","Thiếu tên sản phẩm; ",IF($J16="","Sản phẩm chưa có trong BẢNG GIÁ GỐC; ",""))&IF(N($I16)<=0,"Thiếu số lượng; ","")&IF(N($K16)<=0,"Thiếu giá bán; ","")&IF(AND($N16>0,$F16=""),"Khách lấy VAT thiếu mã số thuế; ","")&IF(N($Q16)>$P16,"Đã thu vượt tổng phải thu; ","")&IF(AND($L16>0,$U16<0),"CẢNH BÁO: ĐƠN NÀY ĐANG LỖ; ",""))) | Y16: =IF(AND($C16<>"",$R16>0),COUNTIFS($C$6:$C16,"<>",$R$6:$R16,">0"),"") | Z16: =IF(AND($H16<>"",N($N16)>0),COUNTIFS($H$6:$H16,"<>",$N$6:$N16,">0"),"") | AA16: =IF(AND($H16<>"",N($N16)=0),COUNTIFS($H$6:$H16,"<>",$N$6:$N16,"<=0"),"") | AB16: =IF($C16="","",IF(COUNTIF($C$6:$C16,$C16)>1,"",MAX($AB$5:AB15)+1)) | AC16: =IF($H16="","",IF(COUNTIF($H$6:$H16,$H16)>1,"",MAX($AC$5:AC15)+1))
A17: =IF($C17="","",COUNTA($C$6:$C17)) | J17: =IF($H17="","",IFERROR(VLOOKUP($H17,'BẢNG GIÁ GỐC'!$A$5:$D$204,3,FALSE()),"")) | L17: =IF($C17="","",N($I17)*N($K17)) | N17: =IF($C17="","",IF($M17="VAT 5%",0.05,IF($M17="VAT 8%",0.08,IF($M17="VAT 10%",0.1,0)))) | O17: =IF($C17="","",$L17*$N17) | P17: =IF($C17="","",$L17+$O17) | R17: =IF($C17="","",MAX(0,$P17-N($Q17))) | S17: =IF(OR($C17="",$P17=0),"",IF(N($Q17)<=0,"Chưa thanh toán",IF(N($Q17)<$P17,"Thanh toán một phần","Đã thanh toán"))) | T17: =IF(OR($C17="",$J17=""),"",N($I17)*$J17) | U17: =IF(OR($C17="",$T17=""),"",$L17-$T17) | V17: =IF(OR($U17="",$L17=0),"",$U17/$L17) | X17: =IF($C17="","",IF(AND($H17="",N($I17)=0,N($K17)=0),"Dòng chỉ lưu thông tin khách (chưa có đơn); ",IF($B17="","Thiếu ngày đặt; ","")&IF($H17="","Thiếu tên sản phẩm; ",IF($J17="","Sản phẩm chưa có trong BẢNG GIÁ GỐC; ",""))&IF(N($I17)<=0,"Thiếu số lượng; ","")&IF(N($K17)<=0,"Thiếu giá bán; ","")&IF(AND($N17>0,$F17=""),"Khách lấy VAT thiếu mã số thuế; ","")&IF(N($Q17)>$P17,"Đã thu vượt tổng phải thu; ","")&IF(AND($L17>0,$U17<0),"CẢNH BÁO: ĐƠN NÀY ĐANG LỖ; ",""))) | Y17: =IF(AND($C17<>"",$R17>0),COUNTIFS($C$6:$C17,"<>",$R$6:$R17,">0"),"") | Z17: =IF(AND($H17<>"",N($N17)>0),COUNTIFS($H$6:$H17,"<>",$N$6:$N17,">0"),"") | AA17: =IF(AND($H17<>"",N($N17)=0),COUNTIFS($H$6:$H17,"<>",$N$6:$N17,"<=0"),"") | AB17: =IF($C17="","",IF(COUNTIF($C$6:$C17,$C17)>1,"",MAX($AB$5:AB16)+1)) | AC17: =IF($H17="","",IF(COUNTIF($H$6:$H17,$H17)>1,"",MAX($AC$5:AC16)+1))
A18: =IF($C18="","",COUNTA($C$6:$C18)) | J18: =IF($H18="","",IFERROR(VLOOKUP($H18,'BẢNG GIÁ GỐC'!$A$5:$D$204,3,FALSE()),"")) | L18: =IF($C18="","",N($I18)*N($K18)) | N18: =IF($C18="","",IF($M18="VAT 5%",0.05,IF($M18="VAT 8%",0.08,IF($M18="VAT 10%",0.1,0)))) | O18: =IF($C18="","",$L18*$N18) | P18: =IF($C18="","",$L18+$O18) | R18: =IF($C18="","",MAX(0,$P18-N($Q18))) | S18: =IF(OR($C18="",$P18=0),"",IF(N($Q18)<=0,"Chưa thanh toán",IF(N($Q18)<$P18,"Thanh toán một phần","Đã thanh toán"))) | T18: =IF(OR($C18="",$J18=""),"",N($I18)*$J18) | U18: =IF(OR($C18="",$T18=""),"",$L18-$T18) | V18: =IF(OR($U18="",$L18=0),"",$U18/$L18) | X18: =IF($C18="","",IF(AND($H18="",N($I18)=0,N($K18)=0),"Dòng chỉ lưu thông tin khách (chưa có đơn); ",IF($B18="","Thiếu ngày đặt; ","")&IF($H18="","Thiếu tên sản phẩm; ",IF($J18="","Sản phẩm chưa có trong BẢNG GIÁ GỐC; ",""))&IF(N($I18)<=0,"Thiếu số lượng; ","")&IF(N($K18)<=0,"Thiếu giá bán; ","")&IF(AND($N18>0,$F18=""),"Khách lấy VAT thiếu mã số thuế; ","")&IF(N($Q18)>$P18,"Đã thu vượt tổng phải thu; ","")&IF(AND($L18>0,$U18<0),"CẢNH BÁO: ĐƠN NÀY ĐANG LỖ; ",""))) | Y18: =IF(AND($C18<>"",$R18>0),COUNTIFS($C$6:$C18,"<>",$R$6:$R18,">0"),"") | Z18: =IF(AND($H18<>"",N($N18)>0),COUNTIFS($H$6:$H18,"<>",$N$6:$N18,">0"),"") | AA18: =IF(AND($H18<>"",N($N18)=0),COUNTIFS($H$6:$H18,"<>",$N$6:$N18,"<=0"),"") | AB18: =IF($C18="","",IF(COUNTIF($C$6:$C18,$C18)>1,"",MAX($AB$5:AB17)+1)) | AC18: =IF($H18="","",IF(COUNTIF($H$6:$H18,$H18)>1,"",MAX($AC$5:AC17)+1))
A19: =IF($C19="","",COUNTA($C$6:$C19)) | J19: =IF($H19="","",IFERROR(VLOOKUP($H19,'BẢNG GIÁ GỐC'!$A$5:$D$204,3,FALSE()),"")) | L19: =IF($C19="","",N($I19)*N($K19)) | N19: =IF($C19="","",IF($M19="VAT 5%",0.05,IF($M19="VAT 8%",0.08,IF($M19="VAT 10%",0.1,0)))) | O19: =IF($C19="","",$L19*$N19) | P19: =IF($C19="","",$L19+$O19) | R19: =IF($C19="","",MAX(0,$P19-N($Q19))) | S19: =IF(OR($C19="",$P19=0),"",IF(N($Q19)<=0,"Chưa thanh toán",IF(N($Q19)<$P19,"Thanh toán một phần","Đã thanh toán"))) | T19: =IF(OR($C19="",$J19=""),"",N($I19)*$J19) | U19: =IF(OR($C19="",$T19=""),"",$L19-$T19) | V19: =IF(OR($U19="",$L19=0),"",$U19/$L19) | X19: =IF($C19="","",IF(AND($H19="",N($I19)=0,N($K19)=0),"Dòng chỉ lưu thông tin khách (chưa có đơn); ",IF($B19="","Thiếu ngày đặt; ","")&IF($H19="","Thiếu tên sản phẩm; ",IF($J19="","Sản phẩm chưa có trong BẢNG GIÁ GỐC; ",""))&IF(N($I19)<=0,"Thiếu số lượng; ","")&IF(N($K19)<=0,"Thiếu giá bán; ","")&IF(AND($N19>0,$F19=""),"Khách lấy VAT thiếu mã số thuế; ","")&IF(N($Q19)>$P19,"Đã thu vượt tổng phải thu; ","")&IF(AND($L19>0,$U19<0),"CẢNH BÁO: ĐƠN NÀY ĐANG LỖ; ",""))) | Y19: =IF(AND($C19<>"",$R19>0),COUNTIFS($C$6:$C19,"<>",$R$6:$R19,">0"),"") | Z19: =IF(AND($H19<>"",N($N19)>0),COUNTIFS($H$6:$H19,"<>",$N$6:$N19,">0"),"") | AA19: =IF(AND($H19<>"",N($N19)=0),COUNTIFS($H$6:$H19,"<>",$N$6:$N19,"<=0"),"") | AB19: =IF($C19="","",IF(COUNTIF($C$6:$C19,$C19)>1,"",MAX($AB$5:AB18)+1)) | AC19: =IF($H19="","",IF(COUNTIF($H$6:$H19,$H19)>1,"",MAX($AC$5:AC18)+1))
A20: =IF($C20="","",COUNTA($C$6:$C20)) | J20: =IF($H20="","",IFERROR(VLOOKUP($H20,'BẢNG GIÁ GỐC'!$A$5:$D$204,3,FALSE()),"")) | L20: =IF($C20="","",N($I20)*N($K20)) | N20: =IF($C20="","",IF($M20="VAT 5%",0.05,IF($M20="VAT 8%",0.08,IF($M20="VAT 10%",0.1,0)))) | O20: =IF($C20="","",$L20*$N20) | P20: =IF($C20="","",$L20+$O20) | R20: =IF($C20="","",MAX(0,$P20-N($Q20))) | S20: =IF(OR($C20="",$P20=0),"",IF(N($Q20)<=0,"Chưa thanh toán",IF(N($Q20)<$P20,"Thanh toán một phần","Đã thanh toán"))) | T20: =IF(OR($C20="",$J20=""),"",N($I20)*$J20) | U20: =IF(OR($C20="",$T20=""),"",$L20-$T20) | V20: =IF(OR($U20="",$L20=0),"",$U20/$L20) | X20: =IF($C20="","",IF(AND($H20="",N($I20)=0,N($K20)=0),"Dòng chỉ lưu thông tin khách (chưa có đơn); ",IF($B20="","Thiếu ngày đặt; ","")&IF($H20="","Thiếu tên sản phẩm; ",IF($J20="","Sản phẩm chưa có trong BẢNG GIÁ GỐC; ",""))&IF(N($I20)<=0,"Thiếu số lượng; ","")&IF(N($K20)<=0,"Thiếu giá bán; ","")&IF(AND($N20>0,$F20=""),"Khách lấy VAT thiếu mã số thuế; ","")&IF(N($Q20)>$P20,"Đã thu vượt tổng phải thu; ","")&IF(AND($L20>0,$U20<0),"CẢNH BÁO: ĐƠN NÀY ĐANG LỖ; ",""))) | Y20: =IF(AND($C20<>"",$R20>0),COUNTIFS($C$6:$C20,"<>",$R$6:$R20,">0"),"") | Z20: =IF(AND($H20<>"",N($N20)>0),COUNTIFS($H$6:$H20,"<>",$N$6:$N20,">0"),"") | AA20: =IF(AND($H20<>"",N($N20)=0),COUNTIFS($H$6:$H20,"<>",$N$6:$N20,"<=0"),"") | AB20: =IF($C20="","",IF(COUNTIF($C$6:$C20,$C20)>1,"",MAX($AB$5:AB19)+1)) | AC20: =IF($H20="","",IF(COUNTIF($H$6:$H20,$H20)>1,"",MAX($AC$5:AC19)+1))
A21: =IF($C21="","",COUNTA($C$6:$C21)) | J21: =IF($H21="","",IFERROR(VLOOKUP($H21,'BẢNG GIÁ GỐC'!$A$5:$D$204,3,FALSE()),"")) | L21: =IF($C21="","",N($I21)*N($K21)) | N21: =IF($C21="","",IF($M21="VAT 5%",0.05,IF($M21="VAT 8%",0.08,IF($M21="VAT 10%",0.1,0)))) | O21: =IF($C21="","",$L21*$N21) | P21: =IF($C21="","",$L21+$O21) | R21: =IF($C21="","",MAX(0,$P21-N($Q21))) | S21: =IF(OR($C21="",$P21=0),"",IF(N($Q21)<=0,"Chưa thanh toán",IF(N($Q21)<$P21,"Thanh toán một phần","Đã thanh toán"))) | T21: =IF(OR($C21="",$J21=""),"",N($I21)*$J21) | U21: =IF(OR($C21="",$T21=""),"",$L21-$T21) | V21: =IF(OR($U21="",$L21=0),"",$U21/$L21) | X21: =IF($C21="","",IF(AND($H21="",N($I21)=0,N($K21)=0),"Dòng chỉ lưu thông tin khách (chưa có đơn); ",IF($B21="","Thiếu ngày đặt; ","")&IF($H21="","Thiếu tên sản phẩm; ",IF($J21="","Sản phẩm chưa có trong BẢNG GIÁ GỐC; ",""))&IF(N($I21)<=0,"Thiếu số lượng; ","")&IF(N($K21)<=0,"Thiếu giá bán; ","")&IF(AND($N21>0,$F21=""),"Khách lấy VAT thiếu mã số thuế; ","")&IF(N($Q21)>$P21,"Đã thu vượt tổng phải thu; ","")&IF(AND($L21>0,$U21<0),"CẢNH BÁO: ĐƠN NÀY ĐANG LỖ; ",""))) | Y21: =IF(AND($C21<>"",$R21>0),COUNTIFS($C$6:$C21,"<>",$R$6:$R21,">0"),"") | Z21: =IF(AND($H21<>"",N($N21)>0),COUNTIFS($H$6:$H21,"<>",$N$6:$N21,">0"),"") | AA21: =IF(AND($H21<>"",N($N21)=0),COUNTIFS($H$6:$H21,"<>",$N$6:$N21,"<=0"),"") | AB21: =IF($C21="","",IF(COUNTIF($C$6:$C21,$C21)>1,"",MAX($AB$5:AB20)+1)) | AC21: =IF($H21="","",IF(COUNTIF($H$6:$H21,$H21)>1,"",MAX($AC$5:AC20)+1))
A22: =IF($C22="","",COUNTA($C$6:$C22)) | J22: =IF($H22="","",IFERROR(VLOOKUP($H22,'BẢNG GIÁ GỐC'!$A$5:$D$204,3,FALSE()),"")) | L22: =IF($C22="","",N($I22)*N($K22)) | N22: =IF($C22="","",IF($M22="VAT 5%",0.05,IF($M22="VAT 8%",0.08,IF($M22="VAT 10%",0.1,0)))) | O22: =IF($C22="","",$L22*$N22) | P22: =IF($C22="","",$L22+$O22) | R22: =IF($C22="","",MAX(0,$P22-N($Q22))) | S22: =IF(OR($C22="",$P22=0),"",IF(N($Q22)<=0,"Chưa thanh toán",IF(N($Q22)<$P22,"Thanh toán một phần","Đã thanh toán"))) | T22: =IF(OR($C22="",$J22=""),"",N($I22)*$J22) | U22: =IF(OR($C22="",$T22=""),"",$L22-$T22) | V22: =IF(OR($U22="",$L22=0),"",$U22/$L22) | X22: =IF($C22="","",IF(AND($H22="",N($I22)=0,N($K22)=0),"Dòng chỉ lưu thông tin khách (chưa có đơn); ",IF($B22="","Thiếu ngày đặt; ","")&IF($H22="","Thiếu tên sản phẩm; ",IF($J22="","Sản phẩm chưa có trong BẢNG GIÁ GỐC; ",""))&IF(N($I22)<=0,"Thiếu số lượng; ","")&IF(N($K22)<=0,"Thiếu giá bán; ","")&IF(AND($N22>0,$F22=""),"Khách lấy VAT thiếu mã số thuế; ","")&IF(N($Q22)>$P22,"Đã thu vượt tổng phải thu; ","")&IF(AND($L22>0,$U22<0),"CẢNH BÁO: ĐƠN NÀY ĐANG LỖ; ",""))) | Y22: =IF(AND($C22<>"",$R22>0),COUNTIFS($C$6:$C22,"<>",$R$6:$R22,">0"),"") | Z22: =IF(AND($H22<>"",N($N22)>0),COUNTIFS($H$6:$H22,"<>",$N$6:$N22,">0"),"") | AA22: =IF(AND($H22<>"",N($N22)=0),COUNTIFS($H$6:$H22,"<>",$N$6:$N22,"<=0"),"") | AB22: =IF($C22="","",IF(COUNTIF($C$6:$C22,$C22)>1,"",MAX($AB$5:AB21)+1)) | AC22: =IF($H22="","",IF(COUNTIF($H$6:$H22,$H22)>1,"",MAX($AC$5:AC21)+1))
A23: =IF($C23="","",COUNTA($C$6:$C23)) | J23: =IF($H23="","",IFERROR(VLOOKUP($H23,'BẢNG GIÁ GỐC'!$A$5:$D$204,3,FALSE()),"")) | L23: =IF($C23="","",N($I23)*N($K23)) | N23: =IF($C23="","",IF($M23="VAT 5%",0.05,IF($M23="VAT 8%",0.08,IF($M23="VAT 10%",0.1,0)))) | O23: =IF($C23="","",$L23*$N23) | P23: =IF($C23="","",$L23+$O23) | R23: =IF($C23="","",MAX(0,$P23-N($Q23))) | S23: =IF(OR($C23="",$P23=0),"",IF(N($Q23)<=0,"Chưa thanh toán",IF(N($Q23)<$P23,"Thanh toán một phần","Đã thanh toán"))) | T23: =IF(OR($C23="",$J23=""),"",N($I23)*$J23) | U23: =IF(OR($C23="",$T23=""),"",$L23-$T23) | V23: =IF(OR($U23="",$L23=0),"",$U23/$L23) | X23: =IF($C23="","",IF(AND($H23="",N($I23)=0,N($K23)=0),"Dòng chỉ lưu thông tin khách (chưa có đơn); ",IF($B23="","Thiếu ngày đặt; ","")&IF($H23="","Thiếu tên sản phẩm; ",IF($J23="","Sản phẩm chưa có trong BẢNG GIÁ GỐC; ",""))&IF(N($I23)<=0,"Thiếu số lượng; ","")&IF(N($K23)<=0,"Thiếu giá bán; ","")&IF(AND($N23>0,$F23=""),"Khách lấy VAT thiếu mã số thuế; ","")&IF(N($Q23)>$P23,"Đã thu vượt tổng phải thu; ","")&IF(AND($L23>0,$U23<0),"CẢNH BÁO: ĐƠN NÀY ĐANG LỖ; ",""))) | Y23: =IF(AND($C23<>"",$R23>0),COUNTIFS($C$6:$C23,"<>",$R$6:$R23,">0"),"") | Z23: =IF(AND($H23<>"",N($N23)>0),COUNTIFS($H$6:$H23,"<>",$N$6:$N23,">0"),"") | AA23: =IF(AND($H23<>"",N($N23)=0),COUNTIFS($H$6:$H23,"<>",$N$6:$N23,"<=0"),"") | AB23: =IF($C23="","",IF(COUNTIF($C$6:$C23,$C23)>1,"",MAX($AB$5:AB22)+1)) | AC23: =IF($H23="","",IF(COUNTIF($H$6:$H23,$H23)>1,"",MAX($AC$5:AC22)+1))
... A505: =IF($C505="","",COUNTA($C$6:$C505)) | J505: =IF($H505="","",IFERROR(VLOOKUP($H505,'BẢNG GIÁ GỐC'!$A$5:$D$204,3,FALSE()),"")) | L505: =IF($C505="","",N($I505)*N($K505)) | N505: =IF($C505="","",IF($M505="VAT 5%",0.05,IF($M505="VAT 8%",0.08,IF($M505="VAT 10%",0.1,0)))) | O505: =IF($C505="","",$L505*$N505) | P505: =IF($C505="","",$L505+$O505) | R505: =IF($C505="","",MAX(0,$P505-N($Q505))) | S505: =IF(OR($C505="",$P505=0),"",IF(N($Q505)<=0,"Chưa thanh toán",IF(N($Q505)<$P505,"Thanh toán một phần","Đã thanh toán"))) | T505: =IF(OR($C505="",$J505=""),"",N($I505)*$J505) | U505: =IF(OR($C505="",$T505=""),"",$L505-$T505) | V505: =IF(OR($U505="",$L505=0),"",$U505/$L505) | X505: =IF($C505="","",IF(AND($H505="",N($I505)=0,N($K505)=0),"Dòng chỉ lưu thông tin khách (chưa có đơn); ",IF($B505="","Thiếu ngày đặt; ","")&IF($H505="","Thiếu tên sản phẩm; ",IF($J505="","Sản phẩm chưa có trong BẢNG GIÁ GỐC; ",""))&IF(N($I505)<=0,"Thiếu số lượng; ","")&IF(N($K505)<=0,"Thiếu giá bán; ","")&IF(AND($N505>0,$F505=""),"Khách lấy VAT thiếu mã số thuế; ","")&IF(N($Q505)>$P505,"Đã thu vượt tổng phải thu; ","")&IF(AND($L505>0,$U505<0),"CẢNH BÁO: ĐƠN NÀY ĐANG LỖ; ",""))) | Y505: =IF(AND($C505<>"",$R505>0),COUNTIFS($C$6:$C505,"<>",$R$6:$R505,">0"),"") | Z505: =IF(AND($H505<>"",N($N505)>0),COUNTIFS($H$6:$H505,"<>",$N$6:$N505,">0"),"") | AA505: =IF(AND($H505<>"",N($N505)=0),COUNTIFS($H$6:$H505,"<>",$N$6:$N505,"<=0"),"") | AB505: =IF($C505="","",IF(COUNTIF($C$6:$C505,$C505)>1,"",MAX($AB$5:AB504)+1)) | AC505: =IF($H505="","",IF(COUNTIF($H$6:$H505,$H505)>1,"",MAX($AC$5:AC504)+1))

Sheet BÁO CÁO DOANH THU
A1: BÁO CÁO DOANH THU THEO THÁNG (TỰ ĐỘNG)
A2: Toàn bộ số liệu lấy từ sheet NHẬP ĐƠN HÀNG. Chỉ được sửa ô NĂM màu vàng.
A3: NĂM: | B3: 2026 | C3: ← đổi năm ở ô vàng này, cả bảng tự cập nhật
A5: THÁNG | B5: SỐ ĐƠN | C5: TIỀN HÀNG (đ) | D5: TIỀN VAT (đ) | E5: TỔNG PHẢI THU (đ) | F5: ĐÃ THU (đ) | G5: CÒN NỢ (đ) | H5: TỔNG VỐN (đ) | I5: LÃI / LỖ (đ) | J5: % LÃI
A6: =DATE($B$3,$M6,1) -> 46023 | B6: =COUNTIFS('NHẬP ĐƠN HÀNG'!$B$6:$B$505,">="&$A6,'NHẬP ĐƠN HÀNG'!$B$6:$B$505,"<"&DATE($B$3,$M6+1,1),'NHẬP ĐƠN HÀNG'!$C$6:$C$505,"<>") -> 0 | C6: =SUMIFS('NHẬP ĐƠN HÀNG'!$L$6:$L$505,'NHẬP ĐƠN HÀNG'!$B$6:$B$505,">="&$A6,'NHẬP ĐƠN HÀNG'!$B$6:$B$505,"<"&DATE($B$3,$M6+1,1)) -> 0 | D6: =SUMIFS('NHẬP ĐƠN HÀNG'!$O$6:$O$505,'NHẬP ĐƠN HÀNG'!$B$6:$B$505,">="&$A6,'NHẬP ĐƠN HÀNG'!$B$6:$B$505,"<"&DATE($B$3,$M6+1,1)) -> 0 | E6: =SUMIFS('NHẬP ĐƠN HÀNG'!$P$6:$P$505,'NHẬP ĐƠN HÀNG'!$B$6:$B$505,">="&$A6,'NHẬP ĐƠN HÀNG'!$B$6:$B$505,"<"&DATE($B$3,$M6+1,1)) -> 0 | F6: =SUMIFS('NHẬP ĐƠN HÀNG'!$Q$6:$Q$505,'NHẬP ĐƠN HÀNG'!$B$6:$B$505,">="&$A6,'NHẬP ĐƠN HÀNG'!$B$6:$B$505,"<"&DATE($B$3,$M6+1,1)) -> 0 | G6: =SUMIFS('NHẬP ĐƠN HÀNG'!$R$6:$R$505,'NHẬP ĐƠN HÀNG'!$B$6:$B$505,">="&$A6,'NHẬP ĐƠN HÀNG'!$B$6:$B$505,"<"&DATE($B$3,$M6+1,1)) -> 0 | H6: =SUMIFS('NHẬP ĐƠN HÀNG'!$T$6:$T$505,'NHẬP ĐƠN HÀNG'!$B$6:$B$505,">="&$A6,'NHẬP ĐƠN HÀNG'!$B$6:$B$505,"<"&DATE($B$3,$M6+1,1)) -> 0 | I6: =SUMIFS('NHẬP ĐƠN HÀNG'!$U$6:$U$505,'NHẬP ĐƠN HÀNG'!$B$6:$B$505,">="&$A6,'NHẬP ĐƠN HÀNG'!$B$6:$B$505,"<"&DATE($B$3,$M6+1,1)) -> 0 | J6: =IF($C6=0,"",$I6/$C6) | M6: 1
A7: =DATE($B$3,$M7,1) -> 46054 | B7: =COUNTIFS('NHẬP ĐƠN HÀNG'!$B$6:$B$505,">="&$A7,'NHẬP ĐƠN HÀNG'!$B$6:$B$505,"<"&DATE($B$3,$M7+1,1),'NHẬP ĐƠN HÀNG'!$C$6:$C$505,"<>") -> 0 | C7: =SUMIFS('NHẬP ĐƠN HÀNG'!$L$6:$L$505,'NHẬP ĐƠN HÀNG'!$B$6:$B$505,">="&$A7,'NHẬP ĐƠN HÀNG'!$B$6:$B$505,"<"&DATE($B$3,$M7+1,1)) -> 0 | D7: =SUMIFS('NHẬP ĐƠN HÀNG'!$O$6:$O$505,'NHẬP ĐƠN HÀNG'!$B$6:$B$505,">="&$A7,'NHẬP ĐƠN HÀNG'!$B$6:$B$505,"<"&DATE($B$3,$M7+1,1)) -> 0 | E7: =SUMIFS('NHẬP ĐƠN HÀNG'!$P$6:$P$505,'NHẬP ĐƠN HÀNG'!$B$6:$B$505,">="&$A7,'NHẬP ĐƠN HÀNG'!$B$6:$B$505,"<"&DATE($B$3,$M7+1,1)) -> 0 | F7: =SUMIFS('NHẬP ĐƠN HÀNG'!$Q$6:$Q$505,'NHẬP ĐƠN HÀNG'!$B$6:$B$505,">="&$A7,'NHẬP ĐƠN HÀNG'!$B$6:$B$505,"<"&DATE($B$3,$M7+1,1)) -> 0 | G7: =SUMIFS('NHẬP ĐƠN HÀNG'!$R$6:$R$505,'NHẬP ĐƠN HÀNG'!$B$6:$B$505,">="&$A7,'NHẬP ĐƠN HÀNG'!$B$6:$B$505,"<"&DATE($B$3,$M7+1,1)) -> 0 | H7: =SUMIFS('NHẬP ĐƠN HÀNG'!$T$6:$T$505,'NHẬP ĐƠN HÀNG'!$B$6:$B$505,">="&$A7,'NHẬP ĐƠN HÀNG'!$B$6:$B$505,"<"&DATE($B$3,$M7+1,1)) -> 0 | I7: =SUMIFS('NHẬP ĐƠN HÀNG'!$U$6:$U$505,'NHẬP ĐƠN HÀNG'!$B$6:$B$505,">="&$A7,'NHẬP ĐƠN HÀNG'!$B$6:$B$505,"<"&DATE($B$3,$M7+1,1)) -> 0 | J7: =IF($C7=0,"",$I7/$C7) | M7: 2
A8: =DATE($B$3,$M8,1) -> 46082 | B8: =COUNTIFS('NHẬP ĐƠN HÀNG'!$B$6:$B$505,">="&$A8,'NHẬP ĐƠN HÀNG'!$B$6:$B$505,"<"&DATE($B$3,$M8+1,1),'NHẬP ĐƠN HÀNG'!$C$6:$C$505,"<>") -> 0 | C8: =SUMIFS('NHẬP ĐƠN HÀNG'!$L$6:$L$505,'NHẬP ĐƠN HÀNG'!$B$6:$B$505,">="&$A8,'NHẬP ĐƠN HÀNG'!$B$6:$B$505,"<"&DATE($B$3,$M8+1,1)) -> 0 | D8: =SUMIFS('NHẬP ĐƠN HÀNG'!$O$6:$O$505,'NHẬP ĐƠN HÀNG'!$B$6:$B$505,">="&$A8,'NHẬP ĐƠN HÀNG'!$B$6:$B$505,"<"&DATE($B$3,$M8+1,1)) -> 0 | E8: =SUMIFS('NHẬP ĐƠN HÀNG'!$P$6:$P$505,'NHẬP ĐƠN HÀNG'!$B$6:$B$505,">="&$A8,'NHẬP ĐƠN HÀNG'!$B$6:$B$505,"<"&DATE($B$3,$M8+1,1)) -> 0 | F8: =SUMIFS('NHẬP ĐƠN HÀNG'!$Q$6:$Q$505,'NHẬP ĐƠN HÀNG'!$B$6:$B$505,">="&$A8,'NHẬP ĐƠN HÀNG'!$B$6:$B$505,"<"&DATE($B$3,$M8+1,1)) -> 0 | G8: =SUMIFS('NHẬP ĐƠN HÀNG'!$R$6:$R$505,'NHẬP ĐƠN HÀNG'!$B$6:$B$505,">="&$A8,'NHẬP ĐƠN HÀNG'!$B$6:$B$505,"<"&DATE($B$3,$M8+1,1)) -> 0 | H8: =SUMIFS('NHẬP ĐƠN HÀNG'!$T$6:$T$505,'NHẬP ĐƠN HÀNG'!$B$6:$B$505,">="&$A8,'NHẬP ĐƠN HÀNG'!$B$6:$B$505,"<"&DATE($B$3,$M8+1,1)) -> 0 | I8: =SUMIFS('NHẬP ĐƠN HÀNG'!$U$6:$U$505,'NHẬP ĐƠN HÀNG'!$B$6:$B$505,">="&$A8,'NHẬP ĐƠN HÀNG'!$B$6:$B$505,"<"&DATE($B$3,$M8+1,1)) -> 0 | J8: =IF($C8=0,"",$I8/$C8) | M8: 3
A9: =DATE($B$3,$M9,1) -> 46113 | B9: =COUNTIFS('NHẬP ĐƠN HÀNG'!$B$6:$B$505,">="&$A9,'NHẬP ĐƠN HÀNG'!$B$6:$B$505,"<"&DATE($B$3,$M9+1,1),'NHẬP ĐƠN HÀNG'!$C$6:$C$505,"<>") -> 0 | C9: =SUMIFS('NHẬP ĐƠN HÀNG'!$L$6:$L$505,'NHẬP ĐƠN HÀNG'!$B$6:$B$505,">="&$A9,'NHẬP ĐƠN HÀNG'!$B$6:$B$505,"<"&DATE($B$3,$M9+1,1)) -> 0 | D9: =SUMIFS('NHẬP ĐƠN HÀNG'!$O$6:$O$505,'NHẬP ĐƠN HÀNG'!$B$6:$B$505,">="&$A9,'NHẬP ĐƠN HÀNG'!$B$6:$B$505,"<"&DATE($B$3,$M9+1,1)) -> 0 | E9: =SUMIFS('NHẬP ĐƠN HÀNG'!$P$6:$P$505,'NHẬP ĐƠN HÀNG'!$B$6:$B$505,">="&$A9,'NHẬP ĐƠN HÀNG'!$B$6:$B$505,"<"&DATE($B$3,$M9+1,1)) -> 0 | F9: =SUMIFS('NHẬP ĐƠN HÀNG'!$Q$6:$Q$505,'NHẬP ĐƠN HÀNG'!$B$6:$B$505,">="&$A9,'NHẬP ĐƠN HÀNG'!$B$6:$B$505,"<"&DATE($B$3,$M9+1,1)) -> 0 | G9: =SUMIFS('NHẬP ĐƠN HÀNG'!$R$6:$R$505,'NHẬP ĐƠN HÀNG'!$B$6:$B$505,">="&$A9,'NHẬP ĐƠN HÀNG'!$B$6:$B$505,"<"&DATE($B$3,$M9+1,1)) -> 0 | H9: =SUMIFS('NHẬP ĐƠN HÀNG'!$T$6:$T$505,'NHẬP ĐƠN HÀNG'!$B$6:$B$505,">="&$A9,'NHẬP ĐƠN HÀNG'!$B$6:$B$505,"<"&DATE($B$3,$M9+1,1)) -> 0 | I9: =SUMIFS('NHẬP ĐƠN HÀNG'!$U$6:$U$505,'NHẬP ĐƠN HÀNG'!$B$6:$B$505,">="&$A9,'NHẬP ĐƠN HÀNG'!$B$6:$B$505,"<"&DATE($B$3,$M9+1,1)) -> 0 | J9: =IF($C9=0,"",$I9/$C9) | M9: 4
A10: =DATE($B$3,$M10,1) -> 46143 | B10: =COUNTIFS('NHẬP ĐƠN HÀNG'!$B$6:$B$505,">="&$A10,'NHẬP ĐƠN HÀNG'!$B$6:$B$505,"<"&DATE($B$3,$M10+1,1),'NHẬP ĐƠN HÀNG'!$C$6:$C$505,"<>") -> 0 | C10: =SUMIFS('NHẬP ĐƠN HÀNG'!$L$6:$L$505,'NHẬP ĐƠN HÀNG'!$B$6:$B$505,">="&$A10,'NHẬP ĐƠN HÀNG'!$B$6:$B$505,"<"&DATE($B$3,$M10+1,1)) -> 0 | D10: =SUMIFS('NHẬP ĐƠN HÀNG'!$O$6:$O$505,'NHẬP ĐƠN HÀNG'!$B$6:$B$505,">="&$A10,'NHẬP ĐƠN HÀNG'!$B$6:$B$505,"<"&DATE($B$3,$M10+1,1)) -> 0 | E10: =SUMIFS('NHẬP ĐƠN HÀNG'!$P$6:$P$505,'NHẬP ĐƠN HÀNG'!$B$6:$B$505,">="&$A10,'NHẬP ĐƠN HÀNG'!$B$6:$B$505,"<"&DATE($B$3,$M10+1,1)) -> 0 | F10: =SUMIFS('NHẬP ĐƠN HÀNG'!$Q$6:$Q$505,'NHẬP ĐƠN HÀNG'!$B$6:$B$505,">="&$A10,'NHẬP ĐƠN HÀNG'!$B$6:$B$505,"<"&DATE($B$3,$M10+1,1)) -> 0 | G10: =SUMIFS('NHẬP ĐƠN HÀNG'!$R$6:$R$505,'NHẬP ĐƠN HÀNG'!$B$6:$B$505,">="&$A10,'NHẬP ĐƠN HÀNG'!$B$6:$B$505,"<"&DATE($B$3,$M10+1,1)) -> 0 | H10: =SUMIFS('NHẬP ĐƠN HÀNG'!$T$6:$T$505,'NHẬP ĐƠN HÀNG'!$B$6:$B$505,">="&$A10,'NHẬP ĐƠN HÀNG'!$B$6:$B$505,"<"&DATE($B$3,$M10+1,1)) -> 0 | I10: =SUMIFS('NHẬP ĐƠN HÀNG'!$U$6:$U$505,'NHẬP ĐƠN HÀNG'!$B$6:$B$505,">="&$A10,'NHẬP ĐƠN HÀNG'!$B$6:$B$505,"<"&DATE($B$3,$M10+1,1)) -> 0 | J10: =IF($C10=0,"",$I10/$C10) | M10: 5
A11: =DATE($B$3,$M11,1) -> 46174 | B11: =COUNTIFS('NHẬP ĐƠN HÀNG'!$B$6:$B$505,">="&$A11,'NHẬP ĐƠN HÀNG'!$B$6:$B$505,"<"&DATE($B$3,$M11+1,1),'NHẬP ĐƠN HÀNG'!$C$6:$C$505,"<>") -> 0 | C11: =SUMIFS('NHẬP ĐƠN HÀNG'!$L$6:$L$505,'NHẬP ĐƠN HÀNG'!$B$6:$B$505,">="&$A11,'NHẬP ĐƠN HÀNG'!$B$6:$B$505,"<"&DATE($B$3,$M11+1,1)) -> 0 | D11: =SUMIFS('NHẬP ĐƠN HÀNG'!$O$6:$O$505,'NHẬP ĐƠN HÀNG'!$B$6:$B$505,">="&$A11,'NHẬP ĐƠN HÀNG'!$B$6:$B$505,"<"&DATE($B$3,$M11+1,1)) -> 0 | E11: =SUMIFS('NHẬP ĐƠN HÀNG'!$P$6:$P$505,'NHẬP ĐƠN HÀNG'!$B$6:$B$505,">="&$A11,'NHẬP ĐƠN HÀNG'!$B$6:$B$505,"<"&DATE($B$3,$M11+1,1)) -> 0 | F11: =SUMIFS('NHẬP ĐƠN HÀNG'!$Q$6:$Q$505,'NHẬP ĐƠN HÀNG'!$B$6:$B$505,">="&$A11,'NHẬP ĐƠN HÀNG'!$B$6:$B$505,"<"&DATE($B$3,$M11+1,1)) -> 0 | G11: =SUMIFS('NHẬP ĐƠN HÀNG'!$R$6:$R$505,'NHẬP ĐƠN HÀNG'!$B$6:$B$505,">="&$A11,'NHẬP ĐƠN HÀNG'!$B$6:$B$505,"<"&DATE($B$3,$M11+1,1)) -> 0 | H11: =SUMIFS('NHẬP ĐƠN HÀNG'!$T$6:$T$505,'NHẬP ĐƠN HÀNG'!$B$6:$B$505,">="&$A11,'NHẬP ĐƠN HÀNG'!$B$6:$B$505,"<"&DATE($B$3,$M11+1,1)) -> 0 | I11: =SUMIFS('NHẬP ĐƠN HÀNG'!$U$6:$U$505,'NHẬP ĐƠN HÀNG'!$B$6:$B$505,">="&$A11,'NHẬP ĐƠN HÀNG'!$B$6:$B$505,"<"&DATE($B$3,$M11+1,1)) -> 0 | J11: =IF($C11=0,"",$I11/$C11) | M11: 6
A12: =DATE($B$3,$M12,1) -> 46204 | B12: =COUNTIFS('NHẬP ĐƠN HÀNG'!$B$6:$B$505,">="&$A12,'NHẬP ĐƠN HÀNG'!$B$6:$B$505,"<"&DATE($B$3,$M12+1,1),'NHẬP ĐƠN HÀNG'!$C$6:$C$505,"<>") -> 3 | C12: =SUMIFS('NHẬP ĐƠN HÀNG'!$L$6:$L$505,'NHẬP ĐƠN HÀNG'!$B$6:$B$505,">="&$A12,'NHẬP ĐƠN HÀNG'!$B$6:$B$505,"<"&DATE($B$3,$M12+1,1)) -> 14160000 | D12: =SUMIFS('NHẬP ĐƠN HÀNG'!$O$6:$O$505,'NHẬP ĐƠN HÀNG'!$B$6:$B$505,">="&$A12,'NHẬP ĐƠN HÀNG'!$B$6:$B$505,"<"&DATE($B$3,$M12+1,1)) -> 0 | E12: =SUMIFS('NHẬP ĐƠN HÀNG'!$P$6:$P$505,'NHẬP ĐƠN HÀNG'!$B$6:$B$505,">="&$A12,'NHẬP ĐƠN HÀNG'!$B$6:$B$505,"<"&DATE($B$3,$M12+1,1)) -> 14160000 | F12: =SUMIFS('NHẬP ĐƠN HÀNG'!$Q$6:$Q$505,'NHẬP ĐƠN HÀNG'!$B$6:$B$505,">="&$A12,'NHẬP ĐƠN HÀNG'!$B$6:$B$505,"<"&DATE($B$3,$M12+1,1)) -> 6110000 | G12: =SUMIFS('NHẬP ĐƠN HÀNG'!$R$6:$R$505,'NHẬP ĐƠN HÀNG'!$B$6:$B$505,">="&$A12,'NHẬP ĐƠN HÀNG'!$B$6:$B$505,"<"&DATE($B$3,$M12+1,1)) -> 8050000 | H12: =SUMIFS('NHẬP ĐƠN HÀNG'!$T$6:$T$505,'NHẬP ĐƠN HÀNG'!$B$6:$B$505,">="&$A12,'NHẬP ĐƠN HÀNG'!$B$6:$B$505,"<"&DATE($B$3,$M12+1,1)) -> 10150000 | I12: =SUMIFS('NHẬP ĐƠN HÀNG'!$U$6:$U$505,'NHẬP ĐƠN HÀNG'!$B$6:$B$505,">="&$A12,'NHẬP ĐƠN HÀNG'!$B$6:$B$505,"<"&DATE($B$3,$M12+1,1)) -> 4010000 | J12: =IF($C12=0,"",$I12/$C12) -> 0.28319209 | M12: 7
A13: =DATE($B$3,$M13,1) -> 46235 | B13: =COUNTIFS('NHẬP ĐƠN HÀNG'!$B$6:$B$505,">="&$A13,'NHẬP ĐƠN HÀNG'!$B$6:$B$505,"<"&DATE($B$3,$M13+1,1),'NHẬP ĐƠN HÀNG'!$C$6:$C$505,"<>") -> 0 | C13: =SUMIFS('NHẬP ĐƠN HÀNG'!$L$6:$L$505,'NHẬP ĐƠN HÀNG'!$B$6:$B$505,">="&$A13,'NHẬP ĐƠN HÀNG'!$B$6:$B$505,"<"&DATE($B$3,$M13+1,1)) -> 0 | D13: =SUMIFS('NHẬP ĐƠN HÀNG'!$O$6:$O$505,'NHẬP ĐƠN HÀNG'!$B$6:$B$505,">="&$A13,'NHẬP ĐƠN HÀNG'!$B$6:$B$505,"<"&DATE($B$3,$M13+1,1)) -> 0 | E13: =SUMIFS('NHẬP ĐƠN HÀNG'!$P$6:$P$505,'NHẬP ĐƠN HÀNG'!$B$6:$B$505,">="&$A13,'NHẬP ĐƠN HÀNG'!$B$6:$B$505,"<"&DATE($B$3,$M13+1,1)) -> 0 | F13: =SUMIFS('NHẬP ĐƠN HÀNG'!$Q$6:$Q$505,'NHẬP ĐƠN HÀNG'!$B$6:$B$505,">="&$A13,'NHẬP ĐƠN HÀNG'!$B$6:$B$505,"<"&DATE($B$3,$M13+1,1)) -> 0 | G13: =SUMIFS('NHẬP ĐƠN HÀNG'!$R$6:$R$505,'NHẬP ĐƠN HÀNG'!$B$6:$B$505,">="&$A13,'NHẬP ĐƠN HÀNG'!$B$6:$B$505,"<"&DATE($B$3,$M13+1,1)) -> 0 | H13: =SUMIFS('NHẬP ĐƠN HÀNG'!$T$6:$T$505,'NHẬP ĐƠN HÀNG'!$B$6:$B$505,">="&$A13,'NHẬP ĐƠN HÀNG'!$B$6:$B$505,"<"&DATE($B$3,$M13+1,1)) -> 0 | I13: =SUMIFS('NHẬP ĐƠN HÀNG'!$U$6:$U$505,'NHẬP ĐƠN HÀNG'!$B$6:$B$505,">="&$A13,'NHẬP ĐƠN HÀNG'!$B$6:$B$505,"<"&DATE($B$3,$M13+1,1)) -> 0 | J13: =IF($C13=0,"",$I13/$C13) | M13: 8
A14: =DATE($B$3,$M14,1) -> 46266 | B14: =COUNTIFS('NHẬP ĐƠN HÀNG'!$B$6:$B$505,">="&$A14,'NHẬP ĐƠN HÀNG'!$B$6:$B$505,"<"&DATE($B$3,$M14+1,1),'NHẬP ĐƠN HÀNG'!$C$6:$C$505,"<>") -> 0 | C14: =SUMIFS('NHẬP ĐƠN HÀNG'!$L$6:$L$505,'NHẬP ĐƠN HÀNG'!$B$6:$B$505,">="&$A14,'NHẬP ĐƠN HÀNG'!$B$6:$B$505,"<"&DATE($B$3,$M14+1,1)) -> 0 | D14: =SUMIFS('NHẬP ĐƠN HÀNG'!$O$6:$O$505,'NHẬP ĐƠN HÀNG'!$B$6:$B$505,">="&$A14,'NHẬP ĐƠN HÀNG'!$B$6:$B$505,"<"&DATE($B$3,$M14+1,1)) -> 0 | E14: =SUMIFS('NHẬP ĐƠN HÀNG'!$P$6:$P$505,'NHẬP ĐƠN HÀNG'!$B$6:$B$505,">="&$A14,'NHẬP ĐƠN HÀNG'!$B$6:$B$505,"<"&DATE($B$3,$M14+1,1)) -> 0 | F14: =SUMIFS('NHẬP ĐƠN HÀNG'!$Q$6:$Q$505,'NHẬP ĐƠN HÀNG'!$B$6:$B$505,">="&$A14,'NHẬP ĐƠN HÀNG'!$B$6:$B$505,"<"&DATE($B$3,$M14+1,1)) -> 0 | G14: =SUMIFS('NHẬP ĐƠN HÀNG'!$R$6:$R$505,'NHẬP ĐƠN HÀNG'!$B$6:$B$505,">="&$A14,'NHẬP ĐƠN HÀNG'!$B$6:$B$505,"<"&DATE($B$3,$M14+1,1)) -> 0 | H14: =SUMIFS('NHẬP ĐƠN HÀNG'!$T$6:$T$505,'NHẬP ĐƠN HÀNG'!$B$6:$B$505,">="&$A14,'NHẬP ĐƠN HÀNG'!$B$6:$B$505,"<"&DATE($B$3,$M14+1,1)) -> 0 | I14: =SUMIFS('NHẬP ĐƠN HÀNG'!$U$6:$U$505,'NHẬP ĐƠN HÀNG'!$B$6:$B$505,">="&$A14,'NHẬP ĐƠN HÀNG'!$B$6:$B$505,"<"&DATE($B$3,$M14+1,1)) -> 0 | J14: =IF($C14=0,"",$I14/$C14) | M14: 9
A15: =DATE($B$3,$M15,1) -> 46296 | B15: =COUNTIFS('NHẬP ĐƠN HÀNG'!$B$6:$B$505,">="&$A15,'NHẬP ĐƠN HÀNG'!$B$6:$B$505,"<"&DATE($B$3,$M15+1,1),'NHẬP ĐƠN HÀNG'!$C$6:$C$505,"<>") -> 0 | C15: =SUMIFS('NHẬP ĐƠN HÀNG'!$L$6:$L$505,'NHẬP ĐƠN HÀNG'!$B$6:$B$505,">="&$A15,'NHẬP ĐƠN HÀNG'!$B$6:$B$505,"<"&DATE($B$3,$M15+1,1)) -> 0 | D15: =SUMIFS('NHẬP ĐƠN HÀNG'!$O$6:$O$505,'NHẬP ĐƠN HÀNG'!$B$6:$B$505,">="&$A15,'NHẬP ĐƠN HÀNG'!$B$6:$B$505,"<"&DATE($B$3,$M15+1,1)) -> 0 | E15: =SUMIFS('NHẬP ĐƠN HÀNG'!$P$6:$P$505,'NHẬP ĐƠN HÀNG'!$B$6:$B$505,">="&$A15,'NHẬP ĐƠN HÀNG'!$B$6:$B$505,"<"&DATE($B$3,$M15+1,1)) -> 0 | F15: =SUMIFS('NHẬP ĐƠN HÀNG'!$Q$6:$Q$505,'NHẬP ĐƠN HÀNG'!$B$6:$B$505,">="&$A15,'NHẬP ĐƠN HÀNG'!$B$6:$B$505,"<"&DATE($B$3,$M15+1,1)) -> 0 | G15: =SUMIFS('NHẬP ĐƠN HÀNG'!$R$6:$R$505,'NHẬP ĐƠN HÀNG'!$B$6:$B$505,">="&$A15,'NHẬP ĐƠN HÀNG'!$B$6:$B$505,"<"&DATE($B$3,$M15+1,1)) -> 0 | H15: =SUMIFS('NHẬP ĐƠN HÀNG'!$T$6:$T$505,'NHẬP ĐƠN HÀNG'!$B$6:$B$505,">="&$A15,'NHẬP ĐƠN HÀNG'!$B$6:$B$505,"<"&DATE($B$3,$M15+1,1)) -> 0 | I15: =SUMIFS('NHẬP ĐƠN HÀNG'!$U$6:$U$505,'NHẬP ĐƠN HÀNG'!$B$6:$B$505,">="&$A15,'NHẬP ĐƠN HÀNG'!$B$6:$B$505,"<"&DATE($B$3,$M15+1,1)) -> 0 | J15: =IF($C15=0,"",$I15/$C15) | M15: 10
A16: =DATE($B$3,$M16,1) -> 46327 | B16: =COUNTIFS('NHẬP ĐƠN HÀNG'!$B$6:$B$505,">="&$A16,'NHẬP ĐƠN HÀNG'!$B$6:$B$505,"<"&DATE($B$3,$M16+1,1),'NHẬP ĐƠN HÀNG'!$C$6:$C$505,"<>") -> 0 | C16: =SUMIFS('NHẬP ĐƠN HÀNG'!$L$6:$L$505,'NHẬP ĐƠN HÀNG'!$B$6:$B$505,">="&$A16,'NHẬP ĐƠN HÀNG'!$B$6:$B$505,"<"&DATE($B$3,$M16+1,1)) -> 0 | D16: =SUMIFS('NHẬP ĐƠN HÀNG'!$O$6:$O$505,'NHẬP ĐƠN HÀNG'!$B$6:$B$505,">="&$A16,'NHẬP ĐƠN HÀNG'!$B$6:$B$505,"<"&DATE($B$3,$M16+1,1)) -> 0 | E16: =SUMIFS('NHẬP ĐƠN HÀNG'!$P$6:$P$505,'NHẬP ĐƠN HÀNG'!$B$6:$B$505,">="&$A16,'NHẬP ĐƠN HÀNG'!$B$6:$B$505,"<"&DATE($B$3,$M16+1,1)) -> 0 | F16: =SUMIFS('NHẬP ĐƠN HÀNG'!$Q$6:$Q$505,'NHẬP ĐƠN HÀNG'!$B$6:$B$505,">="&$A16,'NHẬP ĐƠN HÀNG'!$B$6:$B$505,"<"&DATE($B$3,$M16+1,1)) -> 0 | G16: =SUMIFS('NHẬP ĐƠN HÀNG'!$R$6:$R$505,'NHẬP ĐƠN HÀNG'!$B$6:$B$505,">="&$A16,'NHẬP ĐƠN HÀNG'!$B$6:$B$505,"<"&DATE($B$3,$M16+1,1)) -> 0 | H16: =SUMIFS('NHẬP ĐƠN HÀNG'!$T$6:$T$505,'NHẬP ĐƠN HÀNG'!$B$6:$B$505,">="&$A16,'NHẬP ĐƠN HÀNG'!$B$6:$B$505,"<"&DATE($B$3,$M16+1,1)) -> 0 | I16: =SUMIFS('NHẬP ĐƠN HÀNG'!$U$6:$U$505,'NHẬP ĐƠN HÀNG'!$B$6:$B$505,">="&$A16,'NHẬP ĐƠN HÀNG'!$B$6:$B$505,"<"&DATE($B$3,$M16+1,1)) -> 0 | J16: =IF($C16=0,"",$I16/$C16) | M16: 11
A17: =DATE($B$3,$M17,1) -> 46357 | B17: =COUNTIFS('NHẬP ĐƠN HÀNG'!$B$6:$B$505,">="&$A17,'NHẬP ĐƠN HÀNG'!$B$6:$B$505,"<"&DATE($B$3,$M17+1,1),'NHẬP ĐƠN HÀNG'!$C$6:$C$505,"<>") -> 0 | C17: =SUMIFS('NHẬP ĐƠN HÀNG'!$L$6:$L$505,'NHẬP ĐƠN HÀNG'!$B$6:$B$505,">="&$A17,'NHẬP ĐƠN HÀNG'!$B$6:$B$505,"<"&DATE($B$3,$M17+1,1)) -> 0 | D17: =SUMIFS('NHẬP ĐƠN HÀNG'!$O$6:$O$505,'NHẬP ĐƠN HÀNG'!$B$6:$B$505,">="&$A17,'NHẬP ĐƠN HÀNG'!$B$6:$B$505,"<"&DATE($B$3,$M17+1,1)) -> 0 | E17: =SUMIFS('NHẬP ĐƠN HÀNG'!$P$6:$P$505,'NHẬP ĐƠN HÀNG'!$B$6:$B$505,">="&$A17,'NHẬP ĐƠN HÀNG'!$B$6:$B$505,"<"&DATE($B$3,$M17+1,1)) -> 0 | F17: =SUMIFS('NHẬP ĐƠN HÀNG'!$Q$6:$Q$505,'NHẬP ĐƠN HÀNG'!$B$6:$B$505,">="&$A17,'NHẬP ĐƠN HÀNG'!$B$6:$B$505,"<"&DATE($B$3,$M17+1,1)) -> 0 | G17: =SUMIFS('NHẬP ĐƠN HÀNG'!$R$6:$R$505,'NHẬP ĐƠN HÀNG'!$B$6:$B$505,">="&$A17,'NHẬP ĐƠN HÀNG'!$B$6:$B$505,"<"&DATE($B$3,$M17+1,1)) -> 0 | H17: =SUMIFS('NHẬP ĐƠN HÀNG'!$T$6:$T$505,'NHẬP ĐƠN HÀNG'!$B$6:$B$505,">="&$A17,'NHẬP ĐƠN HÀNG'!$B$6:$B$505,"<"&DATE($B$3,$M17+1,1)) -> 0 | I17: =SUMIFS('NHẬP ĐƠN HÀNG'!$U$6:$U$505,'NHẬP ĐƠN HÀNG'!$B$6:$B$505,">="&$A17,'NHẬP ĐƠN HÀNG'!$B$6:$B$505,"<"&DATE($B$3,$M17+1,1)) -> 0 | J17: =IF($C17=0,"",$I17/$C17) | M17: 12
A18: TỔNG CẢ NĂM | B18: =SUM(B6:B17) -> 3 | C18: =SUM(C6:C17) -> 14160000 | D18: =SUM(D6:D17) -> 0 | E18: =SUM(E6:E17) -> 14160000 | F18: =SUM(F6:F17) -> 6110000 | G18: =SUM(G6:G17) -> 8050000 | H18: =SUM(H6:H17) -> 10150000 | I18: =SUM(I6:I17) -> 4010000 | J18: =IF($C18=0,"",$I18/$C18) -> 0.28319209
A20: Ghi chú: đơn chưa nhập NGÀY ĐẶT sẽ không được tính vào bất kỳ tháng nào – xem cột CẢNH BÁO ở sheet NHẬP ĐƠN HÀNG để bổ sung.

Sheet LÃI LỖ
A1: BÁO CÁO LÃI – LỖ (TỰ ĐỘNG)
A2: Lãi = TIỀN HÀNG − TỔNG VỐN. Giá vốn lấy từ BẢNG GIÁ GỐC, doanh thu lấy từ NHẬP ĐƠN HÀNG.
A4: A. TỔNG QUAN TOÀN BỘ
A5: TỔNG TIỀN HÀNG (doanh thu chưa VAT) | B5: =SUM('NHẬP ĐƠN HÀNG'!$L$6:$L$505) -> 15300000
A6: TỔNG VỐN (giá gốc) | B6: =SUM('NHẬP ĐƠN HÀNG'!$T$6:$T$505) -> 10950000
A7: LÃI / LỖ | B7: =SUM('NHẬP ĐƠN HÀNG'!$U$6:$U$505) -> 4350000
A8: % LÃI | B8: =IF($B5=0,"",$B7/$B5) -> 0.28431373
A9: TỔNG TIỀN VAT | B9: =SUM('NHẬP ĐƠN HÀNG'!$O$6:$O$505) -> 91200
A10: TỔNG PHẢI THU (gồm VAT) | B10: =SUM('NHẬP ĐƠN HÀNG'!$P$6:$P$505) -> 15391200
A11: KHÁCH ĐÃ THANH TOÁN | B11: =SUM('NHẬP ĐƠN HÀNG'!$Q$6:$Q$505) -> 6110000
A12: KHÁCH CÒN NỢ | B12: =SUM('NHẬP ĐƠN HÀNG'!$R$6:$R$505) -> 9281200
A13: SỐ ĐƠN ĐANG LỖ | B13: =COUNTIFS('NHẬP ĐƠN HÀNG'!$L$6:$L$505,">0",'NHẬP ĐƠN HÀNG'!$U$6:$U$505,"<0") -> 0
A15: B. LÃI – LỖ THEO THÁNG (theo năm đang chọn ở sheet BÁO CÁO DOANH THU)
A16: THÁNG | B16: TIỀN HÀNG (đ) | C16: TỔNG VỐN (đ) | D16: LÃI / LỖ (đ) | E16: % LÃI | F16: SỐ ĐƠN
A17: ='BÁO CÁO DOANH THU'!$A$6 -> 46023 | B17: ='BÁO CÁO DOANH THU'!$C$6 -> 0 | C17: ='BÁO CÁO DOANH THU'!$H$6 -> 0 | D17: ='BÁO CÁO DOANH THU'!$I$6 -> 0 | E17: =IF($B17=0,"",$D17/$B17) | F17: ='BÁO CÁO DOANH THU'!$B$6 -> 0
A18: ='BÁO CÁO DOANH THU'!$A$7 -> 46054 | B18: ='BÁO CÁO DOANH THU'!$C$7 -> 0 | C18: ='BÁO CÁO DOANH THU'!$H$7 -> 0 | D18: ='BÁO CÁO DOANH THU'!$I$7 -> 0 | E18: =IF($B18=0,"",$D18/$B18) | F18: ='BÁO CÁO DOANH THU'!$B$7 -> 0
A19: ='BÁO CÁO DOANH THU'!$A$8 -> 46082 | B19: ='BÁO CÁO DOANH THU'!$C$8 -> 0 | C19: ='BÁO CÁO DOANH THU'!$H$8 -> 0 | D19: ='BÁO CÁO DOANH THU'!$I$8 -> 0 | E19: =IF($B19=0,"",$D19/$B19) | F19: ='BÁO CÁO DOANH THU'!$B$8 -> 0
A20: ='BÁO CÁO DOANH THU'!$A$9 -> 46113 | B20: ='BÁO CÁO DOANH THU'!$C$9 -> 0 | C20: ='BÁO CÁO DOANH THU'!$H$9 -> 0 | D20: ='BÁO CÁO DOANH THU'!$I$9 -> 0 | E20: =IF($B20=0,"",$D20/$B20) | F20: ='BÁO CÁO DOANH THU'!$B$9 -> 0
A21: ='BÁO CÁO DOANH THU'!$A$10 -> 46143 | B21: ='BÁO CÁO DOANH THU'!$C$10 -> 0 | C21: ='BÁO CÁO DOANH THU'!$H$10 -> 0 | D21: ='BÁO CÁO DOANH THU'!$I$10 -> 0 | E21: =IF($B21=0,"",$D21/$B21) | F21: ='BÁO CÁO DOANH THU'!$B$10 -> 0
A22: ='BÁO CÁO DOANH THU'!$A$11 -> 46174 | B22: ='BÁO CÁO DOANH THU'!$C$11 -> 0 | C22: ='BÁO CÁO DOANH THU'!$H$11 -> 0 | D22: ='BÁO CÁO DOANH THU'!$I$11 -> 0 | E22: =IF($B22=0,"",$D22/$B22) | F22: ='BÁO CÁO DOANH THU'!$B$11 -> 0
A23: ='BÁO CÁO DOANH THU'!$A$12 -> 46204 | B23: ='BÁO CÁO DOANH THU'!$C$12 -> 14160000 | C23: ='BÁO CÁO DOANH THU'!$H$12 -> 10150000 | D23: ='BÁO CÁO DOANH THU'!$I$12 -> 4010000 | E23: =IF($B23=0,"",$D23/$B23) -> 0.28319209 | F23: ='BÁO CÁO DOANH THU'!$B$12 -> 3
A24: ='BÁO CÁO DOANH THU'!$A$13 -> 46235 | B24: ='BÁO CÁO DOANH THU'!$C$13 -> 0 | C24: ='BÁO CÁO DOANH THU'!$H$13 -> 0 | D24: ='BÁO CÁO DOANH THU'!$I$13 -> 0 | E24: =IF($B24=0,"",$D24/$B24) | F24: ='BÁO CÁO DOANH THU'!$B$13 -> 0
A25: ='BÁO CÁO DOANH THU'!$A$14 -> 46266 | B25: ='BÁO CÁO DOANH THU'!$C$14 -> 0 | C25: ='BÁO CÁO DOANH THU'!$H$14 -> 0 | D25: ='BÁO CÁO DOANH THU'!$I$14 -> 0 | E25: =IF($B25=0,"",$D25/$B25) | F25: ='BÁO CÁO DOANH THU'!$B$14 -> 0
A26: ='BÁO CÁO DOANH THU'!$A$15 -> 46296 | B26: ='BÁO CÁO DOANH THU'!$C$15 -> 0 | C26: ='BÁO CÁO DOANH THU'!$H$15 -> 0 | D26: ='BÁO CÁO DOANH THU'!$I$15 -> 0 | E26: =IF($B26=0,"",$D26/$B26) | F26: ='BÁO CÁO DOANH THU'!$B$15 -> 0
A27: ='BÁO CÁO DOANH THU'!$A$16 -> 46327 | B27: ='BÁO CÁO DOANH THU'!$C$16 -> 0 | C27: ='BÁO CÁO DOANH THU'!$H$16 -> 0 | D27: ='BÁO CÁO DOANH THU'!$I$16 -> 0 | E27: =IF($B27=0,"",$D27/$B27) | F27: ='BÁO CÁO DOANH THU'!$B$16 -> 0
A28: ='BÁO CÁO DOANH THU'!$A$17 -> 46357 | B28: ='BÁO CÁO DOANH THU'!$C$17 -> 0 | C28: ='BÁO CÁO DOANH THU'!$H$17 -> 0 | D28: ='BÁO CÁO DOANH THU'!$I$17 -> 0 | E28: =IF($B28=0,"",$D28/$B28) | F28: ='BÁO CÁO DOANH THU'!$B$17 -> 0
A29: TỔNG CẢ NĂM | B29: =SUM(B17:B28) -> 14160000 | C29: =SUM(C17:C28) -> 10150000 | D29: =SUM(D17:D28) -> 4010000 | E29: =IF($B29=0,"",$D29/$B29) -> 0.28319209 | F29: =SUM(F17:F28) -> 3
A31: C. LÃI – LỖ THEO TỪNG SẢN PHẨM (toàn bộ dữ liệu đã nhập)
A32: TÊN SẢN PHẨM | B32: SỐ LƯỢNG ĐÃ BÁN | C32: TIỀN HÀNG (đ) | D32: TỔNG VỐN (đ) | E32: LÃI / LỖ (đ) | F32: % LÃI
A33: =IFERROR(INDEX('NHẬP ĐƠN HÀNG'!$H$6:$H$505,MATCH(1,'NHẬP ĐƠN HÀNG'!$AC$6:$AC$505,0)),"") -> GẤU TỐT NGHIỆP | B33: =IF($A33="","",SUMIF('NHẬP ĐƠN HÀNG'!$H$6:$H$505,$A33,'NHẬP ĐƠN HÀNG'!$I$6:$I$505)) -> 20 | C33: =IF($A33="","",SUMIF('NHẬP ĐƠN HÀNG'!$H$6:$H$505,$A33,'NHẬP ĐƠN HÀNG'!$L$6:$L$505)) -> 1140000 | D33: =IF($A33="","",SUMIF('NHẬP ĐƠN HÀNG'!$H$6:$H$505,$A33,'NHẬP ĐƠN HÀNG'!$T$6:$T$505)) -> 800000 | E33: =IF($A33="","",SUMIF('NHẬP ĐƠN HÀNG'!$H$6:$H$505,$A33,'NHẬP ĐƠN HÀNG'!$U$6:$U$505)) -> 340000 | F33: =IF(OR($A33="",$C33=0),"",$E33/$C33) -> 0.29824561
A34: =IFERROR(INDEX('NHẬP ĐƠN HÀNG'!$H$6:$H$505,MATCH(2,'NHẬP ĐƠN HÀNG'!$AC$6:$AC$505,0)),"") -> GẤU TEDDY 25CM TRẮNG | B34: =IF($A34="","",SUMIF('NHẬP ĐƠN HÀNG'!$H$6:$H$505,$A34,'NHẬP ĐƠN HÀNG'!$I$6:$I$505)) -> 210 | C34: =IF($A34="","",SUMIF('NHẬP ĐƠN HÀNG'!$H$6:$H$505,$A34,'NHẬP ĐƠN HÀNG'!$L$6:$L$505)) -> 10000000 | D34: =IF($A34="","",SUMIF('NHẬP ĐƠN HÀNG'!$H$6:$H$505,$A34,'NHẬP ĐƠN HÀNG'!$T$6:$T$505)) -> 7350000 | E34: =IF($A34="","",SUMIF('NHẬP ĐƠN HÀNG'!$H$6:$H$505,$A34,'NHẬP ĐƠN HÀNG'!$U$6:$U$505)) -> 2650000 | F34: =IF(OR($A34="",$C34=0),"",$E34/$C34) -> 0.265
A35: =IFERROR(INDEX('NHẬP ĐƠN HÀNG'!$H$6:$H$505,MATCH(3,'NHẬP ĐƠN HÀNG'!$AC$6:$AC$505,0)),"") -> GỐI ÔM CỎ | B35: =IF($A35="","",SUMIF('NHẬP ĐƠN HÀNG'!$H$6:$H$505,$A35,'NHẬP ĐƠN HÀNG'!$I$6:$I$505)) -> 80 | C35: =IF($A35="","",SUMIF('NHẬP ĐƠN HÀNG'!$H$6:$H$505,$A35,'NHẬP ĐƠN HÀNG'!$L$6:$L$505)) -> 4160000 | D35: =IF($A35="","",SUMIF('NHẬP ĐƠN HÀNG'!$H$6:$H$505,$A35,'NHẬP ĐƠN HÀNG'!$T$6:$T$505)) -> 2800000 | E35: =IF($A35="","",SUMIF('NHẬP ĐƠN HÀNG'!$H$6:$H$505,$A35,'NHẬP ĐƠN HÀNG'!$U$6:$U$505)) -> 1360000 | F35: =IF(OR($A35="",$C35=0),"",$E35/$C35) -> 0.32692308
A36: =IFERROR(INDEX('NHẬP ĐƠN HÀNG'!$H$6:$H$505,MATCH(4,'NHẬP ĐƠN HÀNG'!$AC$6:$AC$505,0)),"") | B36: =IF($A36="","",SUMIF('NHẬP ĐƠN HÀNG'!$H$6:$H$505,$A36,'NHẬP ĐƠN HÀNG'!$I$6:$I$505)) | C36: =IF($A36="","",SUMIF('NHẬP ĐƠN HÀNG'!$H$6:$H$505,$A36,'NHẬP ĐƠN HÀNG'!$L$6:$L$505)) | D36: =IF($A36="","",SUMIF('NHẬP ĐƠN HÀNG'!$H$6:$H$505,$A36,'NHẬP ĐƠN HÀNG'!$T$6:$T$505)) | E36: =IF($A36="","",SUMIF('NHẬP ĐƠN HÀNG'!$H$6:$H$505,$A36,'NHẬP ĐƠN HÀNG'!$U$6:$U$505)) | F36: =IF(OR($A36="",$C36=0),"",$E36/$C36)
A37: =IFERROR(INDEX('NHẬP ĐƠN HÀNG'!$H$6:$H$505,MATCH(5,'NHẬP ĐƠN HÀNG'!$AC$6:$AC$505,0)),"") | B37: =IF($A37="","",SUMIF('NHẬP ĐƠN HÀNG'!$H$6:$H$505,$A37,'NHẬP ĐƠN HÀNG'!$I$6:$I$505)) | C37: =IF($A37="","",SUMIF('NHẬP ĐƠN HÀNG'!$H$6:$H$505,$A37,'NHẬP ĐƠN HÀNG'!$L$6:$L$505)) | D37: =IF($A37="","",SUMIF('NHẬP ĐƠN HÀNG'!$H$6:$H$505,$A37,'NHẬP ĐƠN HÀNG'!$T$6:$T$505)) | E37: =IF($A37="","",SUMIF('NHẬP ĐƠN HÀNG'!$H$6:$H$505,$A37,'NHẬP ĐƠN HÀNG'!$U$6:$U$505)) | F37: =IF(OR($A37="",$C37=0),"",$E37/$C37)
A38: =IFERROR(INDEX('NHẬP ĐƠN HÀNG'!$H$6:$H$505,MATCH(6,'NHẬP ĐƠN HÀNG'!$AC$6:$AC$505,0)),"") | B38: =IF($A38="","",SUMIF('NHẬP ĐƠN HÀNG'!$H$6:$H$505,$A38,'NHẬP ĐƠN HÀNG'!$I$6:$I$505)) | C38: =IF($A38="","",SUMIF('NHẬP ĐƠN HÀNG'!$H$6:$H$505,$A38,'NHẬP ĐƠN HÀNG'!$L$6:$L$505)) | D38: =IF($A38="","",SUMIF('NHẬP ĐƠN HÀNG'!$H$6:$H$505,$A38,'NHẬP ĐƠN HÀNG'!$T$6:$T$505)) | E38: =IF($A38="","",SUMIF('NHẬP ĐƠN HÀNG'!$H$6:$H$505,$A38,'NHẬP ĐƠN HÀNG'!$U$6:$U$505)) | F38: =IF(OR($A38="",$C38=0),"",$E38/$C38)
A39: =IFERROR(INDEX('NHẬP ĐƠN HÀNG'!$H$6:$H$505,MATCH(7,'NHẬP ĐƠN HÀNG'!$AC$6:$AC$505,0)),"") | B39: =IF($A39="","",SUMIF('NHẬP ĐƠN HÀNG'!$H$6:$H$505,$A39,'NHẬP ĐƠN HÀNG'!$I$6:$I$505)) | C39: =IF($A39="","",SUMIF('NHẬP ĐƠN HÀNG'!$H$6:$H$505,$A39,'NHẬP ĐƠN HÀNG'!$L$6:$L$505)) | D39: =IF($A39="","",SUMIF('NHẬP ĐƠN HÀNG'!$H$6:$H$505,$A39,'NHẬP ĐƠN HÀNG'!$T$6:$T$505)) | E39: =IF($A39="","",SUMIF('NHẬP ĐƠN HÀNG'!$H$6:$H$505,$A39,'NHẬP ĐƠN HÀNG'!$U$6:$U$505)) | F39: =IF(OR($A39="",$C39=0),"",$E39/$C39)
A40: =IFERROR(INDEX('NHẬP ĐƠN HÀNG'!$H$6:$H$505,MATCH(8,'NHẬP ĐƠN HÀNG'!$AC$6:$AC$505,0)),"") | B40: =IF($A40="","",SUMIF('NHẬP ĐƠN HÀNG'!$H$6:$H$505,$A40,'NHẬP ĐƠN HÀNG'!$I$6:$I$505)) | C40: =IF($A40="","",SUMIF('NHẬP ĐƠN HÀNG'!$H$6:$H$505,$A40,'NHẬP ĐƠN HÀNG'!$L$6:$L$505)) | D40: =IF($A40="","",SUMIF('NHẬP ĐƠN HÀNG'!$H$6:$H$505,$A40,'NHẬP ĐƠN HÀNG'!$T$6:$T$505)) | E40: =IF($A40="","",SUMIF('NHẬP ĐƠN HÀNG'!$H$6:$H$505,$A40,'NHẬP ĐƠN HÀNG'!$U$6:$U$505)) | F40: =IF(OR($A40="",$C40=0),"",$E40/$C40)
A41: =IFERROR(INDEX('NHẬP ĐƠN HÀNG'!$H$6:$H$505,MATCH(9,'NHẬP ĐƠN HÀNG'!$AC$6:$AC$505,0)),"") | B41: =IF($A41="","",SUMIF('NHẬP ĐƠN HÀNG'!$H$6:$H$505,$A41,'NHẬP ĐƠN HÀNG'!$I$6:$I$505)) | C41: =IF($A41="","",SUMIF('NHẬP ĐƠN HÀNG'!$H$6:$H$505,$A41,'NHẬP ĐƠN HÀNG'!$L$6:$L$505)) | D41: =IF($A41="","",SUMIF('NHẬP ĐƠN HÀNG'!$H$6:$H$505,$A41,'NHẬP ĐƠN HÀNG'!$T$6:$T$505)) | E41: =IF($A41="","",SUMIF('NHẬP ĐƠN HÀNG'!$H$6:$H$505,$A41,'NHẬP ĐƠN HÀNG'!$U$6:$U$505)) | F41: =IF(OR($A41="",$C41=0),"",$E41/$C41)
A42: =IFERROR(INDEX('NHẬP ĐƠN HÀNG'!$H$6:$H$505,MATCH(10,'NHẬP ĐƠN HÀNG'!$AC$6:$AC$505,0)),"") | B42: =IF($A42="","",SUMIF('NHẬP ĐƠN HÀNG'!$H$6:$H$505,$A42,'NHẬP ĐƠN HÀNG'!$I$6:$I$505)) | C42: =IF($A42="","",SUMIF('NHẬP ĐƠN HÀNG'!$H$6:$H$505,$A42,'NHẬP ĐƠN HÀNG'!$L$6:$L$505)) | D42: =IF($A42="","",SUMIF('NHẬP ĐƠN HÀNG'!$H$6:$H$505,$A42,'NHẬP ĐƠN HÀNG'!$T$6:$T$505)) | E42: =IF($A42="","",SUMIF('NHẬP ĐƠN HÀNG'!$H$6:$H$505,$A42,'NHẬP ĐƠN HÀNG'!$U$6:$U$505)) | F42: =IF(OR($A42="",$C42=0),"",$E42/$C42)
A43: =IFERROR(INDEX('NHẬP ĐƠN HÀNG'!$H$6:$H$505,MATCH(11,'NHẬP ĐƠN HÀNG'!$AC$6:$AC$505,0)),"") | B43: =IF($A43="","",SUMIF('NHẬP ĐƠN HÀNG'!$H$6:$H$505,$A43,'NHẬP ĐƠN HÀNG'!$I$6:$I$505)) | C43: =IF($A43="","",SUMIF('NHẬP ĐƠN HÀNG'!$H$6:$H$505,$A43,'NHẬP ĐƠN HÀNG'!$L$6:$L$505)) | D43: =IF($A43="","",SUMIF('NHẬP ĐƠN HÀNG'!$H$6:$H$505,$A43,'NHẬP ĐƠN HÀNG'!$T$6:$T$505)) | E43: =IF($A43="","",SUMIF('NHẬP ĐƠN HÀNG'!$H$6:$H$505,$A43,'NHẬP ĐƠN HÀNG'!$U$6:$U$505)) | F43: =IF(OR($A43="",$C43=0),"",$E43/$C43)
A44: =IFERROR(INDEX('NHẬP ĐƠN HÀNG'!$H$6:$H$505,MATCH(12,'NHẬP ĐƠN HÀNG'!$AC$6:$AC$505,0)),"") | B44: =IF($A44="","",SUMIF('NHẬP ĐƠN HÀNG'!$H$6:$H$505,$A44,'NHẬP ĐƠN HÀNG'!$I$6:$I$505)) | C44: =IF($A44="","",SUMIF('NHẬP ĐƠN HÀNG'!$H$6:$H$505,$A44,'NHẬP ĐƠN HÀNG'!$L$6:$L$505)) | D44: =IF($A44="","",SUMIF('NHẬP ĐƠN HÀNG'!$H$6:$H$505,$A44,'NHẬP ĐƠN HÀNG'!$T$6:$T$505)) | E44: =IF($A44="","",SUMIF('NHẬP ĐƠN HÀNG'!$H$6:$H$505,$A44,'NHẬP ĐƠN HÀNG'!$U$6:$U$505)) | F44: =IF(OR($A44="",$C44=0),"",$E44/$C44)
A45: =IFERROR(INDEX('NHẬP ĐƠN HÀNG'!$H$6:$H$505,MATCH(13,'NHẬP ĐƠN HÀNG'!$AC$6:$AC$505,0)),"") | B45: =IF($A45="","",SUMIF('NHẬP ĐƠN HÀNG'!$H$6:$H$505,$A45,'NHẬP ĐƠN HÀNG'!$I$6:$I$505)) | C45: =IF($A45="","",SUMIF('NHẬP ĐƠN HÀNG'!$H$6:$H$505,$A45,'NHẬP ĐƠN HÀNG'!$L$6:$L$505)) | D45: =IF($A45="","",SUMIF('NHẬP ĐƠN HÀNG'!$H$6:$H$505,$A45,'NHẬP ĐƠN HÀNG'!$T$6:$T$505)) | E45: =IF($A45="","",SUMIF('NHẬP ĐƠN HÀNG'!$H$6:$H$505,$A45,'NHẬP ĐƠN HÀNG'!$U$6:$U$505)) | F45: =IF(OR($A45="",$C45=0),"",$E45/$C45)
A46: =IFERROR(INDEX('NHẬP ĐƠN HÀNG'!$H$6:$H$505,MATCH(14,'NHẬP ĐƠN HÀNG'!$AC$6:$AC$505,0)),"") | B46: =IF($A46="","",SUMIF('NHẬP ĐƠN HÀNG'!$H$6:$H$505,$A46,'NHẬP ĐƠN HÀNG'!$I$6:$I$505)) | C46: =IF($A46="","",SUMIF('NHẬP ĐƠN HÀNG'!$H$6:$H$505,$A46,'NHẬP ĐƠN HÀNG'!$L$6:$L$505)) | D46: =IF($A46="","",SUMIF('NHẬP ĐƠN HÀNG'!$H$6:$H$505,$A46,'NHẬP ĐƠN HÀNG'!$T$6:$T$505)) | E46: =IF($A46="","",SUMIF('NHẬP ĐƠN HÀNG'!$H$6:$H$505,$A46,'NHẬP ĐƠN HÀNG'!$U$6:$U$505)) | F46: =IF(OR($A46="",$C46=0),"",$E46/$C46)
A47: =IFERROR(INDEX('NHẬP ĐƠN HÀNG'!$H$6:$H$505,MATCH(15,'NHẬP ĐƠN HÀNG'!$AC$6:$AC$505,0)),"") | B47: =IF($A47="","",SUMIF('NHẬP ĐƠN HÀNG'!$H$6:$H$505,$A47,'NHẬP ĐƠN HÀNG'!$I$6:$I$505)) | C47: =IF($A47="","",SUMIF('NHẬP ĐƠN HÀNG'!$H$6:$H$505,$A47,'NHẬP ĐƠN HÀNG'!$L$6:$L$505)) | D47: =IF($A47="","",SUMIF('NHẬP ĐƠN HÀNG'!$H$6:$H$505,$A47,'NHẬP ĐƠN HÀNG'!$T$6:$T$505)) | E47: =IF($A47="","",SUMIF('NHẬP ĐƠN HÀNG'!$H$6:$H$505,$A47,'NHẬP ĐƠN HÀNG'!$U$6:$U$505)) | F47: =IF(OR($A47="",$C47=0),"",$E47/$C47)
A48: =IFERROR(INDEX('NHẬP ĐƠN HÀNG'!$H$6:$H$505,MATCH(16,'NHẬP ĐƠN HÀNG'!$AC$6:$AC$505,0)),"") | B48: =IF($A48="","",SUMIF('NHẬP ĐƠN HÀNG'!$H$6:$H$505,$A48,'NHẬP ĐƠN HÀNG'!$I$6:$I$505)) | C48: =IF($A48="","",SUMIF('NHẬP ĐƠN HÀNG'!$H$6:$H$505,$A48,'NHẬP ĐƠN HÀNG'!$L$6:$L$505)) | D48: =IF($A48="","",SUMIF('NHẬP ĐƠN HÀNG'!$H$6:$H$505,$A48,'NHẬP ĐƠN HÀNG'!$T$6:$T$505)) | E48: =IF($A48="","",SUMIF('NHẬP ĐƠN HÀNG'!$H$6:$H$505,$A48,'NHẬP ĐƠN HÀNG'!$U$6:$U$505)) | F48: =IF(OR($A48="",$C48=0),"",$E48/$C48)
A49: =IFERROR(INDEX('NHẬP ĐƠN HÀNG'!$H$6:$H$505,MATCH(17,'NHẬP ĐƠN HÀNG'!$AC$6:$AC$505,0)),"") | B49: =IF($A49="","",SUMIF('NHẬP ĐƠN HÀNG'!$H$6:$H$505,$A49,'NHẬP ĐƠN HÀNG'!$I$6:$I$505)) | C49: =IF($A49="","",SUMIF('NHẬP ĐƠN HÀNG'!$H$6:$H$505,$A49,'NHẬP ĐƠN HÀNG'!$L$6:$L$505)) | D49: =IF($A49="","",SUMIF('NHẬP ĐƠN HÀNG'!$H$6:$H$505,$A49,'NHẬP ĐƠN HÀNG'!$T$6:$T$505)) | E49: =IF($A49="","",SUMIF('NHẬP ĐƠN HÀNG'!$H$6:$H$505,$A49,'NHẬP ĐƠN HÀNG'!$U$6:$U$505)) | F49: =IF(OR($A49="",$C49=0),"",$E49/$C49)
A50: =IFERROR(INDEX('NHẬP ĐƠN HÀNG'!$H$6:$H$505,MATCH(18,'NHẬP ĐƠN HÀNG'!$AC$6:$AC$505,0)),"") | B50: =IF($A50="","",SUMIF('NHẬP ĐƠN HÀNG'!$H$6:$H$505,$A50,'NHẬP ĐƠN HÀNG'!$I$6:$I$505)) | C50: =IF($A50="","",SUMIF('NHẬP ĐƠN HÀNG'!$H$6:$H$505,$A50,'NHẬP ĐƠN HÀNG'!$L$6:$L$505)) | D50: =IF($A50="","",SUMIF('NHẬP ĐƠN HÀNG'!$H$6:$H$505,$A50,'NHẬP ĐƠN HÀNG'!$T$6:$T$505)) | E50: =IF($A50="","",SUMIF('NHẬP ĐƠN HÀNG'!$H$6:$H$505,$A50,'NHẬP ĐƠN HÀNG'!$U$6:$U$505)) | F50: =IF(OR($A50="",$C50=0),"",$E50/$C50)
A51: =IFERROR(INDEX('NHẬP ĐƠN HÀNG'!$H$6:$H$505,MATCH(19,'NHẬP ĐƠN HÀNG'!$AC$6:$AC$505,0)),"") | B51: =IF($A51="","",SUMIF('NHẬP ĐƠN HÀNG'!$H$6:$H$505,$A51,'NHẬP ĐƠN HÀNG'!$I$6:$I$505)) | C51: =IF($A51="","",SUMIF('NHẬP ĐƠN HÀNG'!$H$6:$H$505,$A51,'NHẬP ĐƠN HÀNG'!$L$6:$L$505)) | D51: =IF($A51="","",SUMIF('NHẬP ĐƠN HÀNG'!$H$6:$H$505,$A51,'NHẬP ĐƠN HÀNG'!$T$6:$T$505)) | E51: =IF($A51="","",SUMIF('NHẬP ĐƠN HÀNG'!$H$6:$H$505,$A51,'NHẬP ĐƠN HÀNG'!$U$6:$U$505)) | F51: =IF(OR($A51="",$C51=0),"",$E51/$C51)
A52: =IFERROR(INDEX('NHẬP ĐƠN HÀNG'!$H$6:$H$505,MATCH(20,'NHẬP ĐƠN HÀNG'!$AC$6:$AC$505,0)),"") | B52: =IF($A52="","",SUMIF('NHẬP ĐƠN HÀNG'!$H$6:$H$505,$A52,'NHẬP ĐƠN HÀNG'!$I$6:$I$505)) | C52: =IF($A52="","",SUMIF('NHẬP ĐƠN HÀNG'!$H$6:$H$505,$A52,'NHẬP ĐƠN HÀNG'!$L$6:$L$505)) | D52: =IF($A52="","",SUMIF('NHẬP ĐƠN HÀNG'!$H$6:$H$505,$A52,'NHẬP ĐƠN HÀNG'!$T$6:$T$505)) | E52: =IF($A52="","",SUMIF('NHẬP ĐƠN HÀNG'!$H$6:$H$505,$A52,'NHẬP ĐƠN HÀNG'!$U$6:$U$505)) | F52: =IF(OR($A52="",$C52=0),"",$E52/$C52)
A53: =IFERROR(INDEX('NHẬP ĐƠN HÀNG'!$H$6:$H$505,MATCH(21,'NHẬP ĐƠN HÀNG'!$AC$6:$AC$505,0)),"") | B53: =IF($A53="","",SUMIF('NHẬP ĐƠN HÀNG'!$H$6:$H$505,$A53,'NHẬP ĐƠN HÀNG'!$I$6:$I$505)) | C53: =IF($A53="","",SUMIF('NHẬP ĐƠN HÀNG'!$H$6:$H$505,$A53,'NHẬP ĐƠN HÀNG'!$L$6:$L$505)) | D53: =IF($A53="","",SUMIF('NHẬP ĐƠN HÀNG'!$H$6:$H$505,$A53,'NHẬP ĐƠN HÀNG'!$T$6:$T$505)) | E53: =IF($A53="","",SUMIF('NHẬP ĐƠN HÀNG'!$H$6:$H$505,$A53,'NHẬP ĐƠN HÀNG'!$U$6:$U$505)) | F53: =IF(OR($A53="",$C53=0),"",$E53/$C53)
A54: =IFERROR(INDEX('NHẬP ĐƠN HÀNG'!$H$6:$H$505,MATCH(22,'NHẬP ĐƠN HÀNG'!$AC$6:$AC$505,0)),"") | B54: =IF($A54="","",SUMIF('NHẬP ĐƠN HÀNG'!$H$6:$H$505,$A54,'NHẬP ĐƠN HÀNG'!$I$6:$I$505)) | C54: =IF($A54="","",SUMIF('NHẬP ĐƠN HÀNG'!$H$6:$H$505,$A54,'NHẬP ĐƠN HÀNG'!$L$6:$L$505)) | D54: =IF($A54="","",SUMIF('NHẬP ĐƠN HÀNG'!$H$6:$H$505,$A54,'NHẬP ĐƠN HÀNG'!$T$6:$T$505)) | E54: =IF($A54="","",SUMIF('NHẬP ĐƠN HÀNG'!$H$6:$H$505,$A54,'NHẬP ĐƠN HÀNG'!$U$6:$U$505)) | F54: =IF(OR($A54="",$C54=0),"",$E54/$C54)
A55: =IFERROR(INDEX('NHẬP ĐƠN HÀNG'!$H$6:$H$505,MATCH(23,'NHẬP ĐƠN HÀNG'!$AC$6:$AC$505,0)),"") | B55: =IF($A55="","",SUMIF('NHẬP ĐƠN HÀNG'!$H$6:$H$505,$A55,'NHẬP ĐƠN HÀNG'!$I$6:$I$505)) | C55: =IF($A55="","",SUMIF('NHẬP ĐƠN HÀNG'!$H$6:$H$505,$A55,'NHẬP ĐƠN HÀNG'!$L$6:$L$505)) | D55: =IF($A55="","",SUMIF('NHẬP ĐƠN HÀNG'!$H$6:$H$505,$A55,'NHẬP ĐƠN HÀNG'!$T$6:$T$505)) | E55: =IF($A55="","",SUMIF('NHẬP ĐƠN HÀNG'!$H$6:$H$505,$A55,'NHẬP ĐƠN HÀNG'!$U$6:$U$505)) | F55: =IF(OR($A55="",$C55=0),"",$E55/$C55)
A56: =IFERROR(INDEX('NHẬP ĐƠN HÀNG'!$H$6:$H$505,MATCH(24,'NHẬP ĐƠN HÀNG'!$AC$6:$AC$505,0)),"") | B56: =IF($A56="","",SUMIF('NHẬP ĐƠN HÀNG'!$H$6:$H$505,$A56,'NHẬP ĐƠN HÀNG'!$I$6:$I$505)) | C56: =IF($A56="","",SUMIF('NHẬP ĐƠN HÀNG'!$H$6:$H$505,$A56,'NHẬP ĐƠN HÀNG'!$L$6:$L$505)) | D56: =IF($A56="","",SUMIF('NHẬP ĐƠN HÀNG'!$H$6:$H$505,$A56,'NHẬP ĐƠN HÀNG'!$T$6:$T$505)) | E56: =IF($A56="","",SUMIF('NHẬP ĐƠN HÀNG'!$H$6:$H$505,$A56,'NHẬP ĐƠN HÀNG'!$U$6:$U$505)) | F56: =IF(OR($A56="",$C56=0),"",$E56/$C56)
A57: =IFERROR(INDEX('NHẬP ĐƠN HÀNG'!$H$6:$H$505,MATCH(25,'NHẬP ĐƠN HÀNG'!$AC$6:$AC$505,0)),"") | B57: =IF($A57="","",SUMIF('NHẬP ĐƠN HÀNG'!$H$6:$H$505,$A57,'NHẬP ĐƠN HÀNG'!$I$6:$I$505)) | C57: =IF($A57="","",SUMIF('NHẬP ĐƠN HÀNG'!$H$6:$H$505,$A57,'NHẬP ĐƠN HÀNG'!$L$6:$L$505)) | D57: =IF($A57="","",SUMIF('NHẬP ĐƠN HÀNG'!$H$6:$H$505,$A57,'NHẬP ĐƠN HÀNG'!$T$6:$T$505)) | E57: =IF($A57="","",SUMIF('NHẬP ĐƠN HÀNG'!$H$6:$H$505,$A57,'NHẬP ĐƠN HÀNG'!$U$6:$U$505)) | F57: =IF(OR($A57="",$C57=0),"",$E57/$C57)
A58: =IFERROR(INDEX('NHẬP ĐƠN HÀNG'!$H$6:$H$505,MATCH(26,'NHẬP ĐƠN HÀNG'!$AC$6:$AC$505,0)),"") | B58: =IF($A58="","",SUMIF('NHẬP ĐƠN HÀNG'!$H$6:$H$505,$A58,'NHẬP ĐƠN HÀNG'!$I$6:$I$505)) | C58: =IF($A58="","",SUMIF('NHẬP ĐƠN HÀNG'!$H$6:$H$505,$A58,'NHẬP ĐƠN HÀNG'!$L$6:$L$505)) | D58: =IF($A58="","",SUMIF('NHẬP ĐƠN HÀNG'!$H$6:$H$505,$A58,'NHẬP ĐƠN HÀNG'!$T$6:$T$505)) | E58: =IF($A58="","",SUMIF('NHẬP ĐƠN HÀNG'!$H$6:$H$505,$A58,'NHẬP ĐƠN HÀNG'!$U$6:$U$505)) | F58: =IF(OR($A58="",$C58=0),"",$E58/$C58)
A59: =IFERROR(INDEX('NHẬP ĐƠN HÀNG'!$H$6:$H$505,MATCH(27,'NHẬP ĐƠN HÀNG'!$AC$6:$AC$505,0)),"") | B59: =IF($A59="","",SUMIF('NHẬP ĐƠN HÀNG'!$H$6:$H$505,$A59,'NHẬP ĐƠN HÀNG'!$I$6:$I$505)) | C59: =IF($A59="","",SUMIF('NHẬP ĐƠN HÀNG'!$H$6:$H$505,$A59,'NHẬP ĐƠN HÀNG'!$L$6:$L$505)) | D59: =IF($A59="","",SUMIF('NHẬP ĐƠN HÀNG'!$H$6:$H$505,$A59,'NHẬP ĐƠN HÀNG'!$T$6:$T$505)) | E59: =IF($A59="","",SUMIF('NHẬP ĐƠN HÀNG'!$H$6:$H$505,$A59,'NHẬP ĐƠN HÀNG'!$U$6:$U$505)) | F59: =IF(OR($A59="",$C59=0),"",$E59/$C59)
A60: =IFERROR(INDEX('NHẬP ĐƠN HÀNG'!$H$6:$H$505,MATCH(28,'NHẬP ĐƠN HÀNG'!$AC$6:$AC$505,0)),"") | B60: =IF($A60="","",SUMIF('NHẬP ĐƠN HÀNG'!$H$6:$H$505,$A60,'NHẬP ĐƠN HÀNG'!$I$6:$I$505)) | C60: =IF($A60="","",SUMIF('NHẬP ĐƠN HÀNG'!$H$6:$H$505,$A60,'NHẬP ĐƠN HÀNG'!$L$6:$L$505)) | D60: =IF($A60="","",SUMIF('NHẬP ĐƠN HÀNG'!$H$6:$H$505,$A60,'NHẬP ĐƠN HÀNG'!$T$6:$T$505)) | E60: =IF($A60="","",SUMIF('NHẬP ĐƠN HÀNG'!$H$6:$H$505,$A60,'NHẬP ĐƠN HÀNG'!$U$6:$U$505)) | F60: =IF(OR($A60="",$C60=0),"",$E60/$C60)
A61: =IFERROR(INDEX('NHẬP ĐƠN HÀNG'!$H$6:$H$505,MATCH(29,'NHẬP ĐƠN HÀNG'!$AC$6:$AC$505,0)),"") | B61: =IF($A61="","",SUMIF('NHẬP ĐƠN HÀNG'!$H$6:$H$505,$A61,'NHẬP ĐƠN HÀNG'!$I$6:$I$505)) | C61: =IF($A61="","",SUMIF('NHẬP ĐƠN HÀNG'!$H$6:$H$505,$A61,'NHẬP ĐƠN HÀNG'!$L$6:$L$505)) | D61: =IF($A61="","",SUMIF('NHẬP ĐƠN HÀNG'!$H$6:$H$505,$A61,'NHẬP ĐƠN HÀNG'!$T$6:$T$505)) | E61: =IF($A61="","",SUMIF('NHẬP ĐƠN HÀNG'!$H$6:$H$505,$A61,'NHẬP ĐƠN HÀNG'!$U$6:$U$505)) | F61: =IF(OR($A61="",$C61=0),"",$E61/$C61)
A62: =IFERROR(INDEX('NHẬP ĐƠN HÀNG'!$H$6:$H$505,MATCH(30,'NHẬP ĐƠN HÀNG'!$AC$6:$AC$505,0)),"") | B62: =IF($A62="","",SUMIF('NHẬP ĐƠN HÀNG'!$H$6:$H$505,$A62,'NHẬP ĐƠN HÀNG'!$I$6:$I$505)) | C62: =IF($A62="","",SUMIF('NHẬP ĐƠN HÀNG'!$H$6:$H$505,$A62,'NHẬP ĐƠN HÀNG'!$L$6:$L$505)) | D62: =IF($A62="","",SUMIF('NHẬP ĐƠN HÀNG'!$H$6:$H$505,$A62,'NHẬP ĐƠN HÀNG'!$T$6:$T$505)) | E62: =IF($A62="","",SUMIF('NHẬP ĐƠN HÀNG'!$H$6:$H$505,$A62,'NHẬP ĐƠN HÀNG'!$U$6:$U$505)) | F62: =IF(OR($A62="",$C62=0),"",$E62/$C62)
A63: =IFERROR(INDEX('NHẬP ĐƠN HÀNG'!$H$6:$H$505,MATCH(31,'NHẬP ĐƠN HÀNG'!$AC$6:$AC$505,0)),"") | B63: =IF($A63="","",SUMIF('NHẬP ĐƠN HÀNG'!$H$6:$H$505,$A63,'NHẬP ĐƠN HÀNG'!$I$6:$I$505)) | C63: =IF($A63="","",SUMIF('NHẬP ĐƠN HÀNG'!$H$6:$H$505,$A63,'NHẬP ĐƠN HÀNG'!$L$6:$L$505)) | D63: =IF($A63="","",SUMIF('NHẬP ĐƠN HÀNG'!$H$6:$H$505,$A63,'NHẬP ĐƠN HÀNG'!$T$6:$T$505)) | E63: =IF($A63="","",SUMIF('NHẬP ĐƠN HÀNG'!$H$6:$H$505,$A63,'NHẬP ĐƠN HÀNG'!$U$6:$U$505)) | F63: =IF(OR($A63="",$C63=0),"",$E63/$C63)
A64: =IFERROR(INDEX('NHẬP ĐƠN HÀNG'!$H$6:$H$505,MATCH(32,'NHẬP ĐƠN HÀNG'!$AC$6:$AC$505,0)),"") | B64: =IF($A64="","",SUMIF('NHẬP ĐƠN HÀNG'!$H$6:$H$505,$A64,'NHẬP ĐƠN HÀNG'!$I$6:$I$505)) | C64: =IF($A64="","",SUMIF('NHẬP ĐƠN HÀNG'!$H$6:$H$505,$A64,'NHẬP ĐƠN HÀNG'!$L$6:$L$505)) | D64: =IF($A64="","",SUMIF('NHẬP ĐƠN HÀNG'!$H$6:$H$505,$A64,'NHẬP ĐƠN HÀNG'!$T$6:$T$505)) | E64: =IF($A64="","",SUMIF('NHẬP ĐƠN HÀNG'!$H$6:$H$505,$A64,'NHẬP ĐƠN HÀNG'!$U$6:$U$505)) | F64: =IF(OR($A64="",$C64=0),"",$E64/$C64)
A65: =IFERROR(INDEX('NHẬP ĐƠN HÀNG'!$H$6:$H$505,MATCH(33,'NHẬP ĐƠN HÀNG'!$AC$6:$AC$505,0)),"") | B65: =IF($A65="","",SUMIF('NHẬP ĐƠN HÀNG'!$H$6:$H$505,$A65,'NHẬP ĐƠN HÀNG'!$I$6:$I$505)) | C65: =IF($A65="","",SUMIF('NHẬP ĐƠN HÀNG'!$H$6:$H$505,$A65,'NHẬP ĐƠN HÀNG'!$L$6:$L$505)) | D65: =IF($A65="","",SUMIF('NHẬP ĐƠN HÀNG'!$H$6:$H$505,$A65,'NHẬP ĐƠN HÀNG'!$T$6:$T$505)) | E65: =IF($A65="","",SUMIF('NHẬP ĐƠN HÀNG'!$H$6:$H$505,$A65,'NHẬP ĐƠN HÀNG'!$U$6:$U$505)) | F65: =IF(OR($A65="",$C65=0),"",$E65/$C65)
A66: =IFERROR(INDEX('NHẬP ĐƠN HÀNG'!$H$6:$H$505,MATCH(34,'NHẬP ĐƠN HÀNG'!$AC$6:$AC$505,0)),"") | B66: =IF($A66="","",SUMIF('NHẬP ĐƠN HÀNG'!$H$6:$H$505,$A66,'NHẬP ĐƠN HÀNG'!$I$6:$I$505)) | C66: =IF($A66="","",SUMIF('NHẬP ĐƠN HÀNG'!$H$6:$H$505,$A66,'NHẬP ĐƠN HÀNG'!$L$6:$L$505)) | D66: =IF($A66="","",SUMIF('NHẬP ĐƠN HÀNG'!$H$6:$H$505,$A66,'NHẬP ĐƠN HÀNG'!$T$6:$T$505)) | E66: =IF($A66="","",SUMIF('NHẬP ĐƠN HÀNG'!$H$6:$H$505,$A66,'NHẬP ĐƠN HÀNG'!$U$6:$U$505)) | F66: =IF(OR($A66="",$C66=0),"",$E66/$C66)
A67: =IFERROR(INDEX('NHẬP ĐƠN HÀNG'!$H$6:$H$505,MATCH(35,'NHẬP ĐƠN HÀNG'!$AC$6:$AC$505,0)),"") | B67: =IF($A67="","",SUMIF('NHẬP ĐƠN HÀNG'!$H$6:$H$505,$A67,'NHẬP ĐƠN HÀNG'!$I$6:$I$505)) | C67: =IF($A67="","",SUMIF('NHẬP ĐƠN HÀNG'!$H$6:$H$505,$A67,'NHẬP ĐƠN HÀNG'!$L$6:$L$505)) | D67: =IF($A67="","",SUMIF('NHẬP ĐƠN HÀNG'!$H$6:$H$505,$A67,'NHẬP ĐƠN HÀNG'!$T$6:$T$505)) | E67: =IF($A67="","",SUMIF('NHẬP ĐƠN HÀNG'!$H$6:$H$505,$A67,'NHẬP ĐƠN HÀNG'!$U$6:$U$505)) | F67: =IF(OR($A67="",$C67=0),"",$E67/$C67)
A68: =IFERROR(INDEX('NHẬP ĐƠN HÀNG'!$H$6:$H$505,MATCH(36,'NHẬP ĐƠN HÀNG'!$AC$6:$AC$505,0)),"") | B68: =IF($A68="","",SUMIF('NHẬP ĐƠN HÀNG'!$H$6:$H$505,$A68,'NHẬP ĐƠN HÀNG'!$I$6:$I$505)) | C68: =IF($A68="","",SUMIF('NHẬP ĐƠN HÀNG'!$H$6:$H$505,$A68,'NHẬP ĐƠN HÀNG'!$L$6:$L$505)) | D68: =IF($A68="","",SUMIF('NHẬP ĐƠN HÀNG'!$H$6:$H$505,$A68,'NHẬP ĐƠN HÀNG'!$T$6:$T$505)) | E68: =IF($A68="","",SUMIF('NHẬP ĐƠN HÀNG'!$H$6:$H$505,$A68,'NHẬP ĐƠN HÀNG'!$U$6:$U$505)) | F68: =IF(OR($A68="",$C68=0),"",$E68/$C68)
A69: =IFERROR(INDEX('NHẬP ĐƠN HÀNG'!$H$6:$H$505,MATCH(37,'NHẬP ĐƠN HÀNG'!$AC$6:$AC$505,0)),"") | B69: =IF($A69="","",SUMIF('NHẬP ĐƠN HÀNG'!$H$6:$H$505,$A69,'NHẬP ĐƠN HÀNG'!$I$6:$I$505)) | C69: =IF($A69="","",SUMIF('NHẬP ĐƠN HÀNG'!$H$6:$H$505,$A69,'NHẬP ĐƠN HÀNG'!$L$6:$L$505)) | D69: =IF($A69="","",SUMIF('NHẬP ĐƠN HÀNG'!$H$6:$H$505,$A69,'NHẬP ĐƠN HÀNG'!$T$6:$T$505)) | E69: =IF($A69="","",SUMIF('NHẬP ĐƠN HÀNG'!$H$6:$H$505,$A69,'NHẬP ĐƠN HÀNG'!$U$6:$U$505)) | F69: =IF(OR($A69="",$C69=0),"",$E69/$C69)
A70: =IFERROR(INDEX('NHẬP ĐƠN HÀNG'!$H$6:$H$505,MATCH(38,'NHẬP ĐƠN HÀNG'!$AC$6:$AC$505,0)),"") | B70: =IF($A70="","",SUMIF('NHẬP ĐƠN HÀNG'!$H$6:$H$505,$A70,'NHẬP ĐƠN HÀNG'!$I$6:$I$505)) | C70: =IF($A70="","",SUMIF('NHẬP ĐƠN HÀNG'!$H$6:$H$505,$A70,'NHẬP ĐƠN HÀNG'!$L$6:$L$505)) | D70: =IF($A70="","",SUMIF('NHẬP ĐƠN HÀNG'!$H$6:$H$505,$A70,'NHẬP ĐƠN HÀNG'!$T$6:$T$505)) | E70: =IF($A70="","",SUMIF('NHẬP ĐƠN HÀNG'!$H$6:$H$505,$A70,'NHẬP ĐƠN HÀNG'!$U$6:$U$505)) | F70: =IF(OR($A70="",$C70=0),"",$E70/$C70)
A71: =IFERROR(INDEX('NHẬP ĐƠN HÀNG'!$H$6:$H$505,MATCH(39,'NHẬP ĐƠN HÀNG'!$AC$6:$AC$505,0)),"") | B71: =IF($A71="","",SUMIF('NHẬP ĐƠN HÀNG'!$H$6:$H$505,$A71,'NHẬP ĐƠN HÀNG'!$I$6:$I$505)) | C71: =IF($A71="","",SUMIF('NHẬP ĐƠN HÀNG'!$H$6:$H$505,$A71,'NHẬP ĐƠN HÀNG'!$L$6:$L$505)) | D71: =IF($A71="","",SUMIF('NHẬP ĐƠN HÀNG'!$H$6:$H$505,$A71,'NHẬP ĐƠN HÀNG'!$T$6:$T$505)) | E71: =IF($A71="","",SUMIF('NHẬP ĐƠN HÀNG'!$H$6:$H$505,$A71,'NHẬP ĐƠN HÀNG'!$U$6:$U$505)) | F71: =IF(OR($A71="",$C71=0),"",$E71/$C71)
A72: =IFERROR(INDEX('NHẬP ĐƠN HÀNG'!$H$6:$H$505,MATCH(40,'NHẬP ĐƠN HÀNG'!$AC$6:$AC$505,0)),"") | B72: =IF($A72="","",SUMIF('NHẬP ĐƠN HÀNG'!$H$6:$H$505,$A72,'NHẬP ĐƠN HÀNG'!$I$6:$I$505)) | C72: =IF($A72="","",SUMIF('NHẬP ĐƠN HÀNG'!$H$6:$H$505,$A72,'NHẬP ĐƠN HÀNG'!$L$6:$L$505)) | D72: =IF($A72="","",SUMIF('NHẬP ĐƠN HÀNG'!$H$6:$H$505,$A72,'NHẬP ĐƠN HÀNG'!$T$6:$T$505)) | E72: =IF($A72="","",SUMIF('NHẬP ĐƠN HÀNG'!$H$6:$H$505,$A72,'NHẬP ĐƠN HÀNG'!$U$6:$U$505)) | F72: =IF(OR($A72="",$C72=0),"",$E72/$C72)
A73: =IFERROR(INDEX('NHẬP ĐƠN HÀNG'!$H$6:$H$505,MATCH(41,'NHẬP ĐƠN HÀNG'!$AC$6:$AC$505,0)),"") | B73: =IF($A73="","",SUMIF('NHẬP ĐƠN HÀNG'!$H$6:$H$505,$A73,'NHẬP ĐƠN HÀNG'!$I$6:$I$505)) | C73: =IF($A73="","",SUMIF('NHẬP ĐƠN HÀNG'!$H$6:$H$505,$A73,'NHẬP ĐƠN HÀNG'!$L$6:$L$505)) | D73: =IF($A73="","",SUMIF('NHẬP ĐƠN HÀNG'!$H$6:$H$505,$A73,'NHẬP ĐƠN HÀNG'!$T$6:$T$505)) | E73: =IF($A73="","",SUMIF('NHẬP ĐƠN HÀNG'!$H$6:$H$505,$A73,'NHẬP ĐƠN HÀNG'!$U$6:$U$505)) | F73: =IF(OR($A73="",$C73=0),"",$E73/$C73)
A74: =IFERROR(INDEX('NHẬP ĐƠN HÀNG'!$H$6:$H$505,MATCH(42,'NHẬP ĐƠN HÀNG'!$AC$6:$AC$505,0)),"") | B74: =IF($A74="","",SUMIF('NHẬP ĐƠN HÀNG'!$H$6:$H$505,$A74,'NHẬP ĐƠN HÀNG'!$I$6:$I$505)) | C74: =IF($A74="","",SUMIF('NHẬP ĐƠN HÀNG'!$H$6:$H$505,$A74,'NHẬP ĐƠN HÀNG'!$L$6:$L$505)) | D74: =IF($A74="","",SUMIF('NHẬP ĐƠN HÀNG'!$H$6:$H$505,$A74,'NHẬP ĐƠN HÀNG'!$T$6:$T$505)) | E74: =IF($A74="","",SUMIF('NHẬP ĐƠN HÀNG'!$H$6:$H$505,$A74,'NHẬP ĐƠN HÀNG'!$U$6:$U$505)) | F74: =IF(OR($A74="",$C74=0),"",$E74/$C74)
A75: =IFERROR(INDEX('NHẬP ĐƠN HÀNG'!$H$6:$H$505,MATCH(43,'NHẬP ĐƠN HÀNG'!$AC$6:$AC$505,0)),"") | B75: =IF($A75="","",SUMIF('NHẬP ĐƠN HÀNG'!$H$6:$H$505,$A75,'NHẬP ĐƠN HÀNG'!$I$6:$I$505)) | C75: =IF($A75="","",SUMIF('NHẬP ĐƠN HÀNG'!$H$6:$H$505,$A75,'NHẬP ĐƠN HÀNG'!$L$6:$L$505)) | D75: =IF($A75="","",SUMIF('NHẬP ĐƠN HÀNG'!$H$6:$H$505,$A75,'NHẬP ĐƠN HÀNG'!$T$6:$T$505)) | E75: =IF($A75="","",SUMIF('NHẬP ĐƠN HÀNG'!$H$6:$H$505,$A75,'NHẬP ĐƠN HÀNG'!$U$6:$U$505)) | F75: =IF(OR($A75="",$C75=0),"",$E75/$C75)
A76: =IFERROR(INDEX('NHẬP ĐƠN HÀNG'!$H$6:$H$505,MATCH(44,'NHẬP ĐƠN HÀNG'!$AC$6:$AC$505,0)),"") | B76: =IF($A76="","",SUMIF('NHẬP ĐƠN HÀNG'!$H$6:$H$505,$A76,'NHẬP ĐƠN HÀNG'!$I$6:$I$505)) | C76: =IF($A76="","",SUMIF('NHẬP ĐƠN HÀNG'!$H$6:$H$505,$A76,'NHẬP ĐƠN HÀNG'!$L$6:$L$505)) | D76: =IF($A76="","",SUMIF('NHẬP ĐƠN HÀNG'!$H$6:$H$505,$A76,'NHẬP ĐƠN HÀNG'!$T$6:$T$505)) | E76: =IF($A76="","",SUMIF('NHẬP ĐƠN HÀNG'!$H$6:$H$505,$A76,'NHẬP ĐƠN HÀNG'!$U$6:$U$505)) | F76: =IF(OR($A76="",$C76=0),"",$E76/$C76)
A77: =IFERROR(INDEX('NHẬP ĐƠN HÀNG'!$H$6:$H$505,MATCH(45,'NHẬP ĐƠN HÀNG'!$AC$6:$AC$505,0)),"") | B77: =IF($A77="","",SUMIF('NHẬP ĐƠN HÀNG'!$H$6:$H$505,$A77,'NHẬP ĐƠN HÀNG'!$I$6:$I$505)) | C77: =IF($A77="","",SUMIF('NHẬP ĐƠN HÀNG'!$H$6:$H$505,$A77,'NHẬP ĐƠN HÀNG'!$L$6:$L$505)) | D77: =IF($A77="","",SUMIF('NHẬP ĐƠN HÀNG'!$H$6:$H$505,$A77,'NHẬP ĐƠN HÀNG'!$T$6:$T$505)) | E77: =IF($A77="","",SUMIF('NHẬP ĐƠN HÀNG'!$H$6:$H$505,$A77,'NHẬP ĐƠN HÀNG'!$U$6:$U$505)) | F77: =IF(OR($A77="",$C77=0),"",$E77/$C77)
A78: =IFERROR(INDEX('NHẬP ĐƠN HÀNG'!$H$6:$H$505,MATCH(46,'NHẬP ĐƠN HÀNG'!$AC$6:$AC$505,0)),"") | B78: =IF($A78="","",SUMIF('NHẬP ĐƠN HÀNG'!$H$6:$H$505,$A78,'NHẬP ĐƠN HÀNG'!$I$6:$I$505)) | C78: =IF($A78="","",SUMIF('NHẬP ĐƠN HÀNG'!$H$6:$H$505,$A78,'NHẬP ĐƠN HÀNG'!$L$6:$L$505)) | D78: =IF($A78="","",SUMIF('NHẬP ĐƠN HÀNG'!$H$6:$H$505,$A78,'NHẬP ĐƠN HÀNG'!$T$6:$T$505)) | E78: =IF($A78="","",SUMIF('NHẬP ĐƠN HÀNG'!$H$6:$H$505,$A78,'NHẬP ĐƠN HÀNG'!$U$6:$U$505)) | F78: =IF(OR($A78="",$C78=0),"",$E78/$C78)
A79: =IFERROR(INDEX('NHẬP ĐƠN HÀNG'!$H$6:$H$505,MATCH(47,'NHẬP ĐƠN HÀNG'!$AC$6:$AC$505,0)),"") | B79: =IF($A79="","",SUMIF('NHẬP ĐƠN HÀNG'!$H$6:$H$505,$A79,'NHẬP ĐƠN HÀNG'!$I$6:$I$505)) | C79: =IF($A79="","",SUMIF('NHẬP ĐƠN HÀNG'!$H$6:$H$505,$A79,'NHẬP ĐƠN HÀNG'!$L$6:$L$505)) | D79: =IF($A79="","",SUMIF('NHẬP ĐƠN HÀNG'!$H$6:$H$505,$A79,'NHẬP ĐƠN HÀNG'!$T$6:$T$505)) | E79: =IF($A79="","",SUMIF('NHẬP ĐƠN HÀNG'!$H$6:$H$505,$A79,'NHẬP ĐƠN HÀNG'!$U$6:$U$505)) | F79: =IF(OR($A79="",$C79=0),"",$E79/$C79)
A80: =IFERROR(INDEX('NHẬP ĐƠN HÀNG'!$H$6:$H$505,MATCH(48,'NHẬP ĐƠN HÀNG'!$AC$6:$AC$505,0)),"") | B80: =IF($A80="","",SUMIF('NHẬP ĐƠN HÀNG'!$H$6:$H$505,$A80,'NHẬP ĐƠN HÀNG'!$I$6:$I$505)) | C80: =IF($A80="","",SUMIF('NHẬP ĐƠN HÀNG'!$H$6:$H$505,$A80,'NHẬP ĐƠN HÀNG'!$L$6:$L$505)) | D80: =IF($A80="","",SUMIF('NHẬP ĐƠN HÀNG'!$H$6:$H$505,$A80,'NHẬP ĐƠN HÀNG'!$T$6:$T$505)) | E80: =IF($A80="","",SUMIF('NHẬP ĐƠN HÀNG'!$H$6:$H$505,$A80,'NHẬP ĐƠN HÀNG'!$U$6:$U$505)) | F80: =IF(OR($A80="",$C80=0),"",$E80/$C80)
A81: =IFERROR(INDEX('NHẬP ĐƠN HÀNG'!$H$6:$H$505,MATCH(49,'NHẬP ĐƠN HÀNG'!$AC$6:$AC$505,0)),"") | B81: =IF($A81="","",SUMIF('NHẬP ĐƠN HÀNG'!$H$6:$H$505,$A81,'NHẬP ĐƠN HÀNG'!$I$6:$I$505)) | C81: =IF($A81="","",SUMIF('NHẬP ĐƠN HÀNG'!$H$6:$H$505,$A81,'NHẬP ĐƠN HÀNG'!$L$6:$L$505)) | D81: =IF($A81="","",SUMIF('NHẬP ĐƠN HÀNG'!$H$6:$H$505,$A81,'NHẬP ĐƠN HÀNG'!$T$6:$T$505)) | E81: =IF($A81="","",SUMIF('NHẬP ĐƠN HÀNG'!$H$6:$H$505,$A81,'NHẬP ĐƠN HÀNG'!$U$6:$U$505)) | F81: =IF(OR($A81="",$C81=0),"",$E81/$C81)
A82: =IFERROR(INDEX('NHẬP ĐƠN HÀNG'!$H$6:$H$505,MATCH(50,'NHẬP ĐƠN HÀNG'!$AC$6:$AC$505,0)),"") | B82: =IF($A82="","",SUMIF('NHẬP ĐƠN HÀNG'!$H$6:$H$505,$A82,'NHẬP ĐƠN HÀNG'!$I$6:$I$505)) | C82: =IF($A82="","",SUMIF('NHẬP ĐƠN HÀNG'!$H$6:$H$505,$A82,'NHẬP ĐƠN HÀNG'!$L$6:$L$505)) | D82: =IF($A82="","",SUMIF('NHẬP ĐƠN HÀNG'!$H$6:$H$505,$A82,'NHẬP ĐƠN HÀNG'!$T$6:$T$505)) | E82: =IF($A82="","",SUMIF('NHẬP ĐƠN HÀNG'!$H$6:$H$505,$A82,'NHẬP ĐƠN HÀNG'!$U$6:$U$505)) | F82: =IF(OR($A82="",$C82=0),"",$E82/$C82)
A83: =IFERROR(INDEX('NHẬP ĐƠN HÀNG'!$H$6:$H$505,MATCH(51,'NHẬP ĐƠN HÀNG'!$AC$6:$AC$505,0)),"") | B83: =IF($A83="","",SUMIF('NHẬP ĐƠN HÀNG'!$H$6:$H$505,$A83,'NHẬP ĐƠN HÀNG'!$I$6:$I$505)) | C83: =IF($A83="","",SUMIF('NHẬP ĐƠN HÀNG'!$H$6:$H$505,$A83,'NHẬP ĐƠN HÀNG'!$L$6:$L$505)) | D83: =IF($A83="","",SUMIF('NHẬP ĐƠN HÀNG'!$H$6:$H$505,$A83,'NHẬP ĐƠN HÀNG'!$T$6:$T$505)) | E83: =IF($A83="","",SUMIF('NHẬP ĐƠN HÀNG'!$H$6:$H$505,$A83,'NHẬP ĐƠN HÀNG'!$U$6:$U$505)) | F83: =IF(OR($A83="",$C83=0),"",$E83/$C83)
A84: =IFERROR(INDEX('NHẬP ĐƠN HÀNG'!$H$6:$H$505,MATCH(52,'NHẬP ĐƠN HÀNG'!$AC$6:$AC$505,0)),"") | B84: =IF($A84="","",SUMIF('NHẬP ĐƠN HÀNG'!$H$6:$H$505,$A84,'NHẬP ĐƠN HÀNG'!$I$6:$I$505)) | C84: =IF($A84="","",SUMIF('NHẬP ĐƠN HÀNG'!$H$6:$H$505,$A84,'NHẬP ĐƠN HÀNG'!$L$6:$L$505)) | D84: =IF($A84="","",SUMIF('NHẬP ĐƠN HÀNG'!$H$6:$H$505,$A84,'NHẬP ĐƠN HÀNG'!$T$6:$T$505)) | E84: =IF($A84="","",SUMIF('NHẬP ĐƠN HÀNG'!$H$6:$H$505,$A84,'NHẬP ĐƠN HÀNG'!$U$6:$U$505)) | F84: =IF(OR($A84="",$C84=0),"",$E84/$C84)
A85: =IFERROR(INDEX('NHẬP ĐƠN HÀNG'!$H$6:$H$505,MATCH(53,'NHẬP ĐƠN HÀNG'!$AC$6:$AC$505,0)),"") | B85: =IF($A85="","",SUMIF('NHẬP ĐƠN HÀNG'!$H$6:$H$505,$A85,'NHẬP ĐƠN HÀNG'!$I$6:$I$505)) | C85: =IF($A85="","",SUMIF('NHẬP ĐƠN HÀNG'!$H$6:$H$505,$A85,'NHẬP ĐƠN HÀNG'!$L$6:$L$505)) | D85: =IF($A85="","",SUMIF('NHẬP ĐƠN HÀNG'!$H$6:$H$505,$A85,'NHẬP ĐƠN HÀNG'!$T$6:$T$505)) | E85: =IF($A85="","",SUMIF('NHẬP ĐƠN HÀNG'!$H$6:$H$505,$A85,'NHẬP ĐƠN HÀNG'!$U$6:$U$505)) | F85: =IF(OR($A85="",$C85=0),"",$E85/$C85)
A86: =IFERROR(INDEX('NHẬP ĐƠN HÀNG'!$H$6:$H$505,MATCH(54,'NHẬP ĐƠN HÀNG'!$AC$6:$AC$505,0)),"") | B86: =IF($A86="","",SUMIF('NHẬP ĐƠN HÀNG'!$H$6:$H$505,$A86,'NHẬP ĐƠN HÀNG'!$I$6:$I$505)) | C86: =IF($A86="","",SUMIF('NHẬP ĐƠN HÀNG'!$H$6:$H$505,$A86,'NHẬP ĐƠN HÀNG'!$L$6:$L$505)) | D86: =IF($A86="","",SUMIF('NHẬP ĐƠN HÀNG'!$H$6:$H$505,$A86,'NHẬP ĐƠN HÀNG'!$T$6:$T$505)) | E86: =IF($A86="","",SUMIF('NHẬP ĐƠN HÀNG'!$H$6:$H$505,$A86,'NHẬP ĐƠN HÀNG'!$U$6:$U$505)) | F86: =IF(OR($A86="",$C86=0),"",$E86/$C86)
A87: =IFERROR(INDEX('NHẬP ĐƠN HÀNG'!$H$6:$H$505,MATCH(55,'NHẬP ĐƠN HÀNG'!$AC$6:$AC$505,0)),"") | B87: =IF($A87="","",SUMIF('NHẬP ĐƠN HÀNG'!$H$6:$H$505,$A87,'NHẬP ĐƠN HÀNG'!$I$6:$I$505)) | C87: =IF($A87="","",SUMIF('NHẬP ĐƠN HÀNG'!$H$6:$H$505,$A87,'NHẬP ĐƠN HÀNG'!$L$6:$L$505)) | D87: =IF($A87="","",SUMIF('NHẬP ĐƠN HÀNG'!$H$6:$H$505,$A87,'NHẬP ĐƠN HÀNG'!$T$6:$T$505)) | E87: =IF($A87="","",SUMIF('NHẬP ĐƠN HÀNG'!$H$6:$H$505,$A87,'NHẬP ĐƠN HÀNG'!$U$6:$U$505)) | F87: =IF(OR($A87="",$C87=0),"",$E87/$C87)
A88: =IFERROR(INDEX('NHẬP ĐƠN HÀNG'!$H$6:$H$505,MATCH(56,'NHẬP ĐƠN HÀNG'!$AC$6:$AC$505,0)),"") | B88: =IF($A88="","",SUMIF('NHẬP ĐƠN HÀNG'!$H$6:$H$505,$A88,'NHẬP ĐƠN HÀNG'!$I$6:$I$505)) | C88: =IF($A88="","",SUMIF('NHẬP ĐƠN HÀNG'!$H$6:$H$505,$A88,'NHẬP ĐƠN HÀNG'!$L$6:$L$505)) | D88: =IF($A88="","",SUMIF('NHẬP ĐƠN HÀNG'!$H$6:$H$505,$A88,'NHẬP ĐƠN HÀNG'!$T$6:$T$505)) | E88: =IF($A88="","",SUMIF('NHẬP ĐƠN HÀNG'!$H$6:$H$505,$A88,'NHẬP ĐƠN HÀNG'!$U$6:$U$505)) | F88: =IF(OR($A88="",$C88=0),"",$E88/$C88)
A89: =IFERROR(INDEX('NHẬP ĐƠN HÀNG'!$H$6:$H$505,MATCH(57,'NHẬP ĐƠN HÀNG'!$AC$6:$AC$505,0)),"") | B89: =IF($A89="","",SUMIF('NHẬP ĐƠN HÀNG'!$H$6:$H$505,$A89,'NHẬP ĐƠN HÀNG'!$I$6:$I$505)) | C89: =IF($A89="","",SUMIF('NHẬP ĐƠN HÀNG'!$H$6:$H$505,$A89,'NHẬP ĐƠN HÀNG'!$L$6:$L$505)) | D89: =IF($A89="","",SUMIF('NHẬP ĐƠN HÀNG'!$H$6:$H$505,$A89,'NHẬP ĐƠN HÀNG'!$T$6:$T$505)) | E89: =IF($A89="","",SUMIF('NHẬP ĐƠN HÀNG'!$H$6:$H$505,$A89,'NHẬP ĐƠN HÀNG'!$U$6:$U$505)) | F89: =IF(OR($A89="",$C89=0),"",$E89/$C89)
A90: =IFERROR(INDEX('NHẬP ĐƠN HÀNG'!$H$6:$H$505,MATCH(58,'NHẬP ĐƠN HÀNG'!$AC$6:$AC$505,0)),"") | B90: =IF($A90="","",SUMIF('NHẬP ĐƠN HÀNG'!$H$6:$H$505,$A90,'NHẬP ĐƠN HÀNG'!$I$6:$I$505)) | C90: =IF($A90="","",SUMIF('NHẬP ĐƠN HÀNG'!$H$6:$H$505,$A90,'NHẬP ĐƠN HÀNG'!$L$6:$L$505)) | D90: =IF($A90="","",SUMIF('NHẬP ĐƠN HÀNG'!$H$6:$H$505,$A90,'NHẬP ĐƠN HÀNG'!$T$6:$T$505)) | E90: =IF($A90="","",SUMIF('NHẬP ĐƠN HÀNG'!$H$6:$H$505,$A90,'NHẬP ĐƠN HÀNG'!$U$6:$U$505)) | F90: =IF(OR($A90="",$C90=0),"",$E90/$C90)
A91: =IFERROR(INDEX('NHẬP ĐƠN HÀNG'!$H$6:$H$505,MATCH(59,'NHẬP ĐƠN HÀNG'!$AC$6:$AC$505,0)),"") | B91: =IF($A91="","",SUMIF('NHẬP ĐƠN HÀNG'!$H$6:$H$505,$A91,'NHẬP ĐƠN HÀNG'!$I$6:$I$505)) | C91: =IF($A91="","",SUMIF('NHẬP ĐƠN HÀNG'!$H$6:$H$505,$A91,'NHẬP ĐƠN HÀNG'!$L$6:$L$505)) | D91: =IF($A91="","",SUMIF('NHẬP ĐƠN HÀNG'!$H$6:$H$505,$A91,'NHẬP ĐƠN HÀNG'!$T$6:$T$505)) | E91: =IF($A91="","",SUMIF('NHẬP ĐƠN HÀNG'!$H$6:$H$505,$A91,'NHẬP ĐƠN HÀNG'!$U$6:$U$505)) | F91: =IF(OR($A91="",$C91=0),"",$E91/$C91)
A92: =IFERROR(INDEX('NHẬP ĐƠN HÀNG'!$H$6:$H$505,MATCH(60,'NHẬP ĐƠN HÀNG'!$AC$6:$AC$505,0)),"") | B92: =IF($A92="","",SUMIF('NHẬP ĐƠN HÀNG'!$H$6:$H$505,$A92,'NHẬP ĐƠN HÀNG'!$I$6:$I$505)) | C92: =IF($A92="","",SUMIF('NHẬP ĐƠN HÀNG'!$H$6:$H$505,$A92,'NHẬP ĐƠN HÀNG'!$L$6:$L$505)) | D92: =IF($A92="","",SUMIF('NHẬP ĐƠN HÀNG'!$H$6:$H$505,$A92,'NHẬP ĐƠN HÀNG'!$T$6:$T$505)) | E92: =IF($A92="","",SUMIF('NHẬP ĐƠN HÀNG'!$H$6:$H$505,$A92,'NHẬP ĐƠN HÀNG'!$U$6:$U$505)) | F92: =IF(OR($A92="",$C92=0),"",$E92/$C92)
A93: =IFERROR(INDEX('NHẬP ĐƠN HÀNG'!$H$6:$H$505,MATCH(61,'NHẬP ĐƠN HÀNG'!$AC$6:$AC$505,0)),"") | B93: =IF($A93="","",SUMIF('NHẬP ĐƠN HÀNG'!$H$6:$H$505,$A93,'NHẬP ĐƠN HÀNG'!$I$6:$I$505)) | C93: =IF($A93="","",SUMIF('NHẬP ĐƠN HÀNG'!$H$6:$H$505,$A93,'NHẬP ĐƠN HÀNG'!$L$6:$L$505)) | D93: =IF($A93="","",SUMIF('NHẬP ĐƠN HÀNG'!$H$6:$H$505,$A93,'NHẬP ĐƠN HÀNG'!$T$6:$T$505)) | E93: =IF($A93="","",SUMIF('NHẬP ĐƠN HÀNG'!$H$6:$H$505,$A93,'NHẬP ĐƠN HÀNG'!$U$6:$U$505)) | F93: =IF(OR($A93="",$C93=0),"",$E93/$C93)
A94: =IFERROR(INDEX('NHẬP ĐƠN HÀNG'!$H$6:$H$505,MATCH(62,'NHẬP ĐƠN HÀNG'!$AC$6:$AC$505,0)),"") | B94: =IF($A94="","",SUMIF('NHẬP ĐƠN HÀNG'!$H$6:$H$505,$A94,'NHẬP ĐƠN HÀNG'!$I$6:$I$505)) | C94: =IF($A94="","",SUMIF('NHẬP ĐƠN HÀNG'!$H$6:$H$505,$A94,'NHẬP ĐƠN HÀNG'!$L$6:$L$505)) | D94: =IF($A94="","",SUMIF('NHẬP ĐƠN HÀNG'!$H$6:$H$505,$A94,'NHẬP ĐƠN HÀNG'!$T$6:$T$505)) | E94: =IF($A94="","",SUMIF('NHẬP ĐƠN HÀNG'!$H$6:$H$505,$A94,'NHẬP ĐƠN HÀNG'!$U$6:$U$505)) | F94: =IF(OR($A94="",$C94=0),"",$E94/$C94)
A95: =IFERROR(INDEX('NHẬP ĐƠN HÀNG'!$H$6:$H$505,MATCH(63,'NHẬP ĐƠN HÀNG'!$AC$6:$AC$505,0)),"") | B95: =IF($A95="","",SUMIF('NHẬP ĐƠN HÀNG'!$H$6:$H$505,$A95,'NHẬP ĐƠN HÀNG'!$I$6:$I$505)) | C95: =IF($A95="","",SUMIF('NHẬP ĐƠN HÀNG'!$H$6:$H$505,$A95,'NHẬP ĐƠN HÀNG'!$L$6:$L$505)) | D95: =IF($A95="","",SUMIF('NHẬP ĐƠN HÀNG'!$H$6:$H$505,$A95,'NHẬP ĐƠN HÀNG'!$T$6:$T$505)) | E95: =IF($A95="","",SUMIF('NHẬP ĐƠN HÀNG'!$H$6:$H$505,$A95,'NHẬP ĐƠN HÀNG'!$U$6:$U$505)) | F95: =IF(OR($A95="",$C95=0),"",$E95/$C95)
A96: =IFERROR(INDEX('NHẬP ĐƠN HÀNG'!$H$6:$H$505,MATCH(64,'NHẬP ĐƠN HÀNG'!$AC$6:$AC$505,0)),"") | B96: =IF($A96="","",SUMIF('NHẬP ĐƠN HÀNG'!$H$6:$H$505,$A96,'NHẬP ĐƠN HÀNG'!$I$6:$I$505)) | C96: =IF($A96="","",SUMIF('NHẬP ĐƠN HÀNG'!$H$6:$H$505,$A96,'NHẬP ĐƠN HÀNG'!$L$6:$L$505)) | D96: =IF($A96="","",SUMIF('NHẬP ĐƠN HÀNG'!$H$6:$H$505,$A96,'NHẬP ĐƠN HÀNG'!$T$6:$T$505)) | E96: =IF($A96="","",SUMIF('NHẬP ĐƠN HÀNG'!$H$6:$H$505,$A96,'NHẬP ĐƠN HÀNG'!$U$6:$U$505)) | F96: =IF(OR($A96="",$C96=0),"",$E96/$C96)
A97: =IFERROR(INDEX('NHẬP ĐƠN HÀNG'!$H$6:$H$505,MATCH(65,'NHẬP ĐƠN HÀNG'!$AC$6:$AC$505,0)),"") | B97: =IF($A97="","",SUMIF('NHẬP ĐƠN HÀNG'!$H$6:$H$505,$A97,'NHẬP ĐƠN HÀNG'!$I$6:$I$505)) | C97: =IF($A97="","",SUMIF('NHẬP ĐƠN HÀNG'!$H$6:$H$505,$A97,'NHẬP ĐƠN HÀNG'!$L$6:$L$505)) | D97: =IF($A97="","",SUMIF('NHẬP ĐƠN HÀNG'!$H$6:$H$505,$A97,'NHẬP ĐƠN HÀNG'!$T$6:$T$505)) | E97: =IF($A97="","",SUMIF('NHẬP ĐƠN HÀNG'!$H$6:$H$505,$A97,'NHẬP ĐƠN HÀNG'!$U$6:$U$505)) | F97: =IF(OR($A97="",$C97=0),"",$E97/$C97)
A98: =IFERROR(INDEX('NHẬP ĐƠN HÀNG'!$H$6:$H$505,MATCH(66,'NHẬP ĐƠN HÀNG'!$AC$6:$AC$505,0)),"") | B98: =IF($A98="","",SUMIF('NHẬP ĐƠN HÀNG'!$H$6:$H$505,$A98,'NHẬP ĐƠN HÀNG'!$I$6:$I$505)) | C98: =IF($A98="","",SUMIF('NHẬP ĐƠN HÀNG'!$H$6:$H$505,$A98,'NHẬP ĐƠN HÀNG'!$L$6:$L$505)) | D98: =IF($A98="","",SUMIF('NHẬP ĐƠN HÀNG'!$H$6:$H$505,$A98,'NHẬP ĐƠN HÀNG'!$T$6:$T$505)) | E98: =IF($A98="","",SUMIF('NHẬP ĐƠN HÀNG'!$H$6:$H$505,$A98,'NHẬP ĐƠN HÀNG'!$U$6:$U$505)) | F98: =IF(OR($A98="",$C98=0),"",$E98/$C98)
A99: =IFERROR(INDEX('NHẬP ĐƠN HÀNG'!$H$6:$H$505,MATCH(67,'NHẬP ĐƠN HÀNG'!$AC$6:$AC$505,0)),"") | B99: =IF($A99="","",SUMIF('NHẬP ĐƠN HÀNG'!$H$6:$H$505,$A99,'NHẬP ĐƠN HÀNG'!$I$6:$I$505)) | C99: =IF($A99="","",SUMIF('NHẬP ĐƠN HÀNG'!$H$6:$H$505,$A99,'NHẬP ĐƠN HÀNG'!$L$6:$L$505)) | D99: =IF($A99="","",SUMIF('NHẬP ĐƠN HÀNG'!$H$6:$H$505,$A99,'NHẬP ĐƠN HÀNG'!$T$6:$T$505)) | E99: =IF($A99="","",SUMIF('NHẬP ĐƠN HÀNG'!$H$6:$H$505,$A99,'NHẬP ĐƠN HÀNG'!$U$6:$U$505)) | F99: =IF(OR($A99="",$C99=0),"",$E99/$C99)
A100: =IFERROR(INDEX('NHẬP ĐƠN HÀNG'!$H$6:$H$505,MATCH(68,'NHẬP ĐƠN HÀNG'!$AC$6:$AC$505,0)),"") | B100: =IF($A100="","",SUMIF('NHẬP ĐƠN HÀNG'!$H$6:$H$505,$A100,'NHẬP ĐƠN HÀNG'!$I$6:$I$505)) | C100: =IF($A100="","",SUMIF('NHẬP ĐƠN HÀNG'!$H$6:$H$505,$A100,'NHẬP ĐƠN HÀNG'!$L$6:$L$505)) | D100: =IF($A100="","",SUMIF('NHẬP ĐƠN HÀNG'!$H$6:$H$505,$A100,'NHẬP ĐƠN HÀNG'!$T$6:$T$505)) | E100: =IF($A100="","",SUMIF('NHẬP ĐƠN HÀNG'!$H$6:$H$505,$A100,'NHẬP ĐƠN HÀNG'!$U$6:$U$505)) | F100: =IF(OR($A100="",$C100=0),"",$E100/$C100)
A101: =IFERROR(INDEX('NHẬP ĐƠN HÀNG'!$H$6:$H$505,MATCH(69,'NHẬP ĐƠN HÀNG'!$AC$6:$AC$505,0)),"") | B101: =IF($A101="","",SUMIF('NHẬP ĐƠN HÀNG'!$H$6:$H$505,$A101,'NHẬP ĐƠN HÀNG'!$I$6:$I$505)) | C101: =IF($A101="","",SUMIF('NHẬP ĐƠN HÀNG'!$H$6:$H$505,$A101,'NHẬP ĐƠN HÀNG'!$L$6:$L$505)) | D101: =IF($A101="","",SUMIF('NHẬP ĐƠN HÀNG'!$H$6:$H$505,$A101,'NHẬP ĐƠN HÀNG'!$T$6:$T$505)) | E101: =IF($A101="","",SUMIF('NHẬP ĐƠN HÀNG'!$H$6:$H$505,$A101,'NHẬP ĐƠN HÀNG'!$U$6:$U$505)) | F101: =IF(OR($A101="",$C101=0),"",$E101/$C101)
A102: =IFERROR(INDEX('NHẬP ĐƠN HÀNG'!$H$6:$H$505,MATCH(70,'NHẬP ĐƠN HÀNG'!$AC$6:$AC$505,0)),"") | B102: =IF($A102="","",SUMIF('NHẬP ĐƠN HÀNG'!$H$6:$H$505,$A102,'NHẬP ĐƠN HÀNG'!$I$6:$I$505)) | C102: =IF($A102="","",SUMIF('NHẬP ĐƠN HÀNG'!$H$6:$H$505,$A102,'NHẬP ĐƠN HÀNG'!$L$6:$L$505)) | D102: =IF($A102="","",SUMIF('NHẬP ĐƠN HÀNG'!$H$6:$H$505,$A102,'NHẬP ĐƠN HÀNG'!$T$6:$T$505)) | E102: =IF($A102="","",SUMIF('NHẬP ĐƠN HÀNG'!$H$6:$H$505,$A102,'NHẬP ĐƠN HÀNG'!$U$6:$U$505)) | F102: =IF(OR($A102="",$C102=0),"",$E102/$C102)
A103: =IFERROR(INDEX('NHẬP ĐƠN HÀNG'!$H$6:$H$505,MATCH(71,'NHẬP ĐƠN HÀNG'!$AC$6:$AC$505,0)),"") | B103: =IF($A103="","",SUMIF('NHẬP ĐƠN HÀNG'!$H$6:$H$505,$A103,'NHẬP ĐƠN HÀNG'!$I$6:$I$505)) | C103: =IF($A103="","",SUMIF('NHẬP ĐƠN HÀNG'!$H$6:$H$505,$A103,'NHẬP ĐƠN HÀNG'!$L$6:$L$505)) | D103: =IF($A103="","",SUMIF('NHẬP ĐƠN HÀNG'!$H$6:$H$505,$A103,'NHẬP ĐƠN HÀNG'!$T$6:$T$505)) | E103: =IF($A103="","",SUMIF('NHẬP ĐƠN HÀNG'!$H$6:$H$505,$A103,'NHẬP ĐƠN HÀNG'!$U$6:$U$505)) | F103: =IF(OR($A103="",$C103=0),"",$E103/$C103)
...

Sheet KHÁCH HÀNG
A1: DANH SÁCH KHÁCH HÀNG (TỰ ĐỘNG GOM TỪ SHEET NHẬP ĐƠN HÀNG)
A2: Không nhập gì ở đây. Cứ nhập đơn là khách tự xuất hiện kèm tổng mua, đã trả, còn nợ và lãi.
A5: STT | B5: TÊN KHÁCH HÀNG | C5: SỐ ĐIỆN THOẠI | D5: CÔNG TY | E5: MÃ SỐ THUẾ | F5: ĐỊA CHỈ GIAO HÀNG | G5: SỐ ĐƠN | H5: TỔNG TIỀN HÀNG (đ) | I5: TỔNG PHẢI THU (đ) | J5: ĐÃ THANH TOÁN (đ) | K5: CÒN NỢ (đ) | L5: LÃI TỪ KHÁCH (đ) | M5: LẦN MUA GẦN NHẤT | N5: PHÂN LOẠI VAT
A6: =IF($B6="","",1) -> 1 | B6: =IFERROR(INDEX('NHẬP ĐƠN HÀNG'!$C$6:$C$505,MATCH(1,'NHẬP ĐƠN HÀNG'!$AB$6:$AB$505,0)),"") -> BGB - GẤU TỐT NGHIỆP AMES EL | C6: =IF($B6="","",IFERROR(IF(INDEX('NHẬP ĐƠN HÀNG'!$D$6:$D$505,MATCH($B6,'NHẬP ĐƠN HÀNG'!$C$6:$C$505,0))="","",INDEX('NHẬP ĐƠN HÀNG'!$D$6:$D$505,MATCH($B6,'NHẬP ĐƠN HÀNG'!$C$6:$C$505,0))),"")) -> 0865895498 | D6: =IF($B6="","",IFERROR(IF(INDEX('NHẬP ĐƠN HÀNG'!$E$6:$E$505,MATCH($B6,'NHẬP ĐƠN HÀNG'!$C$6:$C$505,0))="","",INDEX('NHẬP ĐƠN HÀNG'!$E$6:$E$505,MATCH($B6,'NHẬP ĐƠN HÀNG'!$C$6:$C$505,0))),"")) -> CÔNG TY CỔ PHẦN ĐÀO TẠO AMES - CHI NHÁNH THANH HÓA | E6: =IF($B6="","",IFERROR(IF(INDEX('NHẬP ĐƠN HÀNG'!$F$6:$F$505,MATCH($B6,'NHẬP ĐƠN HÀNG'!$C$6:$C$505,0))="","",INDEX('NHẬP ĐƠN HÀNG'!$F$6:$F$505,MATCH($B6,'NHẬP ĐƠN HÀNG'!$C$6:$C$505,0))),"")) -> 0402018889-005 | F6: =IF($B6="","",IFERROR(IF(INDEX('NHẬP ĐƠN HÀNG'!$G$6:$G$505,MATCH($B6,'NHẬP ĐƠN HÀNG'!$C$6:$C$505,0))="","",INDEX('NHẬP ĐƠN HÀNG'!$G$6:$G$505,MATCH($B6,'NHẬP ĐƠN HÀNG'!$C$6:$C$505,0))),"")) -> 18 Phan Chu Trinh, Hạc Thành, Thanh Hóa | G6: =IF($B6="","",COUNTIFS('NHẬP ĐƠN HÀNG'!$C$6:$C$505,$B6,'NHẬP ĐƠN HÀNG'!$L$6:$L$505,">0")) -> 1 | H6: =IF($B6="","",SUMIF('NHẬP ĐƠN HÀNG'!$C$6:$C$505,$B6,'NHẬP ĐƠN HÀNG'!$L$6:$L$505)) -> 1140000 | I6: =IF($B6="","",SUMIF('NHẬP ĐƠN HÀNG'!$C$6:$C$505,$B6,'NHẬP ĐƠN HÀNG'!$P$6:$P$505)) -> 1231200 | J6: =IF($B6="","",SUMIF('NHẬP ĐƠN HÀNG'!$C$6:$C$505,$B6,'NHẬP ĐƠN HÀNG'!$Q$6:$Q$505)) -> 0 | K6: =IF($B6="","",SUMIF('NHẬP ĐƠN HÀNG'!$C$6:$C$505,$B6,'NHẬP ĐƠN HÀNG'!$R$6:$R$505)) -> 1231200 | L6: =IF($B6="","",SUMIF('NHẬP ĐƠN HÀNG'!$C$6:$C$505,$B6,'NHẬP ĐƠN HÀNG'!$U$6:$U$505)) -> 340000 | M6: =IF($B6="","",IF(SUMPRODUCT(MAX(('NHẬP ĐƠN HÀNG'!$C$6:$C$505=$B6)*'NHẬP ĐƠN HÀNG'!$B$6:$B$505))=0,"",SUMPRODUCT(MAX(('NHẬP ĐƠN HÀNG'!$C$6:$C$505=$B6)*'NHẬP ĐƠN HÀNG'!$B$6:$B$505)))) | N6: =IF($B6="","",IF($G6=0,"Chưa có đơn",IF(COUNTIFS('NHẬP ĐƠN HÀNG'!$C$6:$C$505,$B6,'NHẬP ĐƠN HÀNG'!$N$6:$N$505,">0")>0,"Có lấy VAT","Không lấy VAT"))) -> Có lấy VAT
A7: =IF($B7="","",2) -> 2 | B7: =IFERROR(INDEX('NHẬP ĐƠN HÀNG'!$C$6:$C$505,MATCH(2,'NHẬP ĐƠN HÀNG'!$AB$6:$AB$505,0)),"") -> NGUYỆT ANH | C7: =IF($B7="","",IFERROR(IF(INDEX('NHẬP ĐƠN HÀNG'!$D$6:$D$505,MATCH($B7,'NHẬP ĐƠN HÀNG'!$C$6:$C$505,0))="","",INDEX('NHẬP ĐƠN HÀNG'!$D$6:$D$505,MATCH($B7,'NHẬP ĐƠN HÀNG'!$C$6:$C$505,0))),"")) -> 0914121088 | D7: =IF($B7="","",IFERROR(IF(INDEX('NHẬP ĐƠN HÀNG'!$E$6:$E$505,MATCH($B7,'NHẬP ĐƠN HÀNG'!$C$6:$C$505,0))="","",INDEX('NHẬP ĐƠN HÀNG'!$E$6:$E$505,MATCH($B7,'NHẬP ĐƠN HÀNG'!$C$6:$C$505,0))),"")) -> BGB - K2 NBK 130C | E7: =IF($B7="","",IFERROR(IF(INDEX('NHẬP ĐƠN HÀNG'!$F$6:$F$505,MATCH($B7,'NHẬP ĐƠN HÀNG'!$C$6:$C$505,0))="","",INDEX('NHẬP ĐƠN HÀNG'!$F$6:$F$505,MATCH($B7,'NHẬP ĐƠN HÀNG'!$C$6:$C$505,0))),"")) -> 2500740944 | F7: =IF($B7="","",IFERROR(IF(INDEX('NHẬP ĐƠN HÀNG'!$G$6:$G$505,MATCH($B7,'NHẬP ĐƠN HÀNG'!$C$6:$C$505,0))="","",INDEX('NHẬP ĐƠN HÀNG'!$G$6:$G$505,MATCH($B7,'NHẬP ĐƠN HÀNG'!$C$6:$C$505,0))),"")) -> Gần Nguyễn Hoàng (đoạn đường tránh qua TP. Tam Kỳ) | G7: =IF($B7="","",COUNTIFS('NHẬP ĐƠN HÀNG'!$C$6:$C$505,$B7,'NHẬP ĐƠN HÀNG'!$L$6:$L$505,">0")) -> 1 | H7: =IF($B7="","",SUMIF('NHẬP ĐƠN HÀNG'!$C$6:$C$505,$B7,'NHẬP ĐƠN HÀNG'!$L$6:$L$505)) -> 6240000 | I7: =IF($B7="","",SUMIF('NHẬP ĐƠN HÀNG'!$C$6:$C$505,$B7,'NHẬP ĐƠN HÀNG'!$P$6:$P$505)) -> 6240000 | J7: =IF($B7="","",SUMIF('NHẬP ĐƠN HÀNG'!$C$6:$C$505,$B7,'NHẬP ĐƠN HÀNG'!$Q$6:$Q$505)) -> 3110000 | K7: =IF($B7="","",SUMIF('NHẬP ĐƠN HÀNG'!$C$6:$C$505,$B7,'NHẬP ĐƠN HÀNG'!$R$6:$R$505)) -> 3130000 | L7: =IF($B7="","",SUMIF('NHẬP ĐƠN HÀNG'!$C$6:$C$505,$B7,'NHẬP ĐƠN HÀNG'!$U$6:$U$505)) -> 1690000 | M7: =IF($B7="","",IF(SUMPRODUCT(MAX(('NHẬP ĐƠN HÀNG'!$C$6:$C$505=$B7)*'NHẬP ĐƠN HÀNG'!$B$6:$B$505))=0,"",SUMPRODUCT(MAX(('NHẬP ĐƠN HÀNG'!$C$6:$C$505=$B7)*'NHẬP ĐƠN HÀNG'!$B$6:$B$505)))) -> 46224 | N7: =IF($B7="","",IF($G7=0,"Chưa có đơn",IF(COUNTIFS('NHẬP ĐƠN HÀNG'!$C$6:$C$505,$B7,'NHẬP ĐƠN HÀNG'!$N$6:$N$505,">0")>0,"Có lấy VAT","Không lấy VAT"))) -> Không lấy VAT
A8: =IF($B8="","",3) -> 3 | B8: =IFERROR(INDEX('NHẬP ĐƠN HÀNG'!$C$6:$C$505,MATCH(3,'NHẬP ĐƠN HÀNG'!$AB$6:$AB$505,0)),"") -> KH-0007 (file cũ chưa có tên) | C8: =IF($B8="","",IFERROR(IF(INDEX('NHẬP ĐƠN HÀNG'!$D$6:$D$505,MATCH($B8,'NHẬP ĐƠN HÀNG'!$C$6:$C$505,0))="","",INDEX('NHẬP ĐƠN HÀNG'!$D$6:$D$505,MATCH($B8,'NHẬP ĐƠN HÀNG'!$C$6:$C$505,0))),"")) | D8: =IF($B8="","",IFERROR(IF(INDEX('NHẬP ĐƠN HÀNG'!$E$6:$E$505,MATCH($B8,'NHẬP ĐƠN HÀNG'!$C$6:$C$505,0))="","",INDEX('NHẬP ĐƠN HÀNG'!$E$6:$E$505,MATCH($B8,'NHẬP ĐƠN HÀNG'!$C$6:$C$505,0))),"")) | E8: =IF($B8="","",IFERROR(IF(INDEX('NHẬP ĐƠN HÀNG'!$F$6:$F$505,MATCH($B8,'NHẬP ĐƠN HÀNG'!$C$6:$C$505,0))="","",INDEX('NHẬP ĐƠN HÀNG'!$F$6:$F$505,MATCH($B8,'NHẬP ĐƠN HÀNG'!$C$6:$C$505,0))),"")) | F8: =IF($B8="","",IFERROR(IF(INDEX('NHẬP ĐƠN HÀNG'!$G$6:$G$505,MATCH($B8,'NHẬP ĐƠN HÀNG'!$C$6:$C$505,0))="","",INDEX('NHẬP ĐƠN HÀNG'!$G$6:$G$505,MATCH($B8,'NHẬP ĐƠN HÀNG'!$C$6:$C$505,0))),"")) | G8: =IF($B8="","",COUNTIFS('NHẬP ĐƠN HÀNG'!$C$6:$C$505,$B8,'NHẬP ĐƠN HÀNG'!$L$6:$L$505,">0")) -> 1 | H8: =IF($B8="","",SUMIF('NHẬP ĐƠN HÀNG'!$C$6:$C$505,$B8,'NHẬP ĐƠN HÀNG'!$L$6:$L$505)) -> 4160000 | I8: =IF($B8="","",SUMIF('NHẬP ĐƠN HÀNG'!$C$6:$C$505,$B8,'NHẬP ĐƠN HÀNG'!$P$6:$P$505)) -> 4160000 | J8: =IF($B8="","",SUMIF('NHẬP ĐƠN HÀNG'!$C$6:$C$505,$B8,'NHẬP ĐƠN HÀNG'!$Q$6:$Q$505)) -> 1500000 | K8: =IF($B8="","",SUMIF('NHẬP ĐƠN HÀNG'!$C$6:$C$505,$B8,'NHẬP ĐƠN HÀNG'!$R$6:$R$505)) -> 2660000 | L8: =IF($B8="","",SUMIF('NHẬP ĐƠN HÀNG'!$C$6:$C$505,$B8,'NHẬP ĐƠN HÀNG'!$U$6:$U$505)) -> 1360000 | M8: =IF($B8="","",IF(SUMPRODUCT(MAX(('NHẬP ĐƠN HÀNG'!$C$6:$C$505=$B8)*'NHẬP ĐƠN HÀNG'!$B$6:$B$505))=0,"",SUMPRODUCT(MAX(('NHẬP ĐƠN HÀNG'!$C$6:$C$505=$B8)*'NHẬP ĐƠN HÀNG'!$B$6:$B$505)))) -> 46224 | N8: =IF($B8="","",IF($G8=0,"Chưa có đơn",IF(COUNTIFS('NHẬP ĐƠN HÀNG'!$C$6:$C$505,$B8,'NHẬP ĐƠN HÀNG'!$N$6:$N$505,">0")>0,"Có lấy VAT","Không lấy VAT"))) -> Không lấy VAT
A9: =IF($B9="","",4) -> 4 | B9: =IFERROR(INDEX('NHẬP ĐƠN HÀNG'!$C$6:$C$505,MATCH(4,'NHẬP ĐƠN HÀNG'!$AB$6:$AB$505,0)),"") -> KH-007 (file cũ chưa có tên) | C9: =IF($B9="","",IFERROR(IF(INDEX('NHẬP ĐƠN HÀNG'!$D$6:$D$505,MATCH($B9,'NHẬP ĐƠN HÀNG'!$C$6:$C$505,0))="","",INDEX('NHẬP ĐƠN HÀNG'!$D$6:$D$505,MATCH($B9,'NHẬP ĐƠN HÀNG'!$C$6:$C$505,0))),"")) | D9: =IF($B9="","",IFERROR(IF(INDEX('NHẬP ĐƠN HÀNG'!$E$6:$E$505,MATCH($B9,'NHẬP ĐƠN HÀNG'!$C$6:$C$505,0))="","",INDEX('NHẬP ĐƠN HÀNG'!$E$6:$E$505,MATCH($B9,'NHẬP ĐƠN HÀNG'!$C$6:$C$505,0))),"")) | E9: =IF($B9="","",IFERROR(IF(INDEX('NHẬP ĐƠN HÀNG'!$F$6:$F$505,MATCH($B9,'NHẬP ĐƠN HÀNG'!$C$6:$C$505,0))="","",INDEX('NHẬP ĐƠN HÀNG'!$F$6:$F$505,MATCH($B9,'NHẬP ĐƠN HÀNG'!$C$6:$C$505,0))),"")) | F9: =IF($B9="","",IFERROR(IF(INDEX('NHẬP ĐƠN HÀNG'!$G$6:$G$505,MATCH($B9,'NHẬP ĐƠN HÀNG'!$C$6:$C$505,0))="","",INDEX('NHẬP ĐƠN HÀNG'!$G$6:$G$505,MATCH($B9,'NHẬP ĐƠN HÀNG'!$C$6:$C$505,0))),"")) | G9: =IF($B9="","",COUNTIFS('NHẬP ĐƠN HÀNG'!$C$6:$C$505,$B9,'NHẬP ĐƠN HÀNG'!$L$6:$L$505,">0")) -> 1 | H9: =IF($B9="","",SUMIF('NHẬP ĐƠN HÀNG'!$C$6:$C$505,$B9,'NHẬP ĐƠN HÀNG'!$L$6:$L$505)) -> 3760000 | I9: =IF($B9="","",SUMIF('NHẬP ĐƠN HÀNG'!$C$6:$C$505,$B9,'NHẬP ĐƠN HÀNG'!$P$6:$P$505)) -> 3760000 | J9: =IF($B9="","",SUMIF('NHẬP ĐƠN HÀNG'!$C$6:$C$505,$B9,'NHẬP ĐƠN HÀNG'!$Q$6:$Q$505)) -> 1500000 | K9: =IF($B9="","",SUMIF('NHẬP ĐƠN HÀNG'!$C$6:$C$505,$B9,'NHẬP ĐƠN HÀNG'!$R$6:$R$505)) -> 2260000 | L9: =IF($B9="","",SUMIF('NHẬP ĐƠN HÀNG'!$C$6:$C$505,$B9,'NHẬP ĐƠN HÀNG'!$U$6:$U$505)) -> 960000 | M9: =IF($B9="","",IF(SUMPRODUCT(MAX(('NHẬP ĐƠN HÀNG'!$C$6:$C$505=$B9)*'NHẬP ĐƠN HÀNG'!$B$6:$B$505))=0,"",SUMPRODUCT(MAX(('NHẬP ĐƠN HÀNG'!$C$6:$C$505=$B9)*'NHẬP ĐƠN HÀNG'!$B$6:$B$505)))) -> 46224 | N9: =IF($B9="","",IF($G9=0,"Chưa có đơn",IF(COUNTIFS('NHẬP ĐƠN HÀNG'!$C$6:$C$505,$B9,'NHẬP ĐƠN HÀNG'!$N$6:$N$505,">0")>0,"Có lấy VAT","Không lấy VAT"))) -> Không lấy VAT
A10: =IF($B10="","",5) -> 5 | B10: =IFERROR(INDEX('NHẬP ĐƠN HÀNG'!$C$6:$C$505,MATCH(5,'NHẬP ĐƠN HÀNG'!$AB$6:$AB$505,0)),"") -> A TÀI - HUYNDAI - 20C | C10: =IF($B10="","",IFERROR(IF(INDEX('NHẬP ĐƠN HÀNG'!$D$6:$D$505,MATCH($B10,'NHẬP ĐƠN HÀNG'!$C$6:$C$505,0))="","",INDEX('NHẬP ĐƠN HÀNG'!$D$6:$D$505,MATCH($B10,'NHẬP ĐƠN HÀNG'!$C$6:$C$505,0))),"")) -> 0935494005 | D10: =IF($B10="","",IFERROR(IF(INDEX('NHẬP ĐƠN HÀNG'!$E$6:$E$505,MATCH($B10,'NHẬP ĐƠN HÀNG'!$C$6:$C$505,0))="","",INDEX('NHẬP ĐƠN HÀNG'!$E$6:$E$505,MATCH($B10,'NHẬP ĐƠN HÀNG'!$C$6:$C$505,0))),"")) | E10: =IF($B10="","",IFERROR(IF(INDEX('NHẬP ĐƠN HÀNG'!$F$6:$F$505,MATCH($B10,'NHẬP ĐƠN HÀNG'!$C$6:$C$505,0))="","",INDEX('NHẬP ĐƠN HÀNG'!$F$6:$F$505,MATCH($B10,'NHẬP ĐƠN HÀNG'!$C$6:$C$505,0))),"")) | F10: =IF($B10="","",IFERROR(IF(INDEX('NHẬP ĐƠN HÀNG'!$G$6:$G$505,MATCH($B10,'NHẬP ĐƠN HÀNG'!$C$6:$C$505,0))="","",INDEX('NHẬP ĐƠN HÀNG'!$G$6:$G$505,MATCH($B10,'NHẬP ĐƠN HÀNG'!$C$6:$C$505,0))),"")) -> 461 Tây Sơn, Quy Nhơn Nam, Gia Lai | G10: =IF($B10="","",COUNTIFS('NHẬP ĐƠN HÀNG'!$C$6:$C$505,$B10,'NHẬP ĐƠN HÀNG'!$L$6:$L$505,">0")) -> 0 | H10: =IF($B10="","",SUMIF('NHẬP ĐƠN HÀNG'!$C$6:$C$505,$B10,'NHẬP ĐƠN HÀNG'!$L$6:$L$505)) -> 0 | I10: =IF($B10="","",SUMIF('NHẬP ĐƠN HÀNG'!$C$6:$C$505,$B10,'NHẬP ĐƠN HÀNG'!$P$6:$P$505)) -> 0 | J10: =IF($B10="","",SUMIF('NHẬP ĐƠN HÀNG'!$C$6:$C$505,$B10,'NHẬP ĐƠN HÀNG'!$Q$6:$Q$505)) -> 0 | K10: =IF($B10="","",SUMIF('NHẬP ĐƠN HÀNG'!$C$6:$C$505,$B10,'NHẬP ĐƠN HÀNG'!$R$6:$R$505)) -> 0 | L10: =IF($B10="","",SUMIF('NHẬP ĐƠN HÀNG'!$C$6:$C$505,$B10,'NHẬP ĐƠN HÀNG'!$U$6:$U$505)) -> 0 | M10: =IF($B10="","",IF(SUMPRODUCT(MAX(('NHẬP ĐƠN HÀNG'!$C$6:$C$505=$B10)*'NHẬP ĐƠN HÀNG'!$B$6:$B$505))=0,"",SUMPRODUCT(MAX(('NHẬP ĐƠN HÀNG'!$C$6:$C$505=$B10)*'NHẬP ĐƠN HÀNG'!$B$6:$B$505)))) | N10: =IF($B10="","",IF($G10=0,"Chưa có đơn",IF(COUNTIFS('NHẬP ĐƠN HÀNG'!$C$6:$C$505,$B10,'NHẬP ĐƠN HÀNG'!$N$6:$N$505,">0")>0,"Có lấy VAT","Không lấy VAT"))) -> Chưa có đơn
A11: =IF($B11="","",6) -> 6 | B11: =IFERROR(INDEX('NHẬP ĐƠN HÀNG'!$C$6:$C$505,MATCH(6,'NHẬP ĐƠN HÀNG'!$AB$6:$AB$505,0)),"") -> BGB - CÔ AN MẾN TẶNG | C11: =IF($B11="","",IFERROR(IF(INDEX('NHẬP ĐƠN HÀNG'!$D$6:$D$505,MATCH($B11,'NHẬP ĐƠN HÀNG'!$C$6:$C$505,0))="","",INDEX('NHẬP ĐƠN HÀNG'!$D$6:$D$505,MATCH($B11,'NHẬP ĐƠN HÀNG'!$C$6:$C$505,0))),"")) -> 0903535291 | D11: =IF($B11="","",IFERROR(IF(INDEX('NHẬP ĐƠN HÀNG'!$E$6:$E$505,MATCH($B11,'NHẬP ĐƠN HÀNG'!$C$6:$C$505,0))="","",INDEX('NHẬP ĐƠN HÀNG'!$E$6:$E$505,MATCH($B11,'NHẬP ĐƠN HÀNG'!$C$6:$C$505,0))),"")) | E11: =IF($B11="","",IFERROR(IF(INDEX('NHẬP ĐƠN HÀNG'!$F$6:$F$505,MATCH($B11,'NHẬP ĐƠN HÀNG'!$C$6:$C$505,0))="","",INDEX('NHẬP ĐƠN HÀNG'!$F$6:$F$505,MATCH($B11,'NHẬP ĐƠN HÀNG'!$C$6:$C$505,0))),"")) | F11: =IF($B11="","",IFERROR(IF(INDEX('NHẬP ĐƠN HÀNG'!$G$6:$G$505,MATCH($B11,'NHẬP ĐƠN HÀNG'!$C$6:$C$505,0))="","",INDEX('NHẬP ĐƠN HÀNG'!$G$6:$G$505,MATCH($B11,'NHẬP ĐƠN HÀNG'!$C$6:$C$505,0))),"")) -> 658 đường 2/9 Hải Châu - Đà Nẵng | G11: =IF($B11="","",COUNTIFS('NHẬP ĐƠN HÀNG'!$C$6:$C$505,$B11,'NHẬP ĐƠN HÀNG'!$L$6:$L$505,">0")) -> 0 | H11: =IF($B11="","",SUMIF('NHẬP ĐƠN HÀNG'!$C$6:$C$505,$B11,'NHẬP ĐƠN HÀNG'!$L$6:$L$505)) -> 0 | I11: =IF($B11="","",SUMIF('NHẬP ĐƠN HÀNG'!$C$6:$C$505,$B11,'NHẬP ĐƠN HÀNG'!$P$6:$P$505)) -> 0 | J11: =IF($B11="","",SUMIF('NHẬP ĐƠN HÀNG'!$C$6:$C$505,$B11,'NHẬP ĐƠN HÀNG'!$Q$6:$Q$505)) -> 0 | K11: =IF($B11="","",SUMIF('NHẬP ĐƠN HÀNG'!$C$6:$C$505,$B11,'NHẬP ĐƠN HÀNG'!$R$6:$R$505)) -> 0 | L11: =IF($B11="","",SUMIF('NHẬP ĐƠN HÀNG'!$C$6:$C$505,$B11,'NHẬP ĐƠN HÀNG'!$U$6:$U$505)) -> 0 | M11: =IF($B11="","",IF(SUMPRODUCT(MAX(('NHẬP ĐƠN HÀNG'!$C$6:$C$505=$B11)*'NHẬP ĐƠN HÀNG'!$B$6:$B$505))=0,"",SUMPRODUCT(MAX(('NHẬP ĐƠN HÀNG'!$C$6:$C$505=$B11)*'NHẬP ĐƠN HÀNG'!$B$6:$B$505)))) | N11: =IF($B11="","",IF($G11=0,"Chưa có đơn",IF(COUNTIFS('NHẬP ĐƠN HÀNG'!$C$6:$C$505,$B11,'NHẬP ĐƠN HÀNG'!$N$6:$N$505,">0")>0,"Có lấy VAT","Không lấy VAT"))) -> Chưa có đơn
A12: =IF($B12="","",7) | B12: =IFERROR(INDEX('NHẬP ĐƠN HÀNG'!$C$6:$C$505,MATCH(7,'NHẬP ĐƠN HÀNG'!$AB$6:$AB$505,0)),"") | C12: =IF($B12="","",IFERROR(IF(INDEX('NHẬP ĐƠN HÀNG'!$D$6:$D$505,MATCH($B12,'NHẬP ĐƠN HÀNG'!$C$6:$C$505,0))="","",INDEX('NHẬP ĐƠN HÀNG'!$D$6:$D$505,MATCH($B12,'NHẬP ĐƠN HÀNG'!$C$6:$C$505,0))),"")) | D12: =IF($B12="","",IFERROR(IF(INDEX('NHẬP ĐƠN HÀNG'!$E$6:$E$505,MATCH($B12,'NHẬP ĐƠN HÀNG'!$C$6:$C$505,0))="","",INDEX('NHẬP ĐƠN HÀNG'!$E$6:$E$505,MATCH($B12,'NHẬP ĐƠN HÀNG'!$C$6:$C$505,0))),"")) | E12: =IF($B12="","",IFERROR(IF(INDEX('NHẬP ĐƠN HÀNG'!$F$6:$F$505,MATCH($B12,'NHẬP ĐƠN HÀNG'!$C$6:$C$505,0))="","",INDEX('NHẬP ĐƠN HÀNG'!$F$6:$F$505,MATCH($B12,'NHẬP ĐƠN HÀNG'!$C$6:$C$505,0))),"")) | F12: =IF($B12="","",IFERROR(IF(INDEX('NHẬP ĐƠN HÀNG'!$G$6:$G$505,MATCH($B12,'NHẬP ĐƠN HÀNG'!$C$6:$C$505,0))="","",INDEX('NHẬP ĐƠN HÀNG'!$G$6:$G$505,MATCH($B12,'NHẬP ĐƠN HÀNG'!$C$6:$C$505,0))),"")) | G12: =IF($B12="","",COUNTIFS('NHẬP ĐƠN HÀNG'!$C$6:$C$505,$B12,'NHẬP ĐƠN HÀNG'!$L$6:$L$505,">0")) | H12: =IF($B12="","",SUMIF('NHẬP ĐƠN HÀNG'!$C$6:$C$505,$B12,'NHẬP ĐƠN HÀNG'!$L$6:$L$505)) | I12: =IF($B12="","",SUMIF('NHẬP ĐƠN HÀNG'!$C$6:$C$505,$B12,'NHẬP ĐƠN HÀNG'!$P$6:$P$505)) | J12: =IF($B12="","",SUMIF('NHẬP ĐƠN HÀNG'!$C$6:$C$505,$B12,'NHẬP ĐƠN HÀNG'!$Q$6:$Q$505)) | K12: =IF($B12="","",SUMIF('NHẬP ĐƠN HÀNG'!$C$6:$C$505,$B12,'NHẬP ĐƠN HÀNG'!$R$6:$R$505)) | L12: =IF($B12="","",SUMIF('NHẬP ĐƠN HÀNG'!$C$6:$C$505,$B12,'NHẬP ĐƠN HÀNG'!$U$6:$U$505)) | M12: =IF($B12="","",IF(SUMPRODUCT(MAX(('NHẬP ĐƠN HÀNG'!$C$6:$C$505=$B12)*'NHẬP ĐƠN HÀNG'!$B$6:$B$505))=0,"",SUMPRODUCT(MAX(('NHẬP ĐƠN HÀNG'!$C$6:$C$505=$B12)*'NHẬP ĐƠN HÀNG'!$B$6:$B$505)))) | N12: =IF($B12="","",IF($G12=0,"Chưa có đơn",IF(COUNTIFS('NHẬP ĐƠN HÀNG'!$C$6:$C$505,$B12,'NHẬP ĐƠN HÀNG'!$N$6:$N$505,">0")>0,"Có lấy VAT","Không lấy VAT")))
A13: =IF($B13="","",8) | B13: =IFERROR(INDEX('NHẬP ĐƠN HÀNG'!$C$6:$C$505,MATCH(8,'NHẬP ĐƠN HÀNG'!$AB$6:$AB$505,0)),"") | C13: =IF($B13="","",IFERROR(IF(INDEX('NHẬP ĐƠN HÀNG'!$D$6:$D$505,MATCH($B13,'NHẬP ĐƠN HÀNG'!$C$6:$C$505,0))="","",INDEX('NHẬP ĐƠN HÀNG'!$D$6:$D$505,MATCH($B13,'NHẬP ĐƠN HÀNG'!$C$6:$C$505,0))),"")) | D13: =IF($B13="","",IFERROR(IF(INDEX('NHẬP ĐƠN HÀNG'!$E$6:$E$505,MATCH($B13,'NHẬP ĐƠN HÀNG'!$C$6:$C$505,0))="","",INDEX('NHẬP ĐƠN HÀNG'!$E$6:$E$505,MATCH($B13,'NHẬP ĐƠN HÀNG'!$C$6:$C$505,0))),"")) | E13: =IF($B13="","",IFERROR(IF(INDEX('NHẬP ĐƠN HÀNG'!$F$6:$F$505,MATCH($B13,'NHẬP ĐƠN HÀNG'!$C$6:$C$505,0))="","",INDEX('NHẬP ĐƠN HÀNG'!$F$6:$F$505,MATCH($B13,'NHẬP ĐƠN HÀNG'!$C$6:$C$505,0))),"")) | F13: =IF($B13="","",IFERROR(IF(INDEX('NHẬP ĐƠN HÀNG'!$G$6:$G$505,MATCH($B13,'NHẬP ĐƠN HÀNG'!$C$6:$C$505,0))="","",INDEX('NHẬP ĐƠN HÀNG'!$G$6:$G$505,MATCH($B13,'NHẬP ĐƠN HÀNG'!$C$6:$C$505,0))),"")) | G13: =IF($B13="","",COUNTIFS('NHẬP ĐƠN HÀNG'!$C$6:$C$505,$B13,'NHẬP ĐƠN HÀNG'!$L$6:$L$505,">0")) | H13: =IF($B13="","",SUMIF('NHẬP ĐƠN HÀNG'!$C$6:$C$505,$B13,'NHẬP ĐƠN HÀNG'!$L$6:$L$505)) | I13: =IF($B13="","",SUMIF('NHẬP ĐƠN HÀNG'!$C$6:$C$505,$B13,'NHẬP ĐƠN HÀNG'!$P$6:$P$505)) | J13: =IF($B13="","",SUMIF('NHẬP ĐƠN HÀNG'!$C$6:$C$505,$B13,'NHẬP ĐƠN HÀNG'!$Q$6:$Q$505)) | K13: =IF($B13="","",SUMIF('NHẬP ĐƠN HÀNG'!$C$6:$C$505,$B13,'NHẬP ĐƠN HÀNG'!$R$6:$R$505)) | L13: =IF($B13="","",SUMIF('NHẬP ĐƠN HÀNG'!$C$6:$C$505,$B13,'NHẬP ĐƠN HÀNG'!$U$6:$U$505)) | M13: =IF($B13="","",IF(SUMPRODUCT(MAX(('NHẬP ĐƠN HÀNG'!$C$6:$C$505=$B13)*'NHẬP ĐƠN HÀNG'!$B$6:$B$505))=0,"",SUMPRODUCT(MAX(('NHẬP ĐƠN HÀNG'!$C$6:$C$505=$B13)*'NHẬP ĐƠN HÀNG'!$B$6:$B$505)))) | N13: =IF($B13="","",IF($G13=0,"Chưa có đơn",IF(COUNTIFS('NHẬP ĐƠN HÀNG'!$C$6:$C$505,$B13,'NHẬP ĐƠN HÀNG'!$N$6:$N$505,">0")>0,"Có lấy VAT","Không lấy VAT")))
A14: =IF($B14="","",9) | B14: =IFERROR(INDEX('NHẬP ĐƠN HÀNG'!$C$6:$C$505,MATCH(9,'NHẬP ĐƠN HÀNG'!$AB$6:$AB$505,0)),"") | C14: =IF($B14="","",IFERROR(IF(INDEX('NHẬP ĐƠN HÀNG'!$D$6:$D$505,MATCH($B14,'NHẬP ĐƠN HÀNG'!$C$6:$C$505,0))="","",INDEX('NHẬP ĐƠN HÀNG'!$D$6:$D$505,MATCH($B14,'NHẬP ĐƠN HÀNG'!$C$6:$C$505,0))),"")) | D14: =IF($B14="","",IFERROR(IF(INDEX('NHẬP ĐƠN HÀNG'!$E$6:$E$505,MATCH($B14,'NHẬP ĐƠN HÀNG'!$C$6:$C$505,0))="","",INDEX('NHẬP ĐƠN HÀNG'!$E$6:$E$505,MATCH($B14,'NHẬP ĐƠN HÀNG'!$C$6:$C$505,0))),"")) | E14: =IF($B14="","",IFERROR(IF(INDEX('NHẬP ĐƠN HÀNG'!$F$6:$F$505,MATCH($B14,'NHẬP ĐƠN HÀNG'!$C$6:$C$505,0))="","",INDEX('NHẬP ĐƠN HÀNG'!$F$6:$F$505,MATCH($B14,'NHẬP ĐƠN HÀNG'!$C$6:$C$505,0))),"")) | F14: =IF($B14="","",IFERROR(IF(INDEX('NHẬP ĐƠN HÀNG'!$G$6:$G$505,MATCH($B14,'NHẬP ĐƠN HÀNG'!$C$6:$C$505,0))="","",INDEX('NHẬP ĐƠN HÀNG'!$G$6:$G$505,MATCH($B14,'NHẬP ĐƠN HÀNG'!$C$6:$C$505,0))),"")) | G14: =IF($B14="","",COUNTIFS('NHẬP ĐƠN HÀNG'!$C$6:$C$505,$B14,'NHẬP ĐƠN HÀNG'!$L$6:$L$505,">0")) | H14: =IF($B14="","",SUMIF('NHẬP ĐƠN HÀNG'!$C$6:$C$505,$B14,'NHẬP ĐƠN HÀNG'!$L$6:$L$505)) | I14: =IF($B14="","",SUMIF('NHẬP ĐƠN HÀNG'!$C$6:$C$505,$B14,'NHẬP ĐƠN HÀNG'!$P$6:$P$505)) | J14: =IF($B14="","",SUMIF('NHẬP ĐƠN HÀNG'!$C$6:$C$505,$B14,'NHẬP ĐƠN HÀNG'!$Q$6:$Q$505)) | K14: =IF($B14="","",SUMIF('NHẬP ĐƠN HÀNG'!$C$6:$C$505,$B14,'NHẬP ĐƠN HÀNG'!$R$6:$R$505)) | L14: =IF($B14="","",SUMIF('NHẬP ĐƠN HÀNG'!$C$6:$C$505,$B14,'NHẬP ĐƠN HÀNG'!$U$6:$U$505)) | M14: =IF($B14="","",IF(SUMPRODUCT(MAX(('NHẬP ĐƠN HÀNG'!$C$6:$C$505=$B14)*'NHẬP ĐƠN HÀNG'!$B$6:$B$505))=0,"",SUMPRODUCT(MAX(('NHẬP ĐƠN HÀNG'!$C$6:$C$505=$B14)*'NHẬP ĐƠN HÀNG'!$B$6:$B$505)))) | N14: =IF($B14="","",IF($G14=0,"Chưa có đơn",IF(COUNTIFS('NHẬP ĐƠN HÀNG'!$C$6:$C$505,$B14,'NHẬP ĐƠN HÀNG'!$N$6:$N$505,">0")>0,"Có lấy VAT","Không lấy VAT")))
A15: =IF($B15="","",10) | B15: =IFERROR(INDEX('NHẬP ĐƠN HÀNG'!$C$6:$C$505,MATCH(10,'NHẬP ĐƠN HÀNG'!$AB$6:$AB$505,0)),"") | C15: =IF($B15="","",IFERROR(IF(INDEX('NHẬP ĐƠN HÀNG'!$D$6:$D$505,MATCH($B15,'NHẬP ĐƠN HÀNG'!$C$6:$C$505,0))="","",INDEX('NHẬP ĐƠN HÀNG'!$D$6:$D$505,MATCH($B15,'NHẬP ĐƠN HÀNG'!$C$6:$C$505,0))),"")) | D15: =IF($B15="","",IFERROR(IF(INDEX('NHẬP ĐƠN HÀNG'!$E$6:$E$505,MATCH($B15,'NHẬP ĐƠN HÀNG'!$C$6:$C$505,0))="","",INDEX('NHẬP ĐƠN HÀNG'!$E$6:$E$505,MATCH($B15,'NHẬP ĐƠN HÀNG'!$C$6:$C$505,0))),"")) | E15: =IF($B15="","",IFERROR(IF(INDEX('NHẬP ĐƠN HÀNG'!$F$6:$F$505,MATCH($B15,'NHẬP ĐƠN HÀNG'!$C$6:$C$505,0))="","",INDEX('NHẬP ĐƠN HÀNG'!$F$6:$F$505,MATCH($B15,'NHẬP ĐƠN HÀNG'!$C$6:$C$505,0))),"")) | F15: =IF($B15="","",IFERROR(IF(INDEX('NHẬP ĐƠN HÀNG'!$G$6:$G$505,MATCH($B15,'NHẬP ĐƠN HÀNG'!$C$6:$C$505,0))="","",INDEX('NHẬP ĐƠN HÀNG'!$G$6:$G$505,MATCH($B15,'NHẬP ĐƠN HÀNG'!$C$6:$C$505,0))),"")) | G15: =IF($B15="","",COUNTIFS('NHẬP ĐƠN HÀNG'!$C$6:$C$505,$B15,'NHẬP ĐƠN HÀNG'!$L$6:$L$505,">0")) | H15: =IF($B15="","",SUMIF('NHẬP ĐƠN HÀNG'!$C$6:$C$505,$B15,'NHẬP ĐƠN HÀNG'!$L$6:$L$505)) | I15: =IF($B15="","",SUMIF('NHẬP ĐƠN HÀNG'!$C$6:$C$505,$B15,'NHẬP ĐƠN HÀNG'!$P$6:$P$505)) | J15: =IF($B15="","",SUMIF('NHẬP ĐƠN HÀNG'!$C$6:$C$505,$B15,'NHẬP ĐƠN HÀNG'!$Q$6:$Q$505)) | K15: =IF($B15="","",SUMIF('NHẬP ĐƠN HÀNG'!$C$6:$C$505,$B15,'NHẬP ĐƠN HÀNG'!$R$6:$R$505)) | L15: =IF($B15="","",SUMIF('NHẬP ĐƠN HÀNG'!$C$6:$C$505,$B15,'NHẬP ĐƠN HÀNG'!$U$6:$U$505)) | M15: =IF($B15="","",IF(SUMPRODUCT(MAX(('NHẬP ĐƠN HÀNG'!$C$6:$C$505=$B15)*'NHẬP ĐƠN HÀNG'!$B$6:$B$505))=0,"",SUMPRODUCT(MAX(('NHẬP ĐƠN HÀNG'!$C$6:$C$505=$B15)*'NHẬP ĐƠN HÀNG'!$B$6:$B$505)))) | N15: =IF($B15="","",IF($G15=0,"Chưa có đơn",IF(COUNTIFS('NHẬP ĐƠN HÀNG'!$C$6:$C$505,$B15,'NHẬP ĐƠN HÀNG'!$N$6:$N$505,">0")>0,"Có lấy VAT","Không lấy VAT")))
A16: =IF($B16="","",11) | B16: =IFERROR(INDEX('NHẬP ĐƠN HÀNG'!$C$6:$C$505,MATCH(11,'NHẬP ĐƠN HÀNG'!$AB$6:$AB$505,0)),"") | C16: =IF($B16="","",IFERROR(IF(INDEX('NHẬP ĐƠN HÀNG'!$D$6:$D$505,MATCH($B16,'NHẬP ĐƠN HÀNG'!$C$6:$C$505,0))="","",INDEX('NHẬP ĐƠN HÀNG'!$D$6:$D$505,MATCH($B16,'NHẬP ĐƠN HÀNG'!$C$6:$C$505,0))),"")) | D16: =IF($B16="","",IFERROR(IF(INDEX('NHẬP ĐƠN HÀNG'!$E$6:$E$505,MATCH($B16,'NHẬP ĐƠN HÀNG'!$C$6:$C$505,0))="","",INDEX('NHẬP ĐƠN HÀNG'!$E$6:$E$505,MATCH($B16,'NHẬP ĐƠN HÀNG'!$C$6:$C$505,0))),"")) | E16: =IF($B16="","",IFERROR(IF(INDEX('NHẬP ĐƠN HÀNG'!$F$6:$F$505,MATCH($B16,'NHẬP ĐƠN HÀNG'!$C$6:$C$505,0))="","",INDEX('NHẬP ĐƠN HÀNG'!$F$6:$F$505,MATCH($B16,'NHẬP ĐƠN HÀNG'!$C$6:$C$505,0))),"")) | F16: =IF($B16="","",IFERROR(IF(INDEX('NHẬP ĐƠN HÀNG'!$G$6:$G$505,MATCH($B16,'NHẬP ĐƠN HÀNG'!$C$6:$C$505,0))="","",INDEX('NHẬP ĐƠN HÀNG'!$G$6:$G$505,MATCH($B16,'NHẬP ĐƠN HÀNG'!$C$6:$C$505,0))),"")) | G16: =IF($B16="","",COUNTIFS('NHẬP ĐƠN HÀNG'!$C$6:$C$505,$B16,'NHẬP ĐƠN HÀNG'!$L$6:$L$505,">0")) | H16: =IF($B16="","",SUMIF('NHẬP ĐƠN HÀNG'!$C$6:$C$505,$B16,'NHẬP ĐƠN HÀNG'!$L$6:$L$505)) | I16: =IF($B16="","",SUMIF('NHẬP ĐƠN HÀNG'!$C$6:$C$505,$B16,'NHẬP ĐƠN HÀNG'!$P$6:$P$505)) | J16: =IF($B16="","",SUMIF('NHẬP ĐƠN HÀNG'!$C$6:$C$505,$B16,'NHẬP ĐƠN HÀNG'!$Q$6:$Q$505)) | K16: =IF($B16="","",SUMIF('NHẬP ĐƠN HÀNG'!$C$6:$C$505,$B16,'NHẬP ĐƠN HÀNG'!$R$6:$R$505)) | L16: =IF($B16="","",SUMIF('NHẬP ĐƠN HÀNG'!$C$6:$C$505,$B16,'NHẬP ĐƠN HÀNG'!$U$6:$U$505)) | M16: =IF($B16="","",IF(SUMPRODUCT(MAX(('NHẬP ĐƠN HÀNG'!$C$6:$C$505=$B16)*'NHẬP ĐƠN HÀNG'!$B$6:$B$505))=0,"",SUMPRODUCT(MAX(('NHẬP ĐƠN HÀNG'!$C$6:$C$505=$B16)*'NHẬP ĐƠN HÀNG'!$B$6:$B$505)))) | N16: =IF($B16="","",IF($G16=0,"Chưa có đơn",IF(COUNTIFS('NHẬP ĐƠN HÀNG'!$C$6:$C$505,$B16,'NHẬP ĐƠN HÀNG'!$N$6:$N$505,">0")>0,"Có lấy VAT","Không lấy VAT")))
A17: =IF($B17="","",12) | B17: =IFERROR(INDEX('NHẬP ĐƠN HÀNG'!$C$6:$C$505,MATCH(12,'NHẬP ĐƠN HÀNG'!$AB$6:$AB$505,0)),"") | C17: =IF($B17="","",IFERROR(IF(INDEX('NHẬP ĐƠN HÀNG'!$D$6:$D$505,MATCH($B17,'NHẬP ĐƠN HÀNG'!$C$6:$C$505,0))="","",INDEX('NHẬP ĐƠN HÀNG'!$D$6:$D$505,MATCH($B17,'NHẬP ĐƠN HÀNG'!$C$6:$C$505,0))),"")) | D17: =IF($B17="","",IFERROR(IF(INDEX('NHẬP ĐƠN HÀNG'!$E$6:$E$505,MATCH($B17,'NHẬP ĐƠN HÀNG'!$C$6:$C$505,0))="","",INDEX('NHẬP ĐƠN HÀNG'!$E$6:$E$505,MATCH($B17,'NHẬP ĐƠN HÀNG'!$C$6:$C$505,0))),"")) | E17: =IF($B17="","",IFERROR(IF(INDEX('NHẬP ĐƠN HÀNG'!$F$6:$F$505,MATCH($B17,'NHẬP ĐƠN HÀNG'!$C$6:$C$505,0))="","",INDEX('NHẬP ĐƠN HÀNG'!$F$6:$F$505,MATCH($B17,'NHẬP ĐƠN HÀNG'!$C$6:$C$505,0))),"")) | F17: =IF($B17="","",IFERROR(IF(INDEX('NHẬP ĐƠN HÀNG'!$G$6:$G$505,MATCH($B17,'NHẬP ĐƠN HÀNG'!$C$6:$C$505,0))="","",INDEX('NHẬP ĐƠN HÀNG'!$G$6:$G$505,MATCH($B17,'NHẬP ĐƠN HÀNG'!$C$6:$C$505,0))),"")) | G17: =IF($B17="","",COUNTIFS('NHẬP ĐƠN HÀNG'!$C$6:$C$505,$B17,'NHẬP ĐƠN HÀNG'!$L$6:$L$505,">0")) | H17: =IF($B17="","",SUMIF('NHẬP ĐƠN HÀNG'!$C$6:$C$505,$B17,'NHẬP ĐƠN HÀNG'!$L$6:$L$505)) | I17: =IF($B17="","",SUMIF('NHẬP ĐƠN HÀNG'!$C$6:$C$505,$B17,'NHẬP ĐƠN HÀNG'!$P$6:$P$505)) | J17: =IF($B17="","",SUMIF('NHẬP ĐƠN HÀNG'!$C$6:$C$505,$B17,'NHẬP ĐƠN HÀNG'!$Q$6:$Q$505)) | K17: =IF($B17="","",SUMIF('NHẬP ĐƠN HÀNG'!$C$6:$C$505,$B17,'NHẬP ĐƠN HÀNG'!$R$6:$R$505)) | L17: =IF($B17="","",SUMIF('NHẬP ĐƠN HÀNG'!$C$6:$C$505,$B17,'NHẬP ĐƠN HÀNG'!$U$6:$U$505)) | M17: =IF($B17="","",IF(SUMPRODUCT(MAX(('NHẬP ĐƠN HÀNG'!$C$6:$C$505=$B17)*'NHẬP ĐƠN HÀNG'!$B$6:$B$505))=0,"",SUMPRODUCT(MAX(('NHẬP ĐƠN HÀNG'!$C$6:$C$505=$B17)*'NHẬP ĐƠN HÀNG'!$B$6:$B$505)))) | N17: =IF($B17="","",IF($G17=0,"Chưa có đơn",IF(COUNTIFS('NHẬP ĐƠN HÀNG'!$C$6:$C$505,$B17,'NHẬP ĐƠN HÀNG'!$N$6:$N$505,">0")>0,"Có lấy VAT","Không lấy VAT")))
A18: =IF($B18="","",13) | B18: =IFERROR(INDEX('NHẬP ĐƠN HÀNG'!$C$6:$C$505,MATCH(13,'NHẬP ĐƠN HÀNG'!$AB$6:$AB$505,0)),"") | C18: =IF($B18="","",IFERROR(IF(INDEX('NHẬP ĐƠN HÀNG'!$D$6:$D$505,MATCH($B18,'NHẬP ĐƠN HÀNG'!$C$6:$C$505,0))="","",INDEX('NHẬP ĐƠN HÀNG'!$D$6:$D$505,MATCH($B18,'NHẬP ĐƠN HÀNG'!$C$6:$C$505,0))),"")) | D18: =IF($B18="","",IFERROR(IF(INDEX('NHẬP ĐƠN HÀNG'!$E$6:$E$505,MATCH($B18,'NHẬP ĐƠN HÀNG'!$C$6:$C$505,0))="","",INDEX('NHẬP ĐƠN HÀNG'!$E$6:$E$505,MATCH($B18,'NHẬP ĐƠN HÀNG'!$C$6:$C$505,0))),"")) | E18: =IF($B18="","",IFERROR(IF(INDEX('NHẬP ĐƠN HÀNG'!$F$6:$F$505,MATCH($B18,'NHẬP ĐƠN HÀNG'!$C$6:$C$505,0))="","",INDEX('NHẬP ĐƠN HÀNG'!$F$6:$F$505,MATCH($B18,'NHẬP ĐƠN HÀNG'!$C$6:$C$505,0))),"")) | F18: =IF($B18="","",IFERROR(IF(INDEX('NHẬP ĐƠN HÀNG'!$G$6:$G$505,MATCH($B18,'NHẬP ĐƠN HÀNG'!$C$6:$C$505,0))="","",INDEX('NHẬP ĐƠN HÀNG'!$G$6:$G$505,MATCH($B18,'NHẬP ĐƠN HÀNG'!$C$6:$C$505,0))),"")) | G18: =IF($B18="","",COUNTIFS('NHẬP ĐƠN HÀNG'!$C$6:$C$505,$B18,'NHẬP ĐƠN HÀNG'!$L$6:$L$505,">0")) | H18: =IF($B18="","",SUMIF('NHẬP ĐƠN HÀNG'!$C$6:$C$505,$B18,'NHẬP ĐƠN HÀNG'!$L$6:$L$505)) | I18: =IF($B18="","",SUMIF('NHẬP ĐƠN HÀNG'!$C$6:$C$505,$B18,'NHẬP ĐƠN HÀNG'!$P$6:$P$505)) | J18: =IF($B18="","",SUMIF('NHẬP ĐƠN HÀNG'!$C$6:$C$505,$B18,'NHẬP ĐƠN HÀNG'!$Q$6:$Q$505)) | K18: =IF($B18="","",SUMIF('NHẬP ĐƠN HÀNG'!$C$6:$C$505,$B18,'NHẬP ĐƠN HÀNG'!$R$6:$R$505)) | L18: =IF($B18="","",SUMIF('NHẬP ĐƠN HÀNG'!$C$6:$C$505,$B18,'NHẬP ĐƠN HÀNG'!$U$6:$U$505)) | M18: =IF($B18="","",IF(SUMPRODUCT(MAX(('NHẬP ĐƠN HÀNG'!$C$6:$C$505=$B18)*'NHẬP ĐƠN HÀNG'!$B$6:$B$505))=0,"",SUMPRODUCT(MAX(('NHẬP ĐƠN HÀNG'!$C$6:$C$505=$B18)*'NHẬP ĐƠN HÀNG'!$B$6:$B$505)))) | N18: =IF($B18="","",IF($G18=0,"Chưa có đơn",IF(COUNTIFS('NHẬP ĐƠN HÀNG'!$C$6:$C$505,$B18,'NHẬP ĐƠN HÀNG'!$N$6:$N$505,">0")>0,"Có lấy VAT","Không lấy VAT")))
A19: =IF($B19="","",14) | B19: =IFERROR(INDEX('NHẬP ĐƠN HÀNG'!$C$6:$C$505,MATCH(14,'NHẬP ĐƠN HÀNG'!$AB$6:$AB$505,0)),"") | C19: =IF($B19="","",IFERROR(IF(INDEX('NHẬP ĐƠN HÀNG'!$D$6:$D$505,MATCH($B19,'NHẬP ĐƠN HÀNG'!$C$6:$C$505,0))="","",INDEX('NHẬP ĐƠN HÀNG'!$D$6:$D$505,MATCH($B19,'NHẬP ĐƠN HÀNG'!$C$6:$C$505,0))),"")) | D19: =IF($B19="","",IFERROR(IF(INDEX('NHẬP ĐƠN HÀNG'!$E$6:$E$505,MATCH($B19,'NHẬP ĐƠN HÀNG'!$C$6:$C$505,0))="","",INDEX('NHẬP ĐƠN HÀNG'!$E$6:$E$505,MATCH($B19,'NHẬP ĐƠN HÀNG'!$C$6:$C$505,0))),"")) | E19: =IF($B19="","",IFERROR(IF(INDEX('NHẬP ĐƠN HÀNG'!$F$6:$F$505,MATCH($B19,'NHẬP ĐƠN HÀNG'!$C$6:$C$505,0))="","",INDEX('NHẬP ĐƠN HÀNG'!$F$6:$F$505,MATCH($B19,'NHẬP ĐƠN HÀNG'!$C$6:$C$505,0))),"")) | F19: =IF($B19="","",IFERROR(IF(INDEX('NHẬP ĐƠN HÀNG'!$G$6:$G$505,MATCH($B19,'NHẬP ĐƠN HÀNG'!$C$6:$C$505,0))="","",INDEX('NHẬP ĐƠN HÀNG'!$G$6:$G$505,MATCH($B19,'NHẬP ĐƠN HÀNG'!$C$6:$C$505,0))),"")) | G19: =IF($B19="","",COUNTIFS('NHẬP ĐƠN HÀNG'!$C$6:$C$505,$B19,'NHẬP ĐƠN HÀNG'!$L$6:$L$505,">0")) | H19: =IF($B19="","",SUMIF('NHẬP ĐƠN HÀNG'!$C$6:$C$505,$B19,'NHẬP ĐƠN HÀNG'!$L$6:$L$505)) | I19: =IF($B19="","",SUMIF('NHẬP ĐƠN HÀNG'!$C$6:$C$505,$B19,'NHẬP ĐƠN HÀNG'!$P$6:$P$505)) | J19: =IF($B19="","",SUMIF('NHẬP ĐƠN HÀNG'!$C$6:$C$505,$B19,'NHẬP ĐƠN HÀNG'!$Q$6:$Q$505)) | K19: =IF($B19="","",SUMIF('NHẬP ĐƠN HÀNG'!$C$6:$C$505,$B19,'NHẬP ĐƠN HÀNG'!$R$6:$R$505)) | L19: =IF($B19="","",SUMIF('NHẬP ĐƠN HÀNG'!$C$6:$C$505,$B19,'NHẬP ĐƠN HÀNG'!$U$6:$U$505)) | M19: =IF($B19="","",IF(SUMPRODUCT(MAX(('NHẬP ĐƠN HÀNG'!$C$6:$C$505=$B19)*'NHẬP ĐƠN HÀNG'!$B$6:$B$505))=0,"",SUMPRODUCT(MAX(('NHẬP ĐƠN HÀNG'!$C$6:$C$505=$B19)*'NHẬP ĐƠN HÀNG'!$B$6:$B$505)))) | N19: =IF($B19="","",IF($G19=0,"Chưa có đơn",IF(COUNTIFS('NHẬP ĐƠN HÀNG'!$C$6:$C$505,$B19,'NHẬP ĐƠN HÀNG'!$N$6:$N$505,">0")>0,"Có lấy VAT","Không lấy VAT")))
A20: =IF($B20="","",15) | B20: =IFERROR(INDEX('NHẬP ĐƠN HÀNG'!$C$6:$C$505,MATCH(15,'NHẬP ĐƠN HÀNG'!$AB$6:$AB$505,0)),"") | C20: =IF($B20="","",IFERROR(IF(INDEX('NHẬP ĐƠN HÀNG'!$D$6:$D$505,MATCH($B20,'NHẬP ĐƠN HÀNG'!$C$6:$C$505,0))="","",INDEX('NHẬP ĐƠN HÀNG'!$D$6:$D$505,MATCH($B20,'NHẬP ĐƠN HÀNG'!$C$6:$C$505,0))),"")) | D20: =IF($B20="","",IFERROR(IF(INDEX('NHẬP ĐƠN HÀNG'!$E$6:$E$505,MATCH($B20,'NHẬP ĐƠN HÀNG'!$C$6:$C$505,0))="","",INDEX('NHẬP ĐƠN HÀNG'!$E$6:$E$505,MATCH($B20,'NHẬP ĐƠN HÀNG'!$C$6:$C$505,0))),"")) | E20: =IF($B20="","",IFERROR(IF(INDEX('NHẬP ĐƠN HÀNG'!$F$6:$F$505,MATCH($B20,'NHẬP ĐƠN HÀNG'!$C$6:$C$505,0))="","",INDEX('NHẬP ĐƠN HÀNG'!$F$6:$F$505,MATCH($B20,'NHẬP ĐƠN HÀNG'!$C$6:$C$505,0))),"")) | F20: =IF($B20="","",IFERROR(IF(INDEX('NHẬP ĐƠN HÀNG'!$G$6:$G$505,MATCH($B20,'NHẬP ĐƠN HÀNG'!$C$6:$C$505,0))="","",INDEX('NHẬP ĐƠN HÀNG'!$G$6:$G$505,MATCH($B20,'NHẬP ĐƠN HÀNG'!$C$6:$C$505,0))),"")) | G20: =IF($B20="","",COUNTIFS('NHẬP ĐƠN HÀNG'!$C$6:$C$505,$B20,'NHẬP ĐƠN HÀNG'!$L$6:$L$505,">0")) | H20: =IF($B20="","",SUMIF('NHẬP ĐƠN HÀNG'!$C$6:$C$505,$B20,'NHẬP ĐƠN HÀNG'!$L$6:$L$505)) | I20: =IF($B20="","",SUMIF('NHẬP ĐƠN HÀNG'!$C$6:$C$505,$B20,'NHẬP ĐƠN HÀNG'!$P$6:$P$505)) | J20: =IF($B20="","",SUMIF('NHẬP ĐƠN HÀNG'!$C$6:$C$505,$B20,'NHẬP ĐƠN HÀNG'!$Q$6:$Q$505)) | K20: =IF($B20="","",SUMIF('NHẬP ĐƠN HÀNG'!$C$6:$C$505,$B20,'NHẬP ĐƠN HÀNG'!$R$6:$R$505)) | L20: =IF($B20="","",SUMIF('NHẬP ĐƠN HÀNG'!$C$6:$C$505,$B20,'NHẬP ĐƠN HÀNG'!$U$6:$U$505)) | M20: =IF($B20="","",IF(SUMPRODUCT(MAX(('NHẬP ĐƠN HÀNG'!$C$6:$C$505=$B20)*'NHẬP ĐƠN HÀNG'!$B$6:$B$505))=0,"",SUMPRODUCT(MAX(('NHẬP ĐƠN HÀNG'!$C$6:$C$505=$B20)*'NHẬP ĐƠN HÀNG'!$B$6:$B$505)))) | N20: =IF($B20="","",IF($G20=0,"Chưa có đơn",IF(COUNTIFS('NHẬP ĐƠN HÀNG'!$C$6:$C$505,$B20,'NHẬP ĐƠN HÀNG'!$N$6:$N$505,">0")>0,"Có lấy VAT","Không lấy VAT")))
A21: =IF($B21="","",16) | B21: =IFERROR(INDEX('NHẬP ĐƠN HÀNG'!$C$6:$C$505,MATCH(16,'NHẬP ĐƠN HÀNG'!$AB$6:$AB$505,0)),"") | C21: =IF($B21="","",IFERROR(IF(INDEX('NHẬP ĐƠN HÀNG'!$D$6:$D$505,MATCH($B21,'NHẬP ĐƠN HÀNG'!$C$6:$C$505,0))="","",INDEX('NHẬP ĐƠN HÀNG'!$D$6:$D$505,MATCH($B21,'NHẬP ĐƠN HÀNG'!$C$6:$C$505,0))),"")) | D21: =IF($B21="","",IFERROR(IF(INDEX('NHẬP ĐƠN HÀNG'!$E$6:$E$505,MATCH($B21,'NHẬP ĐƠN HÀNG'!$C$6:$C$505,0))="","",INDEX('NHẬP ĐƠN HÀNG'!$E$6:$E$505,MATCH($B21,'NHẬP ĐƠN HÀNG'!$C$6:$C$505,0))),"")) | E21: =IF($B21="","",IFERROR(IF(INDEX('NHẬP ĐƠN HÀNG'!$F$6:$F$505,MATCH($B21,'NHẬP ĐƠN HÀNG'!$C$6:$C$505,0))="","",INDEX('NHẬP ĐƠN HÀNG'!$F$6:$F$505,MATCH($B21,'NHẬP ĐƠN HÀNG'!$C$6:$C$505,0))),"")) | F21: =IF($B21="","",IFERROR(IF(INDEX('NHẬP ĐƠN HÀNG'!$G$6:$G$505,MATCH($B21,'NHẬP ĐƠN HÀNG'!$C$6:$C$505,0))="","",INDEX('NHẬP ĐƠN HÀNG'!$G$6:$G$505,MATCH($B21,'NHẬP ĐƠN HÀNG'!$C$6:$C$505,0))),"")) | G21: =IF($B21="","",COUNTIFS('NHẬP ĐƠN HÀNG'!$C$6:$C$505,$B21,'NHẬP ĐƠN HÀNG'!$L$6:$L$505,">0")) | H21: =IF($B21="","",SUMIF('NHẬP ĐƠN HÀNG'!$C$6:$C$505,$B21,'NHẬP ĐƠN HÀNG'!$L$6:$L$505)) | I21: =IF($B21="","",SUMIF('NHẬP ĐƠN HÀNG'!$C$6:$C$505,$B21,'NHẬP ĐƠN HÀNG'!$P$6:$P$505)) | J21: =IF($B21="","",SUMIF('NHẬP ĐƠN HÀNG'!$C$6:$C$505,$B21,'NHẬP ĐƠN HÀNG'!$Q$6:$Q$505)) | K21: =IF($B21="","",SUMIF('NHẬP ĐƠN HÀNG'!$C$6:$C$505,$B21,'NHẬP ĐƠN HÀNG'!$R$6:$R$505)) | L21: =IF($B21="","",SUMIF('NHẬP ĐƠN HÀNG'!$C$6:$C$505,$B21,'NHẬP ĐƠN HÀNG'!$U$6:$U$505)) | M21: =IF($B21="","",IF(SUMPRODUCT(MAX(('NHẬP ĐƠN HÀNG'!$C$6:$C$505=$B21)*'NHẬP ĐƠN HÀNG'!$B$6:$B$505))=0,"",SUMPRODUCT(MAX(('NHẬP ĐƠN HÀNG'!$C$6:$C$505=$B21)*'NHẬP ĐƠN HÀNG'!$B$6:$B$505)))) | N21: =IF($B21="","",IF($G21=0,"Chưa có đơn",IF(COUNTIFS('NHẬP ĐƠN HÀNG'!$C$6:$C$505,$B21,'NHẬP ĐƠN HÀNG'!$N$6:$N$505,">0")>0,"Có lấy VAT","Không lấy VAT")))
A22: =IF($B22="","",17) | B22: =IFERROR(INDEX('NHẬP ĐƠN HÀNG'!$C$6:$C$505,MATCH(17,'NHẬP ĐƠN HÀNG'!$AB$6:$AB$505,0)),"") | C22: =IF($B22="","",IFERROR(IF(INDEX('NHẬP ĐƠN HÀNG'!$D$6:$D$505,MATCH($B22,'NHẬP ĐƠN HÀNG'!$C$6:$C$505,0))="","",INDEX('NHẬP ĐƠN HÀNG'!$D$6:$D$505,MATCH($B22,'NHẬP ĐƠN HÀNG'!$C$6:$C$505,0))),"")) | D22: =IF($B22="","",IFERROR(IF(INDEX('NHẬP ĐƠN HÀNG'!$E$6:$E$505,MATCH($B22,'NHẬP ĐƠN HÀNG'!$C$6:$C$505,0))="","",INDEX('NHẬP ĐƠN HÀNG'!$E$6:$E$505,MATCH($B22,'NHẬP ĐƠN HÀNG'!$C$6:$C$505,0))),"")) | E22: =IF($B22="","",IFERROR(IF(INDEX('NHẬP ĐƠN HÀNG'!$F$6:$F$505,MATCH($B22,'NHẬP ĐƠN HÀNG'!$C$6:$C$505,0))="","",INDEX('NHẬP ĐƠN HÀNG'!$F$6:$F$505,MATCH($B22,'NHẬP ĐƠN HÀNG'!$C$6:$C$505,0))),"")) | F22: =IF($B22="","",IFERROR(IF(INDEX('NHẬP ĐƠN HÀNG'!$G$6:$G$505,MATCH($B22,'NHẬP ĐƠN HÀNG'!$C$6:$C$505,0))="","",INDEX('NHẬP ĐƠN HÀNG'!$G$6:$G$505,MATCH($B22,'NHẬP ĐƠN HÀNG'!$C$6:$C$505,0))),"")) | G22: =IF($B22="","",COUNTIFS('NHẬP ĐƠN HÀNG'!$C$6:$C$505,$B22,'NHẬP ĐƠN HÀNG'!$L$6:$L$505,">0")) | H22: =IF($B22="","",SUMIF('NHẬP ĐƠN HÀNG'!$C$6:$C$505,$B22,'NHẬP ĐƠN HÀNG'!$L$6:$L$505)) | I22: =IF($B22="","",SUMIF('NHẬP ĐƠN HÀNG'!$C$6:$C$505,$B22,'NHẬP ĐƠN HÀNG'!$P$6:$P$505)) | J22: =IF($B22="","",SUMIF('NHẬP ĐƠN HÀNG'!$C$6:$C$505,$B22,'NHẬP ĐƠN HÀNG'!$Q$6:$Q$505)) | K22: =IF($B22="","",SUMIF('NHẬP ĐƠN HÀNG'!$C$6:$C$505,$B22,'NHẬP ĐƠN HÀNG'!$R$6:$R$505)) | L22: =IF($B22="","",SUMIF('NHẬP ĐƠN HÀNG'!$C$6:$C$505,$B22,'NHẬP ĐƠN HÀNG'!$U$6:$U$505)) | M22: =IF($B22="","",IF(SUMPRODUCT(MAX(('NHẬP ĐƠN HÀNG'!$C$6:$C$505=$B22)*'NHẬP ĐƠN HÀNG'!$B$6:$B$505))=0,"",SUMPRODUCT(MAX(('NHẬP ĐƠN HÀNG'!$C$6:$C$505=$B22)*'NHẬP ĐƠN HÀNG'!$B$6:$B$505)))) | N22: =IF($B22="","",IF($G22=0,"Chưa có đơn",IF(COUNTIFS('NHẬP ĐƠN HÀNG'!$C$6:$C$505,$B22,'NHẬP ĐƠN HÀNG'!$N$6:$N$505,">0")>0,"Có lấy VAT","Không lấy VAT")))
A23: =IF($B23="","",18) | B23: =IFERROR(INDEX('NHẬP ĐƠN HÀNG'!$C$6:$C$505,MATCH(18,'NHẬP ĐƠN HÀNG'!$AB$6:$AB$505,0)),"") | C23: =IF($B23="","",IFERROR(IF(INDEX('NHẬP ĐƠN HÀNG'!$D$6:$D$505,MATCH($B23,'NHẬP ĐƠN HÀNG'!$C$6:$C$505,0))="","",INDEX('NHẬP ĐƠN HÀNG'!$D$6:$D$505,MATCH($B23,'NHẬP ĐƠN HÀNG'!$C$6:$C$505,0))),"")) | D23: =IF($B23="","",IFERROR(IF(INDEX('NHẬP ĐƠN HÀNG'!$E$6:$E$505,MATCH($B23,'NHẬP ĐƠN HÀNG'!$C$6:$C$505,0))="","",INDEX('NHẬP ĐƠN HÀNG'!$E$6:$E$505,MATCH($B23,'NHẬP ĐƠN HÀNG'!$C$6:$C$505,0))),"")) | E23: =IF($B23="","",IFERROR(IF(INDEX('NHẬP ĐƠN HÀNG'!$F$6:$F$505,MATCH($B23,'NHẬP ĐƠN HÀNG'!$C$6:$C$505,0))="","",INDEX('NHẬP ĐƠN HÀNG'!$F$6:$F$505,MATCH($B23,'NHẬP ĐƠN HÀNG'!$C$6:$C$505,0))),"")) | F23: =IF($B23="","",IFERROR(IF(INDEX('NHẬP ĐƠN HÀNG'!$G$6:$G$505,MATCH($B23,'NHẬP ĐƠN HÀNG'!$C$6:$C$505,0))="","",INDEX('NHẬP ĐƠN HÀNG'!$G$6:$G$505,MATCH($B23,'NHẬP ĐƠN HÀNG'!$C$6:$C$505,0))),"")) | G23: =IF($B23="","",COUNTIFS('NHẬP ĐƠN HÀNG'!$C$6:$C$505,$B23,'NHẬP ĐƠN HÀNG'!$L$6:$L$505,">0")) | H23: =IF($B23="","",SUMIF('NHẬP ĐƠN HÀNG'!$C$6:$C$505,$B23,'NHẬP ĐƠN HÀNG'!$L$6:$L$505)) | I23: =IF($B23="","",SUMIF('NHẬP ĐƠN HÀNG'!$C$6:$C$505,$B23,'NHẬP ĐƠN HÀNG'!$P$6:$P$505)) | J23: =IF($B23="","",SUMIF('NHẬP ĐƠN HÀNG'!$C$6:$C$505,$B23,'NHẬP ĐƠN HÀNG'!$Q$6:$Q$505)) | K23: =IF($B23="","",SUMIF('NHẬP ĐƠN HÀNG'!$C$6:$C$505,$B23,'NHẬP ĐƠN HÀNG'!$R$6:$R$505)) | L23: =IF($B23="","",SUMIF('NHẬP ĐƠN HÀNG'!$C$6:$C$505,$B23,'NHẬP ĐƠN HÀNG'!$U$6:$U$505)) | M23: =IF($B23="","",IF(SUMPRODUCT(MAX(('NHẬP ĐƠN HÀNG'!$C$6:$C$505=$B23)*'NHẬP ĐƠN HÀNG'!$B$6:$B$505))=0,"",SUMPRODUCT(MAX(('NHẬP ĐƠN HÀNG'!$C$6:$C$505=$B23)*'NHẬP ĐƠN HÀNG'!$B$6:$B$505)))) | N23: =IF($B23="","",IF($G23=0,"Chưa có đơn",IF(COUNTIFS('NHẬP ĐƠN HÀNG'!$C$6:$C$505,$B23,'NHẬP ĐƠN HÀNG'!$N$6:$N$505,">0")>0,"Có lấy VAT","Không lấy VAT")))
A24: =IF($B24="","",19) | B24: =IFERROR(INDEX('NHẬP ĐƠN HÀNG'!$C$6:$C$505,MATCH(19,'NHẬP ĐƠN HÀNG'!$AB$6:$AB$505,0)),"") | C24: =IF($B24="","",IFERROR(IF(INDEX('NHẬP ĐƠN HÀNG'!$D$6:$D$505,MATCH($B24,'NHẬP ĐƠN HÀNG'!$C$6:$C$505,0))="","",INDEX('NHẬP ĐƠN HÀNG'!$D$6:$D$505,MATCH($B24,'NHẬP ĐƠN HÀNG'!$C$6:$C$505,0))),"")) | D24: =IF($B24="","",IFERROR(IF(INDEX('NHẬP ĐƠN HÀNG'!$E$6:$E$505,MATCH($B24,'NHẬP ĐƠN HÀNG'!$C$6:$C$505,0))="","",INDEX('NHẬP ĐƠN HÀNG'!$E$6:$E$505,MATCH($B24,'NHẬP ĐƠN HÀNG'!$C$6:$C$505,0))),"")) | E24: =IF($B24="","",IFERROR(IF(INDEX('NHẬP ĐƠN HÀNG'!$F$6:$F$505,MATCH($B24,'NHẬP ĐƠN HÀNG'!$C$6:$C$505,0))="","",INDEX('NHẬP ĐƠN HÀNG'!$F$6:$F$505,MATCH($B24,'NHẬP ĐƠN HÀNG'!$C$6:$C$505,0))),"")) | F24: =IF($B24="","",IFERROR(IF(INDEX('NHẬP ĐƠN HÀNG'!$G$6:$G$505,MATCH($B24,'NHẬP ĐƠN HÀNG'!$C$6:$C$505,0))="","",INDEX('NHẬP ĐƠN HÀNG'!$G$6:$G$505,MATCH($B24,'NHẬP ĐƠN HÀNG'!$C$6:$C$505,0))),"")) | G24: =IF($B24="","",COUNTIFS('NHẬP ĐƠN HÀNG'!$C$6:$C$505,$B24,'NHẬP ĐƠN HÀNG'!$L$6:$L$505,">0")) | H24: =IF($B24="","",SUMIF('NHẬP ĐƠN HÀNG'!$C$6:$C$505,$B24,'NHẬP ĐƠN HÀNG'!$L$6:$L$505)) | I24: =IF($B24="","",SUMIF('NHẬP ĐƠN HÀNG'!$C$6:$C$505,$B24,'NHẬP ĐƠN HÀNG'!$P$6:$P$505)) | J24: =IF($B24="","",SUMIF('NHẬP ĐƠN HÀNG'!$C$6:$C$505,$B24,'NHẬP ĐƠN HÀNG'!$Q$6:$Q$505)) | K24: =IF($B24="","",SUMIF('NHẬP ĐƠN HÀNG'!$C$6:$C$505,$B24,'NHẬP ĐƠN HÀNG'!$R$6:$R$505)) | L24: =IF($B24="","",SUMIF('NHẬP ĐƠN HÀNG'!$C$6:$C$505,$B24,'NHẬP ĐƠN HÀNG'!$U$6:$U$505)) | M24: =IF($B24="","",IF(SUMPRODUCT(MAX(('NHẬP ĐƠN HÀNG'!$C$6:$C$505=$B24)*'NHẬP ĐƠN HÀNG'!$B$6:$B$505))=0,"",SUMPRODUCT(MAX(('NHẬP ĐƠN HÀNG'!$C$6:$C$505=$B24)*'NHẬP ĐƠN HÀNG'!$B$6:$B$505)))) | N24: =IF($B24="","",IF($G24=0,"Chưa có đơn",IF(COUNTIFS('NHẬP ĐƠN HÀNG'!$C$6:$C$505,$B24,'NHẬP ĐƠN HÀNG'!$N$6:$N$505,">0")>0,"Có lấy VAT","Không lấy VAT")))
A25: =IF($B25="","",20) | B25: =IFERROR(INDEX('NHẬP ĐƠN HÀNG'!$C$6:$C$505,MATCH(20,'NHẬP ĐƠN HÀNG'!$AB$6:$AB$505,0)),"") | C25: =IF($B25="","",IFERROR(IF(INDEX('NHẬP ĐƠN HÀNG'!$D$6:$D$505,MATCH($B25,'NHẬP ĐƠN HÀNG'!$C$6:$C$505,0))="","",INDEX('NHẬP ĐƠN HÀNG'!$D$6:$D$505,MATCH($B25,'NHẬP ĐƠN HÀNG'!$C$6:$C$505,0))),"")) | D25: =IF($B25="","",IFERROR(IF(INDEX('NHẬP ĐƠN HÀNG'!$E$6:$E$505,MATCH($B25,'NHẬP ĐƠN HÀNG'!$C$6:$C$505,0))="","",INDEX('NHẬP ĐƠN HÀNG'!$E$6:$E$505,MATCH($B25,'NHẬP ĐƠN HÀNG'!$C$6:$C$505,0))),"")) | E25: =IF($B25="","",IFERROR(IF(INDEX('NHẬP ĐƠN HÀNG'!$F$6:$F$505,MATCH($B25,'NHẬP ĐƠN HÀNG'!$C$6:$C$505,0))="","",INDEX('NHẬP ĐƠN HÀNG'!$F$6:$F$505,MATCH($B25,'NHẬP ĐƠN HÀNG'!$C$6:$C$505,0))),"")) | F25: =IF($B25="","",IFERROR(IF(INDEX('NHẬP ĐƠN HÀNG'!$G$6:$G$505,MATCH($B25,'NHẬP ĐƠN HÀNG'!$C$6:$C$505,0))="","",INDEX('NHẬP ĐƠN HÀNG'!$G$6:$G$505,MATCH($B25,'NHẬP ĐƠN HÀNG'!$C$6:$C$505,0))),"")) | G25: =IF($B25="","",COUNTIFS('NHẬP ĐƠN HÀNG'!$C$6:$C$505,$B25,'NHẬP ĐƠN HÀNG'!$L$6:$L$505,">0")) | H25: =IF($B25="","",SUMIF('NHẬP ĐƠN HÀNG'!$C$6:$C$505,$B25,'NHẬP ĐƠN HÀNG'!$L$6:$L$505)) | I25: =IF($B25="","",SUMIF('NHẬP ĐƠN HÀNG'!$C$6:$C$505,$B25,'NHẬP ĐƠN HÀNG'!$P$6:$P$505)) | J25: =IF($B25="","",SUMIF('NHẬP ĐƠN HÀNG'!$C$6:$C$505,$B25,'NHẬP ĐƠN HÀNG'!$Q$6:$Q$505)) | K25: =IF($B25="","",SUMIF('NHẬP ĐƠN HÀNG'!$C$6:$C$505,$B25,'NHẬP ĐƠN HÀNG'!$R$6:$R$505)) | L25: =IF($B25="","",SUMIF('NHẬP ĐƠN HÀNG'!$C$6:$C$505,$B25,'NHẬP ĐƠN HÀNG'!$U$6:$U$505)) | M25: =IF($B25="","",IF(SUMPRODUCT(MAX(('NHẬP ĐƠN HÀNG'!$C$6:$C$505=$B25)*'NHẬP ĐƠN HÀNG'!$B$6:$B$505))=0,"",SUMPRODUCT(MAX(('NHẬP ĐƠN HÀNG'!$C$6:$C$505=$B25)*'NHẬP ĐƠN HÀNG'!$B$6:$B$505)))) | N25: =IF($B25="","",IF($G25=0,"Chưa có đơn",IF(COUNTIFS('NHẬP ĐƠN HÀNG'!$C$6:$C$505,$B25,'NHẬP ĐƠN HÀNG'!$N$6:$N$505,">0")>0,"Có lấy VAT","Không lấy VAT")))
A26: =IF($B26="","",21) | B26: =IFERROR(INDEX('NHẬP ĐƠN HÀNG'!$C$6:$C$505,MATCH(21,'NHẬP ĐƠN HÀNG'!$AB$6:$AB$505,0)),"") | C26: =IF($B26="","",IFERROR(IF(INDEX('NHẬP ĐƠN HÀNG'!$D$6:$D$505,MATCH($B26,'NHẬP ĐƠN HÀNG'!$C$6:$C$505,0))="","",INDEX('NHẬP ĐƠN HÀNG'!$D$6:$D$505,MATCH($B26,'NHẬP ĐƠN HÀNG'!$C$6:$C$505,0))),"")) | D26: =IF($B26="","",IFERROR(IF(INDEX('NHẬP ĐƠN HÀNG'!$E$6:$E$505,MATCH($B26,'NHẬP ĐƠN HÀNG'!$C$6:$C$505,0))="","",INDEX('NHẬP ĐƠN HÀNG'!$E$6:$E$505,MATCH($B26,'NHẬP ĐƠN HÀNG'!$C$6:$C$505,0))),"")) | E26: =IF($B26="","",IFERROR(IF(INDEX('NHẬP ĐƠN HÀNG'!$F$6:$F$505,MATCH($B26,'NHẬP ĐƠN HÀNG'!$C$6:$C$505,0))="","",INDEX('NHẬP ĐƠN HÀNG'!$F$6:$F$505,MATCH($B26,'NHẬP ĐƠN HÀNG'!$C$6:$C$505,0))),"")) | F26: =IF($B26="","",IFERROR(IF(INDEX('NHẬP ĐƠN HÀNG'!$G$6:$G$505,MATCH($B26,'NHẬP ĐƠN HÀNG'!$C$6:$C$505,0))="","",INDEX('NHẬP ĐƠN HÀNG'!$G$6:$G$505,MATCH($B26,'NHẬP ĐƠN HÀNG'!$C$6:$C$505,0))),"")) | G26: =IF($B26="","",COUNTIFS('NHẬP ĐƠN HÀNG'!$C$6:$C$505,$B26,'NHẬP ĐƠN HÀNG'!$L$6:$L$505,">0")) | H26: =IF($B26="","",SUMIF('NHẬP ĐƠN HÀNG'!$C$6:$C$505,$B26,'NHẬP ĐƠN HÀNG'!$L$6:$L$505)) | I26: =IF($B26="","",SUMIF('NHẬP ĐƠN HÀNG'!$C$6:$C$505,$B26,'NHẬP ĐƠN HÀNG'!$P$6:$P$505)) | J26: =IF($B26="","",SUMIF('NHẬP ĐƠN HÀNG'!$C$6:$C$505,$B26,'NHẬP ĐƠN HÀNG'!$Q$6:$Q$505)) | K26: =IF($B26="","",SUMIF('NHẬP ĐƠN HÀNG'!$C$6:$C$505,$B26,'NHẬP ĐƠN HÀNG'!$R$6:$R$505)) | L26: =IF($B26="","",SUMIF('NHẬP ĐƠN HÀNG'!$C$6:$C$505,$B26,'NHẬP ĐƠN HÀNG'!$U$6:$U$505)) | M26: =IF($B26="","",IF(SUMPRODUCT(MAX(('NHẬP ĐƠN HÀNG'!$C$6:$C$505=$B26)*'NHẬP ĐƠN HÀNG'!$B$6:$B$505))=0,"",SUMPRODUCT(MAX(('NHẬP ĐƠN HÀNG'!$C$6:$C$505=$B26)*'NHẬP ĐƠN HÀNG'!$B$6:$B$505)))) | N26: =IF($B26="","",IF($G26=0,"Chưa có đơn",IF(COUNTIFS('NHẬP ĐƠN HÀNG'!$C$6:$C$505,$B26,'NHẬP ĐƠN HÀNG'!$N$6:$N$505,">0")>0,"Có lấy VAT","Không lấy VAT")))
A27: =IF($B27="","",22) | B27: =IFERROR(INDEX('NHẬP ĐƠN HÀNG'!$C$6:$C$505,MATCH(22,'NHẬP ĐƠN HÀNG'!$AB$6:$AB$505,0)),"") | C27: =IF($B27="","",IFERROR(IF(INDEX('NHẬP ĐƠN HÀNG'!$D$6:$D$505,MATCH($B27,'NHẬP ĐƠN HÀNG'!$C$6:$C$505,0))="","",INDEX('NHẬP ĐƠN HÀNG'!$D$6:$D$505,MATCH($B27,'NHẬP ĐƠN HÀNG'!$C$6:$C$505,0))),"")) | D27: =IF($B27="","",IFERROR(IF(INDEX('NHẬP ĐƠN HÀNG'!$E$6:$E$505,MATCH($B27,'NHẬP ĐƠN HÀNG'!$C$6:$C$505,0))="","",INDEX('NHẬP ĐƠN HÀNG'!$E$6:$E$505,MATCH($B27,'NHẬP ĐƠN HÀNG'!$C$6:$C$505,0))),"")) | E27: =IF($B27="","",IFERROR(IF(INDEX('NHẬP ĐƠN HÀNG'!$F$6:$F$505,MATCH($B27,'NHẬP ĐƠN HÀNG'!$C$6:$C$505,0))="","",INDEX('NHẬP ĐƠN HÀNG'!$F$6:$F$505,MATCH($B27,'NHẬP ĐƠN HÀNG'!$C$6:$C$505,0))),"")) | F27: =IF($B27="","",IFERROR(IF(INDEX('NHẬP ĐƠN HÀNG'!$G$6:$G$505,MATCH($B27,'NHẬP ĐƠN HÀNG'!$C$6:$C$505,0))="","",INDEX('NHẬP ĐƠN HÀNG'!$G$6:$G$505,MATCH($B27,'NHẬP ĐƠN HÀNG'!$C$6:$C$505,0))),"")) | G27: =IF($B27="","",COUNTIFS('NHẬP ĐƠN HÀNG'!$C$6:$C$505,$B27,'NHẬP ĐƠN HÀNG'!$L$6:$L$505,">0")) | H27: =IF($B27="","",SUMIF('NHẬP ĐƠN HÀNG'!$C$6:$C$505,$B27,'NHẬP ĐƠN HÀNG'!$L$6:$L$505)) | I27: =IF($B27="","",SUMIF('NHẬP ĐƠN HÀNG'!$C$6:$C$505,$B27,'NHẬP ĐƠN HÀNG'!$P$6:$P$505)) | J27: =IF($B27="","",SUMIF('NHẬP ĐƠN HÀNG'!$C$6:$C$505,$B27,'NHẬP ĐƠN HÀNG'!$Q$6:$Q$505)) | K27: =IF($B27="","",SUMIF('NHẬP ĐƠN HÀNG'!$C$6:$C$505,$B27,'NHẬP ĐƠN HÀNG'!$R$6:$R$505)) | L27: =IF($B27="","",SUMIF('NHẬP ĐƠN HÀNG'!$C$6:$C$505,$B27,'NHẬP ĐƠN HÀNG'!$U$6:$U$505)) | M27: =IF($B27="","",IF(SUMPRODUCT(MAX(('NHẬP ĐƠN HÀNG'!$C$6:$C$505=$B27)*'NHẬP ĐƠN HÀNG'!$B$6:$B$505))=0,"",SUMPRODUCT(MAX(('NHẬP ĐƠN HÀNG'!$C$6:$C$505=$B27)*'NHẬP ĐƠN HÀNG'!$B$6:$B$505)))) | N27: =IF($B27="","",IF($G27=0,"Chưa có đơn",IF(COUNTIFS('NHẬP ĐƠN HÀNG'!$C$6:$C$505,$B27,'NHẬP ĐƠN HÀNG'!$N$6:$N$505,">0")>0,"Có lấy VAT","Không lấy VAT")))
A28: =IF($B28="","",23) | B28: =IFERROR(INDEX('NHẬP ĐƠN HÀNG'!$C$6:$C$505,MATCH(23,'NHẬP ĐƠN HÀNG'!$AB$6:$AB$505,0)),"") | C28: =IF($B28="","",IFERROR(IF(INDEX('NHẬP ĐƠN HÀNG'!$D$6:$D$505,MATCH($B28,'NHẬP ĐƠN HÀNG'!$C$6:$C$505,0))="","",INDEX('NHẬP ĐƠN HÀNG'!$D$6:$D$505,MATCH($B28,'NHẬP ĐƠN HÀNG'!$C$6:$C$505,0))),"")) | D28: =IF($B28="","",IFERROR(IF(INDEX('NHẬP ĐƠN HÀNG'!$E$6:$E$505,MATCH($B28,'NHẬP ĐƠN HÀNG'!$C$6:$C$505,0))="","",INDEX('NHẬP ĐƠN HÀNG'!$E$6:$E$505,MATCH($B28,'NHẬP ĐƠN HÀNG'!$C$6:$C$505,0))),"")) | E28: =IF($B28="","",IFERROR(IF(INDEX('NHẬP ĐƠN HÀNG'!$F$6:$F$505,MATCH($B28,'NHẬP ĐƠN HÀNG'!$C$6:$C$505,0))="","",INDEX('NHẬP ĐƠN HÀNG'!$F$6:$F$505,MATCH($B28,'NHẬP ĐƠN HÀNG'!$C$6:$C$505,0))),"")) | F28: =IF($B28="","",IFERROR(IF(INDEX('NHẬP ĐƠN HÀNG'!$G$6:$G$505,MATCH($B28,'NHẬP ĐƠN HÀNG'!$C$6:$C$505,0))="","",INDEX('NHẬP ĐƠN HÀNG'!$G$6:$G$505,MATCH($B28,'NHẬP ĐƠN HÀNG'!$C$6:$C$505,0))),"")) | G28: =IF($B28="","",COUNTIFS('NHẬP ĐƠN HÀNG'!$C$6:$C$505,$B28,'NHẬP ĐƠN HÀNG'!$L$6:$L$505,">0")) | H28: =IF($B28="","",SUMIF('NHẬP ĐƠN HÀNG'!$C$6:$C$505,$B28,'NHẬP ĐƠN HÀNG'!$L$6:$L$505)) | I28: =IF($B28="","",SUMIF('NHẬP ĐƠN HÀNG'!$C$6:$C$505,$B28,'NHẬP ĐƠN HÀNG'!$P$6:$P$505)) | J28: =IF($B28="","",SUMIF('NHẬP ĐƠN HÀNG'!$C$6:$C$505,$B28,'NHẬP ĐƠN HÀNG'!$Q$6:$Q$505)) | K28: =IF($B28="","",SUMIF('NHẬP ĐƠN HÀNG'!$C$6:$C$505,$B28,'NHẬP ĐƠN HÀNG'!$R$6:$R$505)) | L28: =IF($B28="","",SUMIF('NHẬP ĐƠN HÀNG'!$C$6:$C$505,$B28,'NHẬP ĐƠN HÀNG'!$U$6:$U$505)) | M28: =IF($B28="","",IF(SUMPRODUCT(MAX(('NHẬP ĐƠN HÀNG'!$C$6:$C$505=$B28)*'NHẬP ĐƠN HÀNG'!$B$6:$B$505))=0,"",SUMPRODUCT(MAX(('NHẬP ĐƠN HÀNG'!$C$6:$C$505=$B28)*'NHẬP ĐƠN HÀNG'!$B$6:$B$505)))) | N28: =IF($B28="","",IF($G28=0,"Chưa có đơn",IF(COUNTIFS('NHẬP ĐƠN HÀNG'!$C$6:$C$505,$B28,'NHẬP ĐƠN HÀNG'!$N$6:$N$505,">0")>0,"Có lấy VAT","Không lấy VAT")))
A29: =IF($B29="","",24) | B29: =IFERROR(INDEX('NHẬP ĐƠN HÀNG'!$C$6:$C$505,MATCH(24,'NHẬP ĐƠN HÀNG'!$AB$6:$AB$505,0)),"") | C29: =IF($B29="","",IFERROR(IF(INDEX('NHẬP ĐƠN HÀNG'!$D$6:$D$505,MATCH($B29,'NHẬP ĐƠN HÀNG'!$C$6:$C$505,0))="","",INDEX('NHẬP ĐƠN HÀNG'!$D$6:$D$505,MATCH($B29,'NHẬP ĐƠN HÀNG'!$C$6:$C$505,0))),"")) | D29: =IF($B29="","",IFERROR(IF(INDEX('NHẬP ĐƠN HÀNG'!$E$6:$E$505,MATCH($B29,'NHẬP ĐƠN HÀNG'!$C$6:$C$505,0))="","",INDEX('NHẬP ĐƠN HÀNG'!$E$6:$E$505,MATCH($B29,'NHẬP ĐƠN HÀNG'!$C$6:$C$505,0))),"")) | E29: =IF($B29="","",IFERROR(IF(INDEX('NHẬP ĐƠN HÀNG'!$F$6:$F$505,MATCH($B29,'NHẬP ĐƠN HÀNG'!$C$6:$C$505,0))="","",INDEX('NHẬP ĐƠN HÀNG'!$F$6:$F$505,MATCH($B29,'NHẬP ĐƠN HÀNG'!$C$6:$C$505,0))),"")) | F29: =IF($B29="","",IFERROR(IF(INDEX('NHẬP ĐƠN HÀNG'!$G$6:$G$505,MATCH($B29,'NHẬP ĐƠN HÀNG'!$C$6:$C$505,0))="","",INDEX('NHẬP ĐƠN HÀNG'!$G$6:$G$505,MATCH($B29,'NHẬP ĐƠN HÀNG'!$C$6:$C$505,0))),"")) | G29: =IF($B29="","",COUNTIFS('NHẬP ĐƠN HÀNG'!$C$6:$C$505,$B29,'NHẬP ĐƠN HÀNG'!$L$6:$L$505,">0")) | H29: =IF($B29="","",SUMIF('NHẬP ĐƠN HÀNG'!$C$6:$C$505,$B29,'NHẬP ĐƠN HÀNG'!$L$6:$L$505)) | I29: =IF($B29="","",SUMIF('NHẬP ĐƠN HÀNG'!$C$6:$C$505,$B29,'NHẬP ĐƠN HÀNG'!$P$6:$P$505)) | J29: =IF($B29="","",SUMIF('NHẬP ĐƠN HÀNG'!$C$6:$C$505,$B29,'NHẬP ĐƠN HÀNG'!$Q$6:$Q$505)) | K29: =IF($B29="","",SUMIF('NHẬP ĐƠN HÀNG'!$C$6:$C$505,$B29,'NHẬP ĐƠN HÀNG'!$R$6:$R$505)) | L29: =IF($B29="","",SUMIF('NHẬP ĐƠN HÀNG'!$C$6:$C$505,$B29,'NHẬP ĐƠN HÀNG'!$U$6:$U$505)) | M29: =IF($B29="","",IF(SUMPRODUCT(MAX(('NHẬP ĐƠN HÀNG'!$C$6:$C$505=$B29)*'NHẬP ĐƠN HÀNG'!$B$6:$B$505))=0,"",SUMPRODUCT(MAX(('NHẬP ĐƠN HÀNG'!$C$6:$C$505=$B29)*'NHẬP ĐƠN HÀNG'!$B$6:$B$505)))) | N29: =IF($B29="","",IF($G29=0,"Chưa có đơn",IF(COUNTIFS('NHẬP ĐƠN HÀNG'!$C$6:$C$505,$B29,'NHẬP ĐƠN HÀNG'!$N$6:$N$505,">0")>0,"Có lấy VAT","Không lấy VAT")))
A30: =IF($B30="","",25) | B30: =IFERROR(INDEX('NHẬP ĐƠN HÀNG'!$C$6:$C$505,MATCH(25,'NHẬP ĐƠN HÀNG'!$AB$6:$AB$505,0)),"") | C30: =IF($B30="","",IFERROR(IF(INDEX('NHẬP ĐƠN HÀNG'!$D$6:$D$505,MATCH($B30,'NHẬP ĐƠN HÀNG'!$C$6:$C$505,0))="","",INDEX('NHẬP ĐƠN HÀNG'!$D$6:$D$505,MATCH($B30,'NHẬP ĐƠN HÀNG'!$C$6:$C$505,0))),"")) | D30: =IF($B30="","",IFERROR(IF(INDEX('NHẬP ĐƠN HÀNG'!$E$6:$E$505,MATCH($B30,'NHẬP ĐƠN HÀNG'!$C$6:$C$505,0))="","",INDEX('NHẬP ĐƠN HÀNG'!$E$6:$E$505,MATCH($B30,'NHẬP ĐƠN HÀNG'!$C$6:$C$505,0))),"")) | E30: =IF($B30="","",IFERROR(IF(INDEX('NHẬP ĐƠN HÀNG'!$F$6:$F$505,MATCH($B30,'NHẬP ĐƠN HÀNG'!$C$6:$C$505,0))="","",INDEX('NHẬP ĐƠN HÀNG'!$F$6:$F$505,MATCH($B30,'NHẬP ĐƠN HÀNG'!$C$6:$C$505,0))),"")) | F30: =IF($B30="","",IFERROR(IF(INDEX('NHẬP ĐƠN HÀNG'!$G$6:$G$505,MATCH($B30,'NHẬP ĐƠN HÀNG'!$C$6:$C$505,0))="","",INDEX('NHẬP ĐƠN HÀNG'!$G$6:$G$505,MATCH($B30,'NHẬP ĐƠN HÀNG'!$C$6:$C$505,0))),"")) | G30: =IF($B30="","",COUNTIFS('NHẬP ĐƠN HÀNG'!$C$6:$C$505,$B30,'NHẬP ĐƠN HÀNG'!$L$6:$L$505,">0")) | H30: =IF($B30="","",SUMIF('NHẬP ĐƠN HÀNG'!$C$6:$C$505,$B30,'NHẬP ĐƠN HÀNG'!$L$6:$L$505)) | I30: =IF($B30="","",SUMIF('NHẬP ĐƠN HÀNG'!$C$6:$C$505,$B30,'NHẬP ĐƠN HÀNG'!$P$6:$P$505)) | J30: =IF($B30="","",SUMIF('NHẬP ĐƠN HÀNG'!$C$6:$C$505,$B30,'NHẬP ĐƠN HÀNG'!$Q$6:$Q$505)) | K30: =IF($B30="","",SUMIF('NHẬP ĐƠN HÀNG'!$C$6:$C$505,$B30,'NHẬP ĐƠN HÀNG'!$R$6:$R$505)) | L30: =IF($B30="","",SUMIF('NHẬP ĐƠN HÀNG'!$C$6:$C$505,$B30,'NHẬP ĐƠN HÀNG'!$U$6:$U$505)) | M30: =IF($B30="","",IF(SUMPRODUCT(MAX(('NHẬP ĐƠN HÀNG'!$C$6:$C$505=$B30)*'NHẬP ĐƠN HÀNG'!$B$6:$B$505))=0,"",SUMPRODUCT(MAX(('NHẬP ĐƠN HÀNG'!$C$6:$C$505=$B30)*'NHẬP ĐƠN HÀNG'!$B$6:$B$505)))) | N30: =IF($B30="","",IF($G30=0,"Chưa có đơn",IF(COUNTIFS('NHẬP ĐƠN HÀNG'!$C$6:$C$505,$B30,'NHẬP ĐƠN HÀNG'!$N$6:$N$505,">0")>0,"Có lấy VAT","Không lấy VAT")))
A31: =IF($B31="","",26) | B31: =IFERROR(INDEX('NHẬP ĐƠN HÀNG'!$C$6:$C$505,MATCH(26,'NHẬP ĐƠN HÀNG'!$AB$6:$AB$505,0)),"") | C31: =IF($B31="","",IFERROR(IF(INDEX('NHẬP ĐƠN HÀNG'!$D$6:$D$505,MATCH($B31,'NHẬP ĐƠN HÀNG'!$C$6:$C$505,0))="","",INDEX('NHẬP ĐƠN HÀNG'!$D$6:$D$505,MATCH($B31,'NHẬP ĐƠN HÀNG'!$C$6:$C$505,0))),"")) | D31: =IF($B31="","",IFERROR(IF(INDEX('NHẬP ĐƠN HÀNG'!$E$6:$E$505,MATCH($B31,'NHẬP ĐƠN HÀNG'!$C$6:$C$505,0))="","",INDEX('NHẬP ĐƠN HÀNG'!$E$6:$E$505,MATCH($B31,'NHẬP ĐƠN HÀNG'!$C$6:$C$505,0))),"")) | E31: =IF($B31="","",IFERROR(IF(INDEX('NHẬP ĐƠN HÀNG'!$F$6:$F$505,MATCH($B31,'NHẬP ĐƠN HÀNG'!$C$6:$C$505,0))="","",INDEX('NHẬP ĐƠN HÀNG'!$F$6:$F$505,MATCH($B31,'NHẬP ĐƠN HÀNG'!$C$6:$C$505,0))),"")) | F31: =IF($B31="","",IFERROR(IF(INDEX('NHẬP ĐƠN HÀNG'!$G$6:$G$505,MATCH($B31,'NHẬP ĐƠN HÀNG'!$C$6:$C$505,0))="","",INDEX('NHẬP ĐƠN HÀNG'!$G$6:$G$505,MATCH($B31,'NHẬP ĐƠN HÀNG'!$C$6:$C$505,0))),"")) | G31: =IF($B31="","",COUNTIFS('NHẬP ĐƠN HÀNG'!$C$6:$C$505,$B31,'NHẬP ĐƠN HÀNG'!$L$6:$L$505,">0")) | H31: =IF($B31="","",SUMIF('NHẬP ĐƠN HÀNG'!$C$6:$C$505,$B31,'NHẬP ĐƠN HÀNG'!$L$6:$L$505)) | I31: =IF($B31="","",SUMIF('NHẬP ĐƠN HÀNG'!$C$6:$C$505,$B31,'NHẬP ĐƠN HÀNG'!$P$6:$P$505)) | J31: =IF($B31="","",SUMIF('NHẬP ĐƠN HÀNG'!$C$6:$C$505,$B31,'NHẬP ĐƠN HÀNG'!$Q$6:$Q$505)) | K31: =IF($B31="","",SUMIF('NHẬP ĐƠN HÀNG'!$C$6:$C$505,$B31,'NHẬP ĐƠN HÀNG'!$R$6:$R$505)) | L31: =IF($B31="","",SUMIF('NHẬP ĐƠN HÀNG'!$C$6:$C$505,$B31,'NHẬP ĐƠN HÀNG'!$U$6:$U$505)) | M31: =IF($B31="","",IF(SUMPRODUCT(MAX(('NHẬP ĐƠN HÀNG'!$C$6:$C$505=$B31)*'NHẬP ĐƠN HÀNG'!$B$6:$B$505))=0,"",SUMPRODUCT(MAX(('NHẬP ĐƠN HÀNG'!$C$6:$C$505=$B31)*'NHẬP ĐƠN HÀNG'!$B$6:$B$505)))) | N31: =IF($B31="","",IF($G31=0,"Chưa có đơn",IF(COUNTIFS('NHẬP ĐƠN HÀNG'!$C$6:$C$505,$B31,'NHẬP ĐƠN HÀNG'!$N$6:$N$505,">0")>0,"Có lấy VAT","Không lấy VAT")))
A32: =IF($B32="","",27) | B32: =IFERROR(INDEX('NHẬP ĐƠN HÀNG'!$C$6:$C$505,MATCH(27,'NHẬP ĐƠN HÀNG'!$AB$6:$AB$505,0)),"") | C32: =IF($B32="","",IFERROR(IF(INDEX('NHẬP ĐƠN HÀNG'!$D$6:$D$505,MATCH($B32,'NHẬP ĐƠN HÀNG'!$C$6:$C$505,0))="","",INDEX('NHẬP ĐƠN HÀNG'!$D$6:$D$505,MATCH($B32,'NHẬP ĐƠN HÀNG'!$C$6:$C$505,0))),"")) | D32: =IF($B32="","",IFERROR(IF(INDEX('NHẬP ĐƠN HÀNG'!$E$6:$E$505,MATCH($B32,'NHẬP ĐƠN HÀNG'!$C$6:$C$505,0))="","",INDEX('NHẬP ĐƠN HÀNG'!$E$6:$E$505,MATCH($B32,'NHẬP ĐƠN HÀNG'!$C$6:$C$505,0))),"")) | E32: =IF($B32="","",IFERROR(IF(INDEX('NHẬP ĐƠN HÀNG'!$F$6:$F$505,MATCH($B32,'NHẬP ĐƠN HÀNG'!$C$6:$C$505,0))="","",INDEX('NHẬP ĐƠN HÀNG'!$F$6:$F$505,MATCH($B32,'NHẬP ĐƠN HÀNG'!$C$6:$C$505,0))),"")) | F32: =IF($B32="","",IFERROR(IF(INDEX('NHẬP ĐƠN HÀNG'!$G$6:$G$505,MATCH($B32,'NHẬP ĐƠN HÀNG'!$C$6:$C$505,0))="","",INDEX('NHẬP ĐƠN HÀNG'!$G$6:$G$505,MATCH($B32,'NHẬP ĐƠN HÀNG'!$C$6:$C$505,0))),"")) | G32: =IF($B32="","",COUNTIFS('NHẬP ĐƠN HÀNG'!$C$6:$C$505,$B32,'NHẬP ĐƠN HÀNG'!$L$6:$L$505,">0")) | H32: =IF($B32="","",SUMIF('NHẬP ĐƠN HÀNG'!$C$6:$C$505,$B32,'NHẬP ĐƠN HÀNG'!$L$6:$L$505)) | I32: =IF($B32="","",SUMIF('NHẬP ĐƠN HÀNG'!$C$6:$C$505,$B32,'NHẬP ĐƠN HÀNG'!$P$6:$P$505)) | J32: =IF($B32="","",SUMIF('NHẬP ĐƠN HÀNG'!$C$6:$C$505,$B32,'NHẬP ĐƠN HÀNG'!$Q$6:$Q$505)) | K32: =IF($B32="","",SUMIF('NHẬP ĐƠN HÀNG'!$C$6:$C$505,$B32,'NHẬP ĐƠN HÀNG'!$R$6:$R$505)) | L32: =IF($B32="","",SUMIF('NHẬP ĐƠN HÀNG'!$C$6:$C$505,$B32,'NHẬP ĐƠN HÀNG'!$U$6:$U$505)) | M32: =IF($B32="","",IF(SUMPRODUCT(MAX(('NHẬP ĐƠN HÀNG'!$C$6:$C$505=$B32)*'NHẬP ĐƠN HÀNG'!$B$6:$B$505))=0,"",SUMPRODUCT(MAX(('NHẬP ĐƠN HÀNG'!$C$6:$C$505=$B32)*'NHẬP ĐƠN HÀNG'!$B$6:$B$505)))) | N32: =IF($B32="","",IF($G32=0,"Chưa có đơn",IF(COUNTIFS('NHẬP ĐƠN HÀNG'!$C$6:$C$505,$B32,'NHẬP ĐƠN HÀNG'!$N$6:$N$505,">0")>0,"Có lấy VAT","Không lấy VAT")))
A33: =IF($B33="","",28) | B33: =IFERROR(INDEX('NHẬP ĐƠN HÀNG'!$C$6:$C$505,MATCH(28,'NHẬP ĐƠN HÀNG'!$AB$6:$AB$505,0)),"") | C33: =IF($B33="","",IFERROR(IF(INDEX('NHẬP ĐƠN HÀNG'!$D$6:$D$505,MATCH($B33,'NHẬP ĐƠN HÀNG'!$C$6:$C$505,0))="","",INDEX('NHẬP ĐƠN HÀNG'!$D$6:$D$505,MATCH($B33,'NHẬP ĐƠN HÀNG'!$C$6:$C$505,0))),"")) | D33: =IF($B33="","",IFERROR(IF(INDEX('NHẬP ĐƠN HÀNG'!$E$6:$E$505,MATCH($B33,'NHẬP ĐƠN HÀNG'!$C$6:$C$505,0))="","",INDEX('NHẬP ĐƠN HÀNG'!$E$6:$E$505,MATCH($B33,'NHẬP ĐƠN HÀNG'!$C$6:$C$505,0))),"")) | E33: =IF($B33="","",IFERROR(IF(INDEX('NHẬP ĐƠN HÀNG'!$F$6:$F$505,MATCH($B33,'NHẬP ĐƠN HÀNG'!$C$6:$C$505,0))="","",INDEX('NHẬP ĐƠN HÀNG'!$F$6:$F$505,MATCH($B33,'NHẬP ĐƠN HÀNG'!$C$6:$C$505,0))),"")) | F33: =IF($B33="","",IFERROR(IF(INDEX('NHẬP ĐƠN HÀNG'!$G$6:$G$505,MATCH($B33,'NHẬP ĐƠN HÀNG'!$C$6:$C$505,0))="","",INDEX('NHẬP ĐƠN HÀNG'!$G$6:$G$505,MATCH($B33,'NHẬP ĐƠN HÀNG'!$C$6:$C$505,0))),"")) | G33: =IF($B33="","",COUNTIFS('NHẬP ĐƠN HÀNG'!$C$6:$C$505,$B33,'NHẬP ĐƠN HÀNG'!$L$6:$L$505,">0")) | H33: =IF($B33="","",SUMIF('NHẬP ĐƠN HÀNG'!$C$6:$C$505,$B33,'NHẬP ĐƠN HÀNG'!$L$6:$L$505)) | I33: =IF($B33="","",SUMIF('NHẬP ĐƠN HÀNG'!$C$6:$C$505,$B33,'NHẬP ĐƠN HÀNG'!$P$6:$P$505)) | J33: =IF($B33="","",SUMIF('NHẬP ĐƠN HÀNG'!$C$6:$C$505,$B33,'NHẬP ĐƠN HÀNG'!$Q$6:$Q$505)) | K33: =IF($B33="","",SUMIF('NHẬP ĐƠN HÀNG'!$C$6:$C$505,$B33,'NHẬP ĐƠN HÀNG'!$R$6:$R$505)) | L33: =IF($B33="","",SUMIF('NHẬP ĐƠN HÀNG'!$C$6:$C$505,$B33,'NHẬP ĐƠN HÀNG'!$U$6:$U$505)) | M33: =IF($B33="","",IF(SUMPRODUCT(MAX(('NHẬP ĐƠN HÀNG'!$C$6:$C$505=$B33)*'NHẬP ĐƠN HÀNG'!$B$6:$B$505))=0,"",SUMPRODUCT(MAX(('NHẬP ĐƠN HÀNG'!$C$6:$C$505=$B33)*'NHẬP ĐƠN HÀNG'!$B$6:$B$505)))) | N33: =IF($B33="","",IF($G33=0,"Chưa có đơn",IF(COUNTIFS('NHẬP ĐƠN HÀNG'!$C$6:$C$505,$B33,'NHẬP ĐƠN HÀNG'!$N$6:$N$505,">0")>0,"Có lấy VAT","Không lấy VAT")))
A34: =IF($B34="","",29) | B34: =IFERROR(INDEX('NHẬP ĐƠN HÀNG'!$C$6:$C$505,MATCH(29,'NHẬP ĐƠN HÀNG'!$AB$6:$AB$505,0)),"") | C34: =IF($B34="","",IFERROR(IF(INDEX('NHẬP ĐƠN HÀNG'!$D$6:$D$505,MATCH($B34,'NHẬP ĐƠN HÀNG'!$C$6:$C$505,0))="","",INDEX('NHẬP ĐƠN HÀNG'!$D$6:$D$505,MATCH($B34,'NHẬP ĐƠN HÀNG'!$C$6:$C$505,0))),"")) | D34: =IF($B34="","",IFERROR(IF(INDEX('NHẬP ĐƠN HÀNG'!$E$6:$E$505,MATCH($B34,'NHẬP ĐƠN HÀNG'!$C$6:$C$505,0))="","",INDEX('NHẬP ĐƠN HÀNG'!$E$6:$E$505,MATCH($B34,'NHẬP ĐƠN HÀNG'!$C$6:$C$505,0))),"")) | E34: =IF($B34="","",IFERROR(IF(INDEX('NHẬP ĐƠN HÀNG'!$F$6:$F$505,MATCH($B34,'NHẬP ĐƠN HÀNG'!$C$6:$C$505,0))="","",INDEX('NHẬP ĐƠN HÀNG'!$F$6:$F$505,MATCH($B34,'NHẬP ĐƠN HÀNG'!$C$6:$C$505,0))),"")) | F34: =IF($B34="","",IFERROR(IF(INDEX('NHẬP ĐƠN HÀNG'!$G$6:$G$505,MATCH($B34,'NHẬP ĐƠN HÀNG'!$C$6:$C$505,0))="","",INDEX('NHẬP ĐƠN HÀNG'!$G$6:$G$505,MATCH($B34,'NHẬP ĐƠN HÀNG'!$C$6:$C$505,0))),"")) | G34: =IF($B34="","",COUNTIFS('NHẬP ĐƠN HÀNG'!$C$6:$C$505,$B34,'NHẬP ĐƠN HÀNG'!$L$6:$L$505,">0")) | H34: =IF($B34="","",SUMIF('NHẬP ĐƠN HÀNG'!$C$6:$C$505,$B34,'NHẬP ĐƠN HÀNG'!$L$6:$L$505)) | I34: =IF($B34="","",SUMIF('NHẬP ĐƠN HÀNG'!$C$6:$C$505,$B34,'NHẬP ĐƠN HÀNG'!$P$6:$P$505)) | J34: =IF($B34="","",SUMIF('NHẬP ĐƠN HÀNG'!$C$6:$C$505,$B34,'NHẬP ĐƠN HÀNG'!$Q$6:$Q$505)) | K34: =IF($B34="","",SUMIF('NHẬP ĐƠN HÀNG'!$C$6:$C$505,$B34,'NHẬP ĐƠN HÀNG'!$R$6:$R$505)) | L34: =IF($B34="","",SUMIF('NHẬP ĐƠN HÀNG'!$C$6:$C$505,$B34,'NHẬP ĐƠN HÀNG'!$U$6:$U$505)) | M34: =IF($B34="","",IF(SUMPRODUCT(MAX(('NHẬP ĐƠN HÀNG'!$C$6:$C$505=$B34)*'NHẬP ĐƠN HÀNG'!$B$6:$B$505))=0,"",SUMPRODUCT(MAX(('NHẬP ĐƠN HÀNG'!$C$6:$C$505=$B34)*'NHẬP ĐƠN HÀNG'!$B$6:$B$505)))) | N34: =IF($B34="","",IF($G34=0,"Chưa có đơn",IF(COUNTIFS('NHẬP ĐƠN HÀNG'!$C$6:$C$505,$B34,'NHẬP ĐƠN HÀNG'!$N$6:$N$505,">0")>0,"Có lấy VAT","Không lấy VAT")))
A35: =IF($B35="","",30) | B35: =IFERROR(INDEX('NHẬP ĐƠN HÀNG'!$C$6:$C$505,MATCH(30,'NHẬP ĐƠN HÀNG'!$AB$6:$AB$505,0)),"") | C35: =IF($B35="","",IFERROR(IF(INDEX('NHẬP ĐƠN HÀNG'!$D$6:$D$505,MATCH($B35,'NHẬP ĐƠN HÀNG'!$C$6:$C$505,0))="","",INDEX('NHẬP ĐƠN HÀNG'!$D$6:$D$505,MATCH($B35,'NHẬP ĐƠN HÀNG'!$C$6:$C$505,0))),"")) | D35: =IF($B35="","",IFERROR(IF(INDEX('NHẬP ĐƠN HÀNG'!$E$6:$E$505,MATCH($B35,'NHẬP ĐƠN HÀNG'!$C$6:$C$505,0))="","",INDEX('NHẬP ĐƠN HÀNG'!$E$6:$E$505,MATCH($B35,'NHẬP ĐƠN HÀNG'!$C$6:$C$505,0))),"")) | E35: =IF($B35="","",IFERROR(IF(INDEX('NHẬP ĐƠN HÀNG'!$F$6:$F$505,MATCH($B35,'NHẬP ĐƠN HÀNG'!$C$6:$C$505,0))="","",INDEX('NHẬP ĐƠN HÀNG'!$F$6:$F$505,MATCH($B35,'NHẬP ĐƠN HÀNG'!$C$6:$C$505,0))),"")) | F35: =IF($B35="","",IFERROR(IF(INDEX('NHẬP ĐƠN HÀNG'!$G$6:$G$505,MATCH($B35,'NHẬP ĐƠN HÀNG'!$C$6:$C$505,0))="","",INDEX('NHẬP ĐƠN HÀNG'!$G$6:$G$505,MATCH($B35,'NHẬP ĐƠN HÀNG'!$C$6:$C$505,0))),"")) | G35: =IF($B35="","",COUNTIFS('NHẬP ĐƠN HÀNG'!$C$6:$C$505,$B35,'NHẬP ĐƠN HÀNG'!$L$6:$L$505,">0")) | H35: =IF($B35="","",SUMIF('NHẬP ĐƠN HÀNG'!$C$6:$C$505,$B35,'NHẬP ĐƠN HÀNG'!$L$6:$L$505)) | I35: =IF($B35="","",SUMIF('NHẬP ĐƠN HÀNG'!$C$6:$C$505,$B35,'NHẬP ĐƠN HÀNG'!$P$6:$P$505)) | J35: =IF($B35="","",SUMIF('NHẬP ĐƠN HÀNG'!$C$6:$C$505,$B35,'NHẬP ĐƠN HÀNG'!$Q$6:$Q$505)) | K35: =IF($B35="","",SUMIF('NHẬP ĐƠN HÀNG'!$C$6:$C$505,$B35,'NHẬP ĐƠN HÀNG'!$R$6:$R$505)) | L35: =IF($B35="","",SUMIF('NHẬP ĐƠN HÀNG'!$C$6:$C$505,$B35,'NHẬP ĐƠN HÀNG'!$U$6:$U$505)) | M35: =IF($B35="","",IF(SUMPRODUCT(MAX(('NHẬP ĐƠN HÀNG'!$C$6:$C$505=$B35)*'NHẬP ĐƠN HÀNG'!$B$6:$B$505))=0,"",SUMPRODUCT(MAX(('NHẬP ĐƠN HÀNG'!$C$6:$C$505=$B35)*'NHẬP ĐƠN HÀNG'!$B$6:$B$505)))) | N35: =IF($B35="","",IF($G35=0,"Chưa có đơn",IF(COUNTIFS('NHẬP ĐƠN HÀNG'!$C$6:$C$505,$B35,'NHẬP ĐƠN HÀNG'!$N$6:$N$505,">0")>0,"Có lấy VAT","Không lấy VAT")))
A36: =IF($B36="","",31) | B36: =IFERROR(INDEX('NHẬP ĐƠN HÀNG'!$C$6:$C$505,MATCH(31,'NHẬP ĐƠN HÀNG'!$AB$6:$AB$505,0)),"") | C36: =IF($B36="","",IFERROR(IF(INDEX('NHẬP ĐƠN HÀNG'!$D$6:$D$505,MATCH($B36,'NHẬP ĐƠN HÀNG'!$C$6:$C$505,0))="","",INDEX('NHẬP ĐƠN HÀNG'!$D$6:$D$505,MATCH($B36,'NHẬP ĐƠN HÀNG'!$C$6:$C$505,0))),"")) | D36: =IF($B36="","",IFERROR(IF(INDEX('NHẬP ĐƠN HÀNG'!$E$6:$E$505,MATCH($B36,'NHẬP ĐƠN HÀNG'!$C$6:$C$505,0))="","",INDEX('NHẬP ĐƠN HÀNG'!$E$6:$E$505,MATCH($B36,'NHẬP ĐƠN HÀNG'!$C$6:$C$505,0))),"")) | E36: =IF($B36="","",IFERROR(IF(INDEX('NHẬP ĐƠN HÀNG'!$F$6:$F$505,MATCH($B36,'NHẬP ĐƠN HÀNG'!$C$6:$C$505,0))="","",INDEX('NHẬP ĐƠN HÀNG'!$F$6:$F$505,MATCH($B36,'NHẬP ĐƠN HÀNG'!$C$6:$C$505,0))),"")) | F36: =IF($B36="","",IFERROR(IF(INDEX('NHẬP ĐƠN HÀNG'!$G$6:$G$505,MATCH($B36,'NHẬP ĐƠN HÀNG'!$C$6:$C$505,0))="","",INDEX('NHẬP ĐƠN HÀNG'!$G$6:$G$505,MATCH($B36,'NHẬP ĐƠN HÀNG'!$C$6:$C$505,0))),"")) | G36: =IF($B36="","",COUNTIFS('NHẬP ĐƠN HÀNG'!$C$6:$C$505,$B36,'NHẬP ĐƠN HÀNG'!$L$6:$L$505,">0")) | H36: =IF($B36="","",SUMIF('NHẬP ĐƠN HÀNG'!$C$6:$C$505,$B36,'NHẬP ĐƠN HÀNG'!$L$6:$L$505)) | I36: =IF($B36="","",SUMIF('NHẬP ĐƠN HÀNG'!$C$6:$C$505,$B36,'NHẬP ĐƠN HÀNG'!$P$6:$P$505)) | J36: =IF($B36="","",SUMIF('NHẬP ĐƠN HÀNG'!$C$6:$C$505,$B36,'NHẬP ĐƠN HÀNG'!$Q$6:$Q$505)) | K36: =IF($B36="","",SUMIF('NHẬP ĐƠN HÀNG'!$C$6:$C$505,$B36,'NHẬP ĐƠN HÀNG'!$R$6:$R$505)) | L36: =IF($B36="","",SUMIF('NHẬP ĐƠN HÀNG'!$C$6:$C$505,$B36,'NHẬP ĐƠN HÀNG'!$U$6:$U$505)) | M36: =IF($B36="","",IF(SUMPRODUCT(MAX(('NHẬP ĐƠN HÀNG'!$C$6:$C$505=$B36)*'NHẬP ĐƠN HÀNG'!$B$6:$B$505))=0,"",SUMPRODUCT(MAX(('NHẬP ĐƠN HÀNG'!$C$6:$C$505=$B36)*'NHẬP ĐƠN HÀNG'!$B$6:$B$505)))) | N36: =IF($B36="","",IF($G36=0,"Chưa có đơn",IF(COUNTIFS('NHẬP ĐƠN HÀNG'!$C$6:$C$505,$B36,'NHẬP ĐƠN HÀNG'!$N$6:$N$505,">0")>0,"Có lấy VAT","Không lấy VAT")))
A37: =IF($B37="","",32) | B37: =IFERROR(INDEX('NHẬP ĐƠN HÀNG'!$C$6:$C$505,MATCH(32,'NHẬP ĐƠN HÀNG'!$AB$6:$AB$505,0)),"") | C37: =IF($B37="","",IFERROR(IF(INDEX('NHẬP ĐƠN HÀNG'!$D$6:$D$505,MATCH($B37,'NHẬP ĐƠN HÀNG'!$C$6:$C$505,0))="","",INDEX('NHẬP ĐƠN HÀNG'!$D$6:$D$505,MATCH($B37,'NHẬP ĐƠN HÀNG'!$C$6:$C$505,0))),"")) | D37: =IF($B37="","",IFERROR(IF(INDEX('NHẬP ĐƠN HÀNG'!$E$6:$E$505,MATCH($B37,'NHẬP ĐƠN HÀNG'!$C$6:$C$505,0))="","",INDEX('NHẬP ĐƠN HÀNG'!$E$6:$E$505,MATCH($B37,'NHẬP ĐƠN HÀNG'!$C$6:$C$505,0))),"")) | E37: =IF($B37="","",IFERROR(IF(INDEX('NHẬP ĐƠN HÀNG'!$F$6:$F$505,MATCH($B37,'NHẬP ĐƠN HÀNG'!$C$6:$C$505,0))="","",INDEX('NHẬP ĐƠN HÀNG'!$F$6:$F$505,MATCH($B37,'NHẬP ĐƠN HÀNG'!$C$6:$C$505,0))),"")) | F37: =IF($B37="","",IFERROR(IF(INDEX('NHẬP ĐƠN HÀNG'!$G$6:$G$505,MATCH($B37,'NHẬP ĐƠN HÀNG'!$C$6:$C$505,0))="","",INDEX('NHẬP ĐƠN HÀNG'!$G$6:$G$505,MATCH($B37,'NHẬP ĐƠN HÀNG'!$C$6:$C$505,0))),"")) | G37: =IF($B37="","",COUNTIFS('NHẬP ĐƠN HÀNG'!$C$6:$C$505,$B37,'NHẬP ĐƠN HÀNG'!$L$6:$L$505,">0")) | H37: =IF($B37="","",SUMIF('NHẬP ĐƠN HÀNG'!$C$6:$C$505,$B37,'NHẬP ĐƠN HÀNG'!$L$6:$L$505)) | I37: =IF($B37="","",SUMIF('NHẬP ĐƠN HÀNG'!$C$6:$C$505,$B37,'NHẬP ĐƠN HÀNG'!$P$6:$P$505)) | J37: =IF($B37="","",SUMIF('NHẬP ĐƠN HÀNG'!$C$6:$C$505,$B37,'NHẬP ĐƠN HÀNG'!$Q$6:$Q$505)) | K37: =IF($B37="","",SUMIF('NHẬP ĐƠN HÀNG'!$C$6:$C$505,$B37,'NHẬP ĐƠN HÀNG'!$R$6:$R$505)) | L37: =IF($B37="","",SUMIF('NHẬP ĐƠN HÀNG'!$C$6:$C$505,$B37,'NHẬP ĐƠN HÀNG'!$U$6:$U$505)) | M37: =IF($B37="","",IF(SUMPRODUCT(MAX(('NHẬP ĐƠN HÀNG'!$C$6:$C$505=$B37)*'NHẬP ĐƠN HÀNG'!$B$6:$B$505))=0,"",SUMPRODUCT(MAX(('NHẬP ĐƠN HÀNG'!$C$6:$C$505=$B37)*'NHẬP ĐƠN HÀNG'!$B$6:$B$505)))) | N37: =IF($B37="","",IF($G37=0,"Chưa có đơn",IF(COUNTIFS('NHẬP ĐƠN HÀNG'!$C$6:$C$505,$B37,'NHẬP ĐƠN HÀNG'!$N$6:$N$505,">0")>0,"Có lấy VAT","Không lấy VAT")))
A38: =IF($B38="","",33) | B38: =IFERROR(INDEX('NHẬP ĐƠN HÀNG'!$C$6:$C$505,MATCH(33,'NHẬP ĐƠN HÀNG'!$AB$6:$AB$505,0)),"") | C38: =IF($B38="","",IFERROR(IF(INDEX('NHẬP ĐƠN HÀNG'!$D$6:$D$505,MATCH($B38,'NHẬP ĐƠN HÀNG'!$C$6:$C$505,0))="","",INDEX('NHẬP ĐƠN HÀNG'!$D$6:$D$505,MATCH($B38,'NHẬP ĐƠN HÀNG'!$C$6:$C$505,0))),"")) | D38: =IF($B38="","",IFERROR(IF(INDEX('NHẬP ĐƠN HÀNG'!$E$6:$E$505,MATCH($B38,'NHẬP ĐƠN HÀNG'!$C$6:$C$505,0))="","",INDEX('NHẬP ĐƠN HÀNG'!$E$6:$E$505,MATCH($B38,'NHẬP ĐƠN HÀNG'!$C$6:$C$505,0))),"")) | E38: =IF($B38="","",IFERROR(IF(INDEX('NHẬP ĐƠN HÀNG'!$F$6:$F$505,MATCH($B38,'NHẬP ĐƠN HÀNG'!$C$6:$C$505,0))="","",INDEX('NHẬP ĐƠN HÀNG'!$F$6:$F$505,MATCH($B38,'NHẬP ĐƠN HÀNG'!$C$6:$C$505,0))),"")) | F38: =IF($B38="","",IFERROR(IF(INDEX('NHẬP ĐƠN HÀNG'!$G$6:$G$505,MATCH($B38,'NHẬP ĐƠN HÀNG'!$C$6:$C$505,0))="","",INDEX('NHẬP ĐƠN HÀNG'!$G$6:$G$505,MATCH($B38,'NHẬP ĐƠN HÀNG'!$C$6:$C$505,0))),"")) | G38: =IF($B38="","",COUNTIFS('NHẬP ĐƠN HÀNG'!$C$6:$C$505,$B38,'NHẬP ĐƠN HÀNG'!$L$6:$L$505,">0")) | H38: =IF($B38="","",SUMIF('NHẬP ĐƠN HÀNG'!$C$6:$C$505,$B38,'NHẬP ĐƠN HÀNG'!$L$6:$L$505)) | I38: =IF($B38="","",SUMIF('NHẬP ĐƠN HÀNG'!$C$6:$C$505,$B38,'NHẬP ĐƠN HÀNG'!$P$6:$P$505)) | J38: =IF($B38="","",SUMIF('NHẬP ĐƠN HÀNG'!$C$6:$C$505,$B38,'NHẬP ĐƠN HÀNG'!$Q$6:$Q$505)) | K38: =IF($B38="","",SUMIF('NHẬP ĐƠN HÀNG'!$C$6:$C$505,$B38,'NHẬP ĐƠN HÀNG'!$R$6:$R$505)) | L38: =IF($B38="","",SUMIF('NHẬP ĐƠN HÀNG'!$C$6:$C$505,$B38,'NHẬP ĐƠN HÀNG'!$U$6:$U$505)) | M38: =IF($B38="","",IF(SUMPRODUCT(MAX(('NHẬP ĐƠN HÀNG'!$C$6:$C$505=$B38)*'NHẬP ĐƠN HÀNG'!$B$6:$B$505))=0,"",SUMPRODUCT(MAX(('NHẬP ĐƠN HÀNG'!$C$6:$C$505=$B38)*'NHẬP ĐƠN HÀNG'!$B$6:$B$505)))) | N38: =IF($B38="","",IF($G38=0,"Chưa có đơn",IF(COUNTIFS('NHẬP ĐƠN HÀNG'!$C$6:$C$505,$B38,'NHẬP ĐƠN HÀNG'!$N$6:$N$505,">0")>0,"Có lấy VAT","Không lấy VAT")))
A39: =IF($B39="","",34) | B39: =IFERROR(INDEX('NHẬP ĐƠN HÀNG'!$C$6:$C$505,MATCH(34,'NHẬP ĐƠN HÀNG'!$AB$6:$AB$505,0)),"") | C39: =IF($B39="","",IFERROR(IF(INDEX('NHẬP ĐƠN HÀNG'!$D$6:$D$505,MATCH($B39,'NHẬP ĐƠN HÀNG'!$C$6:$C$505,0))="","",INDEX('NHẬP ĐƠN HÀNG'!$D$6:$D$505,MATCH($B39,'NHẬP ĐƠN HÀNG'!$C$6:$C$505,0))),"")) | D39: =IF($B39="","",IFERROR(IF(INDEX('NHẬP ĐƠN HÀNG'!$E$6:$E$505,MATCH($B39,'NHẬP ĐƠN HÀNG'!$C$6:$C$505,0))="","",INDEX('NHẬP ĐƠN HÀNG'!$E$6:$E$505,MATCH($B39,'NHẬP ĐƠN HÀNG'!$C$6:$C$505,0))),"")) | E39: =IF($B39="","",IFERROR(IF(INDEX('NHẬP ĐƠN HÀNG'!$F$6:$F$505,MATCH($B39,'NHẬP ĐƠN HÀNG'!$C$6:$C$505,0))="","",INDEX('NHẬP ĐƠN HÀNG'!$F$6:$F$505,MATCH($B39,'NHẬP ĐƠN HÀNG'!$C$6:$C$505,0))),"")) | F39: =IF($B39="","",IFERROR(IF(INDEX('NHẬP ĐƠN HÀNG'!$G$6:$G$505,MATCH($B39,'NHẬP ĐƠN HÀNG'!$C$6:$C$505,0))="","",INDEX('NHẬP ĐƠN HÀNG'!$G$6:$G$505,MATCH($B39,'NHẬP ĐƠN HÀNG'!$C$6:$C$505,0))),"")) | G39: =IF($B39="","",COUNTIFS('NHẬP ĐƠN HÀNG'!$C$6:$C$505,$B39,'NHẬP ĐƠN HÀNG'!$L$6:$L$505,">0")) | H39: =IF($B39="","",SUMIF('NHẬP ĐƠN HÀNG'!$C$6:$C$505,$B39,'NHẬP ĐƠN HÀNG'!$L$6:$L$505)) | I39: =IF($B39="","",SUMIF('NHẬP ĐƠN HÀNG'!$C$6:$C$505,$B39,'NHẬP ĐƠN HÀNG'!$P$6:$P$505)) | J39: =IF($B39="","",SUMIF('NHẬP ĐƠN HÀNG'!$C$6:$C$505,$B39,'NHẬP ĐƠN HÀNG'!$Q$6:$Q$505)) | K39: =IF($B39="","",SUMIF('NHẬP ĐƠN HÀNG'!$C$6:$C$505,$B39,'NHẬP ĐƠN HÀNG'!$R$6:$R$505)) | L39: =IF($B39="","",SUMIF('NHẬP ĐƠN HÀNG'!$C$6:$C$505,$B39,'NHẬP ĐƠN HÀNG'!$U$6:$U$505)) | M39: =IF($B39="","",IF(SUMPRODUCT(MAX(('NHẬP ĐƠN HÀNG'!$C$6:$C$505=$B39)*'NHẬP ĐƠN HÀNG'!$B$6:$B$505))=0,"",SUMPRODUCT(MAX(('NHẬP ĐƠN HÀNG'!$C$6:$C$505=$B39)*'NHẬP ĐƠN HÀNG'!$B$6:$B$505)))) | N39: =IF($B39="","",IF($G39=0,"Chưa có đơn",IF(COUNTIFS('NHẬP ĐƠN HÀNG'!$C$6:$C$505,$B39,'NHẬP ĐƠN HÀNG'!$N$6:$N$505,">0")>0,"Có lấy VAT","Không lấy VAT")))
A40: =IF($B40="","",35) | B40: =IFERROR(INDEX('NHẬP ĐƠN HÀNG'!$C$6:$C$505,MATCH(35,'NHẬP ĐƠN HÀNG'!$AB$6:$AB$505,0)),"") | C40: =IF($B40="","",IFERROR(IF(INDEX('NHẬP ĐƠN HÀNG'!$D$6:$D$505,MATCH($B40,'NHẬP ĐƠN HÀNG'!$C$6:$C$505,0))="","",INDEX('NHẬP ĐƠN HÀNG'!$D$6:$D$505,MATCH($B40,'NHẬP ĐƠN HÀNG'!$C$6:$C$505,0))),"")) | D40: =IF($B40="","",IFERROR(IF(INDEX('NHẬP ĐƠN HÀNG'!$E$6:$E$505,MATCH($B40,'NHẬP ĐƠN HÀNG'!$C$6:$C$505,0))="","",INDEX('NHẬP ĐƠN HÀNG'!$E$6:$E$505,MATCH($B40,'NHẬP ĐƠN HÀNG'!$C$6:$C$505,0))),"")) | E40: =IF($B40="","",IFERROR(IF(INDEX('NHẬP ĐƠN HÀNG'!$F$6:$F$505,MATCH($B40,'NHẬP ĐƠN HÀNG'!$C$6:$C$505,0))="","",INDEX('NHẬP ĐƠN HÀNG'!$F$6:$F$505,MATCH($B40,'NHẬP ĐƠN HÀNG'!$C$6:$C$505,0))),"")) | F40: =IF($B40="","",IFERROR(IF(INDEX('NHẬP ĐƠN HÀNG'!$G$6:$G$505,MATCH($B40,'NHẬP ĐƠN HÀNG'!$C$6:$C$505,0))="","",INDEX('NHẬP ĐƠN HÀNG'!$G$6:$G$505,MATCH($B40,'NHẬP ĐƠN HÀNG'!$C$6:$C$505,0))),"")) | G40: =IF($B40="","",COUNTIFS('NHẬP ĐƠN HÀNG'!$C$6:$C$505,$B40,'NHẬP ĐƠN HÀNG'!$L$6:$L$505,">0")) | H40: =IF($B40="","",SUMIF('NHẬP ĐƠN HÀNG'!$C$6:$C$505,$B40,'NHẬP ĐƠN HÀNG'!$L$6:$L$505)) | I40: =IF($B40="","",SUMIF('NHẬP ĐƠN HÀNG'!$C$6:$C$505,$B40,'NHẬP ĐƠN HÀNG'!$P$6:$P$505)) | J40: =IF($B40="","",SUMIF('NHẬP ĐƠN HÀNG'!$C$6:$C$505,$B40,'NHẬP ĐƠN HÀNG'!$Q$6:$Q$505)) | K40: =IF($B40="","",SUMIF('NHẬP ĐƠN HÀNG'!$C$6:$C$505,$B40,'NHẬP ĐƠN HÀNG'!$R$6:$R$505)) | L40: =IF($B40="","",SUMIF('NHẬP ĐƠN HÀNG'!$C$6:$C$505,$B40,'NHẬP ĐƠN HÀNG'!$U$6:$U$505)) | M40: =IF($B40="","",IF(SUMPRODUCT(MAX(('NHẬP ĐƠN HÀNG'!$C$6:$C$505=$B40)*'NHẬP ĐƠN HÀNG'!$B$6:$B$505))=0,"",SUMPRODUCT(MAX(('NHẬP ĐƠN HÀNG'!$C$6:$C$505=$B40)*'NHẬP ĐƠN HÀNG'!$B$6:$B$505)))) | N40: =IF($B40="","",IF($G40=0,"Chưa có đơn",IF(COUNTIFS('NHẬP ĐƠN HÀNG'!$C$6:$C$505,$B40,'NHẬP ĐƠN HÀNG'!$N$6:$N$505,">0")>0,"Có lấy VAT","Không lấy VAT")))
A41: =IF($B41="","",36) | B41: =IFERROR(INDEX('NHẬP ĐƠN HÀNG'!$C$6:$C$505,MATCH(36,'NHẬP ĐƠN HÀNG'!$AB$6:$AB$505,0)),"") | C41: =IF($B41="","",IFERROR(IF(INDEX('NHẬP ĐƠN HÀNG'!$D$6:$D$505,MATCH($B41,'NHẬP ĐƠN HÀNG'!$C$6:$C$505,0))="","",INDEX('NHẬP ĐƠN HÀNG'!$D$6:$D$505,MATCH($B41,'NHẬP ĐƠN HÀNG'!$C$6:$C$505,0))),"")) | D41: =IF($B41="","",IFERROR(IF(INDEX('NHẬP ĐƠN HÀNG'!$E$6:$E$505,MATCH($B41,'NHẬP ĐƠN HÀNG'!$C$6:$C$505,0))="","",INDEX('NHẬP ĐƠN HÀNG'!$E$6:$E$505,MATCH($B41,'NHẬP ĐƠN HÀNG'!$C$6:$C$505,0))),"")) | E41: =IF($B41="","",IFERROR(IF(INDEX('NHẬP ĐƠN HÀNG'!$F$6:$F$505,MATCH($B41,'NHẬP ĐƠN HÀNG'!$C$6:$C$505,0))="","",INDEX('NHẬP ĐƠN HÀNG'!$F$6:$F$505,MATCH($B41,'NHẬP ĐƠN HÀNG'!$C$6:$C$505,0))),"")) | F41: =IF($B41="","",IFERROR(IF(INDEX('NHẬP ĐƠN HÀNG'!$G$6:$G$505,MATCH($B41,'NHẬP ĐƠN HÀNG'!$C$6:$C$505,0))="","",INDEX('NHẬP ĐƠN HÀNG'!$G$6:$G$505,MATCH($B41,'NHẬP ĐƠN HÀNG'!$C$6:$C$505,0))),"")) | G41: =IF($B41="","",COUNTIFS('NHẬP ĐƠN HÀNG'!$C$6:$C$505,$B41,'NHẬP ĐƠN HÀNG'!$L$6:$L$505,">0")) | H41: =IF($B41="","",SUMIF('NHẬP ĐƠN HÀNG'!$C$6:$C$505,$B41,'NHẬP ĐƠN HÀNG'!$L$6:$L$505)) | I41: =IF($B41="","",SUMIF('NHẬP ĐƠN HÀNG'!$C$6:$C$505,$B41,'NHẬP ĐƠN HÀNG'!$P$6:$P$505)) | J41: =IF($B41="","",SUMIF('NHẬP ĐƠN HÀNG'!$C$6:$C$505,$B41,'NHẬP ĐƠN HÀNG'!$Q$6:$Q$505)) | K41: =IF($B41="","",SUMIF('NHẬP ĐƠN HÀNG'!$C$6:$C$505,$B41,'NHẬP ĐƠN HÀNG'!$R$6:$R$505)) | L41: =IF($B41="","",SUMIF('NHẬP ĐƠN HÀNG'!$C$6:$C$505,$B41,'NHẬP ĐƠN HÀNG'!$U$6:$U$505)) | M41: =IF($B41="","",IF(SUMPRODUCT(MAX(('NHẬP ĐƠN HÀNG'!$C$6:$C$505=$B41)*'NHẬP ĐƠN HÀNG'!$B$6:$B$505))=0,"",SUMPRODUCT(MAX(('NHẬP ĐƠN HÀNG'!$C$6:$C$505=$B41)*'NHẬP ĐƠN HÀNG'!$B$6:$B$505)))) | N41: =IF($B41="","",IF($G41=0,"Chưa có đơn",IF(COUNTIFS('NHẬP ĐƠN HÀNG'!$C$6:$C$505,$B41,'NHẬP ĐƠN HÀNG'!$N$6:$N$505,">0")>0,"Có lấy VAT","Không lấy VAT")))
A42: =IF($B42="","",37) | B42: =IFERROR(INDEX('NHẬP ĐƠN HÀNG'!$C$6:$C$505,MATCH(37,'NHẬP ĐƠN HÀNG'!$AB$6:$AB$505,0)),"") | C42: =IF($B42="","",IFERROR(IF(INDEX('NHẬP ĐƠN HÀNG'!$D$6:$D$505,MATCH($B42,'NHẬP ĐƠN HÀNG'!$C$6:$C$505,0))="","",INDEX('NHẬP ĐƠN HÀNG'!$D$6:$D$505,MATCH($B42,'NHẬP ĐƠN HÀNG'!$C$6:$C$505,0))),"")) | D42: =IF($B42="","",IFERROR(IF(INDEX('NHẬP ĐƠN HÀNG'!$E$6:$E$505,MATCH($B42,'NHẬP ĐƠN HÀNG'!$C$6:$C$505,0))="","",INDEX('NHẬP ĐƠN HÀNG'!$E$6:$E$505,MATCH($B42,'NHẬP ĐƠN HÀNG'!$C$6:$C$505,0))),"")) | E42: =IF($B42="","",IFERROR(IF(INDEX('NHẬP ĐƠN HÀNG'!$F$6:$F$505,MATCH($B42,'NHẬP ĐƠN HÀNG'!$C$6:$C$505,0))="","",INDEX('NHẬP ĐƠN HÀNG'!$F$6:$F$505,MATCH($B42,'NHẬP ĐƠN HÀNG'!$C$6:$C$505,0))),"")) | F42: =IF($B42="","",IFERROR(IF(INDEX('NHẬP ĐƠN HÀNG'!$G$6:$G$505,MATCH($B42,'NHẬP ĐƠN HÀNG'!$C$6:$C$505,0))="","",INDEX('NHẬP ĐƠN HÀNG'!$G$6:$G$505,MATCH($B42,'NHẬP ĐƠN HÀNG'!$C$6:$C$505,0))),"")) | G42: =IF($B42="","",COUNTIFS('NHẬP ĐƠN HÀNG'!$C$6:$C$505,$B42,'NHẬP ĐƠN HÀNG'!$L$6:$L$505,">0")) | H42: =IF($B42="","",SUMIF('NHẬP ĐƠN HÀNG'!$C$6:$C$505,$B42,'NHẬP ĐƠN HÀNG'!$L$6:$L$505)) | I42: =IF($B42="","",SUMIF('NHẬP ĐƠN HÀNG'!$C$6:$C$505,$B42,'NHẬP ĐƠN HÀNG'!$P$6:$P$505)) | J42: =IF($B42="","",SUMIF('NHẬP ĐƠN HÀNG'!$C$6:$C$505,$B42,'NHẬP ĐƠN HÀNG'!$Q$6:$Q$505)) | K42: =IF($B42="","",SUMIF('NHẬP ĐƠN HÀNG'!$C$6:$C$505,$B42,'NHẬP ĐƠN HÀNG'!$R$6:$R$505)) | L42: =IF($B42="","",SUMIF('NHẬP ĐƠN HÀNG'!$C$6:$C$505,$B42,'NHẬP ĐƠN HÀNG'!$U$6:$U$505)) | M42: =IF($B42="","",IF(SUMPRODUCT(MAX(('NHẬP ĐƠN HÀNG'!$C$6:$C$505=$B42)*'NHẬP ĐƠN HÀNG'!$B$6:$B$505))=0,"",SUMPRODUCT(MAX(('NHẬP ĐƠN HÀNG'!$C$6:$C$505=$B42)*'NHẬP ĐƠN HÀNG'!$B$6:$B$505)))) | N42: =IF($B42="","",IF($G42=0,"Chưa có đơn",IF(COUNTIFS('NHẬP ĐƠN HÀNG'!$C$6:$C$505,$B42,'NHẬP ĐƠN HÀNG'!$N$6:$N$505,">0")>0,"Có lấy VAT","Không lấy VAT")))
A43: =IF($B43="","",38) | B43: =IFERROR(INDEX('NHẬP ĐƠN HÀNG'!$C$6:$C$505,MATCH(38,'NHẬP ĐƠN HÀNG'!$AB$6:$AB$505,0)),"") | C43: =IF($B43="","",IFERROR(IF(INDEX('NHẬP ĐƠN HÀNG'!$D$6:$D$505,MATCH($B43,'NHẬP ĐƠN HÀNG'!$C$6:$C$505,0))="","",INDEX('NHẬP ĐƠN HÀNG'!$D$6:$D$505,MATCH($B43,'NHẬP ĐƠN HÀNG'!$C$6:$C$505,0))),"")) | D43: =IF($B43="","",IFERROR(IF(INDEX('NHẬP ĐƠN HÀNG'!$E$6:$E$505,MATCH($B43,'NHẬP ĐƠN HÀNG'!$C$6:$C$505,0))="","",INDEX('NHẬP ĐƠN HÀNG'!$E$6:$E$505,MATCH($B43,'NHẬP ĐƠN HÀNG'!$C$6:$C$505,0))),"")) | E43: =IF($B43="","",IFERROR(IF(INDEX('NHẬP ĐƠN HÀNG'!$F$6:$F$505,MATCH($B43,'NHẬP ĐƠN HÀNG'!$C$6:$C$505,0))="","",INDEX('NHẬP ĐƠN HÀNG'!$F$6:$F$505,MATCH($B43,'NHẬP ĐƠN HÀNG'!$C$6:$C$505,0))),"")) | F43: =IF($B43="","",IFERROR(IF(INDEX('NHẬP ĐƠN HÀNG'!$G$6:$G$505,MATCH($B43,'NHẬP ĐƠN HÀNG'!$C$6:$C$505,0))="","",INDEX('NHẬP ĐƠN HÀNG'!$G$6:$G$505,MATCH($B43,'NHẬP ĐƠN HÀNG'!$C$6:$C$505,0))),"")) | G43: =IF($B43="","",COUNTIFS('NHẬP ĐƠN HÀNG'!$C$6:$C$505,$B43,'NHẬP ĐƠN HÀNG'!$L$6:$L$505,">0")) | H43: =IF($B43="","",SUMIF('NHẬP ĐƠN HÀNG'!$C$6:$C$505,$B43,'NHẬP ĐƠN HÀNG'!$L$6:$L$505)) | I43: =IF($B43="","",SUMIF('NHẬP ĐƠN HÀNG'!$C$6:$C$505,$B43,'NHẬP ĐƠN HÀNG'!$P$6:$P$505)) | J43: =IF($B43="","",SUMIF('NHẬP ĐƠN HÀNG'!$C$6:$C$505,$B43,'NHẬP ĐƠN HÀNG'!$Q$6:$Q$505)) | K43: =IF($B43="","",SUMIF('NHẬP ĐƠN HÀNG'!$C$6:$C$505,$B43,'NHẬP ĐƠN HÀNG'!$R$6:$R$505)) | L43: =IF($B43="","",SUMIF('NHẬP ĐƠN HÀNG'!$C$6:$C$505,$B43,'NHẬP ĐƠN HÀNG'!$U$6:$U$505)) | M43: =IF($B43="","",IF(SUMPRODUCT(MAX(('NHẬP ĐƠN HÀNG'!$C$6:$C$505=$B43)*'NHẬP ĐƠN HÀNG'!$B$6:$B$505))=0,"",SUMPRODUCT(MAX(('NHẬP ĐƠN HÀNG'!$C$6:$C$505=$B43)*'NHẬP ĐƠN HÀNG'!$B$6:$B$505)))) | N43: =IF($B43="","",IF($G43=0,"Chưa có đơn",IF(COUNTIFS('NHẬP ĐƠN HÀNG'!$C$6:$C$505,$B43,'NHẬP ĐƠN HÀNG'!$N$6:$N$505,">0")>0,"Có lấy VAT","Không lấy VAT")))
A44: =IF($B44="","",39) | B44: =IFERROR(INDEX('NHẬP ĐƠN HÀNG'!$C$6:$C$505,MATCH(39,'NHẬP ĐƠN HÀNG'!$AB$6:$AB$505,0)),"") | C44: =IF($B44="","",IFERROR(IF(INDEX('NHẬP ĐƠN HÀNG'!$D$6:$D$505,MATCH($B44,'NHẬP ĐƠN HÀNG'!$C$6:$C$505,0))="","",INDEX('NHẬP ĐƠN HÀNG'!$D$6:$D$505,MATCH($B44,'NHẬP ĐƠN HÀNG'!$C$6:$C$505,0))),"")) | D44: =IF($B44="","",IFERROR(IF(INDEX('NHẬP ĐƠN HÀNG'!$E$6:$E$505,MATCH($B44,'NHẬP ĐƠN HÀNG'!$C$6:$C$505,0))="","",INDEX('NHẬP ĐƠN HÀNG'!$E$6:$E$505,MATCH($B44,'NHẬP ĐƠN HÀNG'!$C$6:$C$505,0))),"")) | E44: =IF($B44="","",IFERROR(IF(INDEX('NHẬP ĐƠN HÀNG'!$F$6:$F$505,MATCH($B44,'NHẬP ĐƠN HÀNG'!$C$6:$C$505,0))="","",INDEX('NHẬP ĐƠN HÀNG'!$F$6:$F$505,MATCH($B44,'NHẬP ĐƠN HÀNG'!$C$6:$C$505,0))),"")) | F44: =IF($B44="","",IFERROR(IF(INDEX('NHẬP ĐƠN HÀNG'!$G$6:$G$505,MATCH($B44,'NHẬP ĐƠN HÀNG'!$C$6:$C$505,0))="","",INDEX('NHẬP ĐƠN HÀNG'!$G$6:$G$505,MATCH($B44,'NHẬP ĐƠN HÀNG'!$C$6:$C$505,0))),"")) | G44: =IF($B44="","",COUNTIFS('NHẬP ĐƠN HÀNG'!$C$6:$C$505,$B44,'NHẬP ĐƠN HÀNG'!$L$6:$L$505,">0")) | H44: =IF($B44="","",SUMIF('NHẬP ĐƠN HÀNG'!$C$6:$C$505,$B44,'NHẬP ĐƠN HÀNG'!$L$6:$L$505)) | I44: =IF($B44="","",SUMIF('NHẬP ĐƠN HÀNG'!$C$6:$C$505,$B44,'NHẬP ĐƠN HÀNG'!$P$6:$P$505)) | J44: =IF($B44="","",SUMIF('NHẬP ĐƠN HÀNG'!$C$6:$C$505,$B44,'NHẬP ĐƠN HÀNG'!$Q$6:$Q$505)) | K44: =IF($B44="","",SUMIF('NHẬP ĐƠN HÀNG'!$C$6:$C$505,$B44,'NHẬP ĐƠN HÀNG'!$R$6:$R$505)) | L44: =IF($B44="","",SUMIF('NHẬP ĐƠN HÀNG'!$C$6:$C$505,$B44,'NHẬP ĐƠN HÀNG'!$U$6:$U$505)) | M44: =IF($B44="","",IF(SUMPRODUCT(MAX(('NHẬP ĐƠN HÀNG'!$C$6:$C$505=$B44)*'NHẬP ĐƠN HÀNG'!$B$6:$B$505))=0,"",SUMPRODUCT(MAX(('NHẬP ĐƠN HÀNG'!$C$6:$C$505=$B44)*'NHẬP ĐƠN HÀNG'!$B$6:$B$505)))) | N44: =IF($B44="","",IF($G44=0,"Chưa có đơn",IF(COUNTIFS('NHẬP ĐƠN HÀNG'!$C$6:$C$505,$B44,'NHẬP ĐƠN HÀNG'!$N$6:$N$505,">0")>0,"Có lấy VAT","Không lấy VAT")))
A45: =IF($B45="","",40) | B45: =IFERROR(INDEX('NHẬP ĐƠN HÀNG'!$C$6:$C$505,MATCH(40,'NHẬP ĐƠN HÀNG'!$AB$6:$AB$505,0)),"") | C45: =IF($B45="","",IFERROR(IF(INDEX('NHẬP ĐƠN HÀNG'!$D$6:$D$505,MATCH($B45,'NHẬP ĐƠN HÀNG'!$C$6:$C$505,0))="","",INDEX('NHẬP ĐƠN HÀNG'!$D$6:$D$505,MATCH($B45,'NHẬP ĐƠN HÀNG'!$C$6:$C$505,0))),"")) | D45: =IF($B45="","",IFERROR(IF(INDEX('NHẬP ĐƠN HÀNG'!$E$6:$E$505,MATCH($B45,'NHẬP ĐƠN HÀNG'!$C$6:$C$505,0))="","",INDEX('NHẬP ĐƠN HÀNG'!$E$6:$E$505,MATCH($B45,'NHẬP ĐƠN HÀNG'!$C$6:$C$505,0))),"")) | E45: =IF($B45="","",IFERROR(IF(INDEX('NHẬP ĐƠN HÀNG'!$F$6:$F$505,MATCH($B45,'NHẬP ĐƠN HÀNG'!$C$6:$C$505,0))="","",INDEX('NHẬP ĐƠN HÀNG'!$F$6:$F$505,MATCH($B45,'NHẬP ĐƠN HÀNG'!$C$6:$C$505,0))),"")) | F45: =IF($B45="","",IFERROR(IF(INDEX('NHẬP ĐƠN HÀNG'!$G$6:$G$505,MATCH($B45,'NHẬP ĐƠN HÀNG'!$C$6:$C$505,0))="","",INDEX('NHẬP ĐƠN HÀNG'!$G$6:$G$505,MATCH($B45,'NHẬP ĐƠN HÀNG'!$C$6:$C$505,0))),"")) | G45: =IF($B45="","",COUNTIFS('NHẬP ĐƠN HÀNG'!$C$6:$C$505,$B45,'NHẬP ĐƠN HÀNG'!$L$6:$L$505,">0")) | H45: =IF($B45="","",SUMIF('NHẬP ĐƠN HÀNG'!$C$6:$C$505,$B45,'NHẬP ĐƠN HÀNG'!$L$6:$L$505)) | I45: =IF($B45="","",SUMIF('NHẬP ĐƠN HÀNG'!$C$6:$C$505,$B45,'NHẬP ĐƠN HÀNG'!$P$6:$P$505)) | J45: =IF($B45="","",SUMIF('NHẬP ĐƠN HÀNG'!$C$6:$C$505,$B45,'NHẬP ĐƠN HÀNG'!$Q$6:$Q$505)) | K45: =IF($B45="","",SUMIF('NHẬP ĐƠN HÀNG'!$C$6:$C$505,$B45,'NHẬP ĐƠN HÀNG'!$R$6:$R$505)) | L45: =IF($B45="","",SUMIF('NHẬP ĐƠN HÀNG'!$C$6:$C$505,$B45,'NHẬP ĐƠN HÀNG'!$U$6:$U$505)) | M45: =IF($B45="","",IF(SUMPRODUCT(MAX(('NHẬP ĐƠN HÀNG'!$C$6:$C$505=$B45)*'NHẬP ĐƠN HÀNG'!$B$6:$B$505))=0,"",SUMPRODUCT(MAX(('NHẬP ĐƠN HÀNG'!$C$6:$C$505=$B45)*'NHẬP ĐƠN HÀNG'!$B$6:$B$505)))) | N45: =IF($B45="","",IF($G45=0,"Chưa có đơn",IF(COUNTIFS('NHẬP ĐƠN HÀNG'!$C$6:$C$505,$B45,'NHẬP ĐƠN HÀNG'!$N$6:$N$505,">0")>0,"Có lấy VAT","Không lấy VAT")))
A46: =IF($B46="","",41) | B46: =IFERROR(INDEX('NHẬP ĐƠN HÀNG'!$C$6:$C$505,MATCH(41,'NHẬP ĐƠN HÀNG'!$AB$6:$AB$505,0)),"") | C46: =IF($B46="","",IFERROR(IF(INDEX('NHẬP ĐƠN HÀNG'!$D$6:$D$505,MATCH($B46,'NHẬP ĐƠN HÀNG'!$C$6:$C$505,0))="","",INDEX('NHẬP ĐƠN HÀNG'!$D$6:$D$505,MATCH($B46,'NHẬP ĐƠN HÀNG'!$C$6:$C$505,0))),"")) | D46: =IF($B46="","",IFERROR(IF(INDEX('NHẬP ĐƠN HÀNG'!$E$6:$E$505,MATCH($B46,'NHẬP ĐƠN HÀNG'!$C$6:$C$505,0))="","",INDEX('NHẬP ĐƠN HÀNG'!$E$6:$E$505,MATCH($B46,'NHẬP ĐƠN HÀNG'!$C$6:$C$505,0))),"")) | E46: =IF($B46="","",IFERROR(IF(INDEX('NHẬP ĐƠN HÀNG'!$F$6:$F$505,MATCH($B46,'NHẬP ĐƠN HÀNG'!$C$6:$C$505,0))="","",INDEX('NHẬP ĐƠN HÀNG'!$F$6:$F$505,MATCH($B46,'NHẬP ĐƠN HÀNG'!$C$6:$C$505,0))),"")) | F46: =IF($B46="","",IFERROR(IF(INDEX('NHẬP ĐƠN HÀNG'!$G$6:$G$505,MATCH($B46,'NHẬP ĐƠN HÀNG'!$C$6:$C$505,0))="","",INDEX('NHẬP ĐƠN HÀNG'!$G$6:$G$505,MATCH($B46,'NHẬP ĐƠN HÀNG'!$C$6:$C$505,0))),"")) | G46: =IF($B46="","",COUNTIFS('NHẬP ĐƠN HÀNG'!$C$6:$C$505,$B46,'NHẬP ĐƠN HÀNG'!$L$6:$L$505,">0")) | H46: =IF($B46="","",SUMIF('NHẬP ĐƠN HÀNG'!$C$6:$C$505,$B46,'NHẬP ĐƠN HÀNG'!$L$6:$L$505)) | I46: =IF($B46="","",SUMIF('NHẬP ĐƠN HÀNG'!$C$6:$C$505,$B46,'NHẬP ĐƠN HÀNG'!$P$6:$P$505)) | J46: =IF($B46="","",SUMIF('NHẬP ĐƠN HÀNG'!$C$6:$C$505,$B46,'NHẬP ĐƠN HÀNG'!$Q$6:$Q$505)) | K46: =IF($B46="","",SUMIF('NHẬP ĐƠN HÀNG'!$C$6:$C$505,$B46,'NHẬP ĐƠN HÀNG'!$R$6:$R$505)) | L46: =IF($B46="","",SUMIF('NHẬP ĐƠN HÀNG'!$C$6:$C$505,$B46,'NHẬP ĐƠN HÀNG'!$U$6:$U$505)) | M46: =IF($B46="","",IF(SUMPRODUCT(MAX(('NHẬP ĐƠN HÀNG'!$C$6:$C$505=$B46)*'NHẬP ĐƠN HÀNG'!$B$6:$B$505))=0,"",SUMPRODUCT(MAX(('NHẬP ĐƠN HÀNG'!$C$6:$C$505=$B46)*'NHẬP ĐƠN HÀNG'!$B$6:$B$505)))) | N46: =IF($B46="","",IF($G46=0,"Chưa có đơn",IF(COUNTIFS('NHẬP ĐƠN HÀNG'!$C$6:$C$505,$B46,'NHẬP ĐƠN HÀNG'!$N$6:$N$505,">0")>0,"Có lấy VAT","Không lấy VAT")))
A47: =IF($B47="","",42) | B47: =IFERROR(INDEX('NHẬP ĐƠN HÀNG'!$C$6:$C$505,MATCH(42,'NHẬP ĐƠN HÀNG'!$AB$6:$AB$505,0)),"") | C47: =IF($B47="","",IFERROR(IF(INDEX('NHẬP ĐƠN HÀNG'!$D$6:$D$505,MATCH($B47,'NHẬP ĐƠN HÀNG'!$C$6:$C$505,0))="","",INDEX('NHẬP ĐƠN HÀNG'!$D$6:$D$505,MATCH($B47,'NHẬP ĐƠN HÀNG'!$C$6:$C$505,0))),"")) | D47: =IF($B47="","",IFERROR(IF(INDEX('NHẬP ĐƠN HÀNG'!$E$6:$E$505,MATCH($B47,'NHẬP ĐƠN HÀNG'!$C$6:$C$505,0))="","",INDEX('NHẬP ĐƠN HÀNG'!$E$6:$E$505,MATCH($B47,'NHẬP ĐƠN HÀNG'!$C$6:$C$505,0))),"")) | E47: =IF($B47="","",IFERROR(IF(INDEX('NHẬP ĐƠN HÀNG'!$F$6:$F$505,MATCH($B47,'NHẬP ĐƠN HÀNG'!$C$6:$C$505,0))="","",INDEX('NHẬP ĐƠN HÀNG'!$F$6:$F$505,MATCH($B47,'NHẬP ĐƠN HÀNG'!$C$6:$C$505,0))),"")) | F47: =IF($B47="","",IFERROR(IF(INDEX('NHẬP ĐƠN HÀNG'!$G$6:$G$505,MATCH($B47,'NHẬP ĐƠN HÀNG'!$C$6:$C$505,0))="","",INDEX('NHẬP ĐƠN HÀNG'!$G$6:$G$505,MATCH($B47,'NHẬP ĐƠN HÀNG'!$C$6:$C$505,0))),"")) | G47: =IF($B47="","",COUNTIFS('NHẬP ĐƠN HÀNG'!$C$6:$C$505,$B47,'NHẬP ĐƠN HÀNG'!$L$6:$L$505,">0")) | H47: =IF($B47="","",SUMIF('NHẬP ĐƠN HÀNG'!$C$6:$C$505,$B47,'NHẬP ĐƠN HÀNG'!$L$6:$L$505)) | I47: =IF($B47="","",SUMIF('NHẬP ĐƠN HÀNG'!$C$6:$C$505,$B47,'NHẬP ĐƠN HÀNG'!$P$6:$P$505)) | J47: =IF($B47="","",SUMIF('NHẬP ĐƠN HÀNG'!$C$6:$C$505,$B47,'NHẬP ĐƠN HÀNG'!$Q$6:$Q$505)) | K47: =IF($B47="","",SUMIF('NHẬP ĐƠN HÀNG'!$C$6:$C$505,$B47,'NHẬP ĐƠN HÀNG'!$R$6:$R$505)) | L47: =IF($B47="","",SUMIF('NHẬP ĐƠN HÀNG'!$C$6:$C$505,$B47,'NHẬP ĐƠN HÀNG'!$U$6:$U$505)) | M47: =IF($B47="","",IF(SUMPRODUCT(MAX(('NHẬP ĐƠN HÀNG'!$C$6:$C$505=$B47)*'NHẬP ĐƠN HÀNG'!$B$6:$B$505))=0,"",SUMPRODUCT(MAX(('NHẬP ĐƠN HÀNG'!$C$6:$C$505=$B47)*'NHẬP ĐƠN HÀNG'!$B$6:$B$505)))) | N47: =IF($B47="","",IF($G47=0,"Chưa có đơn",IF(COUNTIFS('NHẬP ĐƠN HÀNG'!$C$6:$C$505,$B47,'NHẬP ĐƠN HÀNG'!$N$6:$N$505,">0")>0,"Có lấy VAT","Không lấy VAT")))
A48: =IF($B48="","",43) | B48: =IFERROR(INDEX('NHẬP ĐƠN HÀNG'!$C$6:$C$505,MATCH(43,'NHẬP ĐƠN HÀNG'!$AB$6:$AB$505,0)),"") | C48: =IF($B48="","",IFERROR(IF(INDEX('NHẬP ĐƠN HÀNG'!$D$6:$D$505,MATCH($B48,'NHẬP ĐƠN HÀNG'!$C$6:$C$505,0))="","",INDEX('NHẬP ĐƠN HÀNG'!$D$6:$D$505,MATCH($B48,'NHẬP ĐƠN HÀNG'!$C$6:$C$505,0))),"")) | D48: =IF($B48="","",IFERROR(IF(INDEX('NHẬP ĐƠN HÀNG'!$E$6:$E$505,MATCH($B48,'NHẬP ĐƠN HÀNG'!$C$6:$C$505,0))="","",INDEX('NHẬP ĐƠN HÀNG'!$E$6:$E$505,MATCH($B48,'NHẬP ĐƠN HÀNG'!$C$6:$C$505,0))),"")) | E48: =IF($B48="","",IFERROR(IF(INDEX('NHẬP ĐƠN HÀNG'!$F$6:$F$505,MATCH($B48,'NHẬP ĐƠN HÀNG'!$C$6:$C$505,0))="","",INDEX('NHẬP ĐƠN HÀNG'!$F$6:$F$505,MATCH($B48,'NHẬP ĐƠN HÀNG'!$C$6:$C$505,0))),"")) | F48: =IF($B48="","",IFERROR(IF(INDEX('NHẬP ĐƠN HÀNG'!$G$6:$G$505,MATCH($B48,'NHẬP ĐƠN HÀNG'!$C$6:$C$505,0))="","",INDEX('NHẬP ĐƠN HÀNG'!$G$6:$G$505,MATCH($B48,'NHẬP ĐƠN HÀNG'!$C$6:$C$505,0))),"")) | G48: =IF($B48="","",COUNTIFS('NHẬP ĐƠN HÀNG'!$C$6:$C$505,$B48,'NHẬP ĐƠN HÀNG'!$L$6:$L$505,">0")) | H48: =IF($B48="","",SUMIF('NHẬP ĐƠN HÀNG'!$C$6:$C$505,$B48,'NHẬP ĐƠN HÀNG'!$L$6:$L$505)) | I48: =IF($B48="","",SUMIF('NHẬP ĐƠN HÀNG'!$C$6:$C$505,$B48,'NHẬP ĐƠN HÀNG'!$P$6:$P$505)) | J48: =IF($B48="","",SUMIF('NHẬP ĐƠN HÀNG'!$C$6:$C$505,$B48,'NHẬP ĐƠN HÀNG'!$Q$6:$Q$505)) | K48: =IF($B48="","",SUMIF('NHẬP ĐƠN HÀNG'!$C$6:$C$505,$B48,'NHẬP ĐƠN HÀNG'!$R$6:$R$505)) | L48: =IF($B48="","",SUMIF('NHẬP ĐƠN HÀNG'!$C$6:$C$505,$B48,'NHẬP ĐƠN HÀNG'!$U$6:$U$505)) | M48: =IF($B48="","",IF(SUMPRODUCT(MAX(('NHẬP ĐƠN HÀNG'!$C$6:$C$505=$B48)*'NHẬP ĐƠN HÀNG'!$B$6:$B$505))=0,"",SUMPRODUCT(MAX(('NHẬP ĐƠN HÀNG'!$C$6:$C$505=$B48)*'NHẬP ĐƠN HÀNG'!$B$6:$B$505)))) | N48: =IF($B48="","",IF($G48=0,"Chưa có đơn",IF(COUNTIFS('NHẬP ĐƠN HÀNG'!$C$6:$C$505,$B48,'NHẬP ĐƠN HÀNG'!$N$6:$N$505,">0")>0,"Có lấy VAT","Không lấy VAT")))
A49: =IF($B49="","",44) | B49: =IFERROR(INDEX('NHẬP ĐƠN HÀNG'!$C$6:$C$505,MATCH(44,'NHẬP ĐƠN HÀNG'!$AB$6:$AB$505,0)),"") | C49: =IF($B49="","",IFERROR(IF(INDEX('NHẬP ĐƠN HÀNG'!$D$6:$D$505,MATCH($B49,'NHẬP ĐƠN HÀNG'!$C$6:$C$505,0))="","",INDEX('NHẬP ĐƠN HÀNG'!$D$6:$D$505,MATCH($B49,'NHẬP ĐƠN HÀNG'!$C$6:$C$505,0))),"")) | D49: =IF($B49="","",IFERROR(IF(INDEX('NHẬP ĐƠN HÀNG'!$E$6:$E$505,MATCH($B49,'NHẬP ĐƠN HÀNG'!$C$6:$C$505,0))="","",INDEX('NHẬP ĐƠN HÀNG'!$E$6:$E$505,MATCH($B49,'NHẬP ĐƠN HÀNG'!$C$6:$C$505,0))),"")) | E49: =IF($B49="","",IFERROR(IF(INDEX('NHẬP ĐƠN HÀNG'!$F$6:$F$505,MATCH($B49,'NHẬP ĐƠN HÀNG'!$C$6:$C$505,0))="","",INDEX('NHẬP ĐƠN HÀNG'!$F$6:$F$505,MATCH($B49,'NHẬP ĐƠN HÀNG'!$C$6:$C$505,0))),"")) | F49: =IF($B49="","",IFERROR(IF(INDEX('NHẬP ĐƠN HÀNG'!$G$6:$G$505,MATCH($B49,'NHẬP ĐƠN HÀNG'!$C$6:$C$505,0))="","",INDEX('NHẬP ĐƠN HÀNG'!$G$6:$G$505,MATCH($B49,'NHẬP ĐƠN HÀNG'!$C$6:$C$505,0))),"")) | G49: =IF($B49="","",COUNTIFS('NHẬP ĐƠN HÀNG'!$C$6:$C$505,$B49,'NHẬP ĐƠN HÀNG'!$L$6:$L$505,">0")) | H49: =IF($B49="","",SUMIF('NHẬP ĐƠN HÀNG'!$C$6:$C$505,$B49,'NHẬP ĐƠN HÀNG'!$L$6:$L$505)) | I49: =IF($B49="","",SUMIF('NHẬP ĐƠN HÀNG'!$C$6:$C$505,$B49,'NHẬP ĐƠN HÀNG'!$P$6:$P$505)) | J49: =IF($B49="","",SUMIF('NHẬP ĐƠN HÀNG'!$C$6:$C$505,$B49,'NHẬP ĐƠN HÀNG'!$Q$6:$Q$505)) | K49: =IF($B49="","",SUMIF('NHẬP ĐƠN HÀNG'!$C$6:$C$505,$B49,'NHẬP ĐƠN HÀNG'!$R$6:$R$505)) | L49: =IF($B49="","",SUMIF('NHẬP ĐƠN HÀNG'!$C$6:$C$505,$B49,'NHẬP ĐƠN HÀNG'!$U$6:$U$505)) | M49: =IF($B49="","",IF(SUMPRODUCT(MAX(('NHẬP ĐƠN HÀNG'!$C$6:$C$505=$B49)*'NHẬP ĐƠN HÀNG'!$B$6:$B$505))=0,"",SUMPRODUCT(MAX(('NHẬP ĐƠN HÀNG'!$C$6:$C$505=$B49)*'NHẬP ĐƠN HÀNG'!$B$6:$B$505)))) | N49: =IF($B49="","",IF($G49=0,"Chưa có đơn",IF(COUNTIFS('NHẬP ĐƠN HÀNG'!$C$6:$C$505,$B49,'NHẬP ĐƠN HÀNG'!$N$6:$N$505,">0")>0,"Có lấy VAT","Không lấy VAT")))
A50: =IF($B50="","",45) | B50: =IFERROR(INDEX('NHẬP ĐƠN HÀNG'!$C$6:$C$505,MATCH(45,'NHẬP ĐƠN HÀNG'!$AB$6:$AB$505,0)),"") | C50: =IF($B50="","",IFERROR(IF(INDEX('NHẬP ĐƠN HÀNG'!$D$6:$D$505,MATCH($B50,'NHẬP ĐƠN HÀNG'!$C$6:$C$505,0))="","",INDEX('NHẬP ĐƠN HÀNG'!$D$6:$D$505,MATCH($B50,'NHẬP ĐƠN HÀNG'!$C$6:$C$505,0))),"")) | D50: =IF($B50="","",IFERROR(IF(INDEX('NHẬP ĐƠN HÀNG'!$E$6:$E$505,MATCH($B50,'NHẬP ĐƠN HÀNG'!$C$6:$C$505,0))="","",INDEX('NHẬP ĐƠN HÀNG'!$E$6:$E$505,MATCH($B50,'NHẬP ĐƠN HÀNG'!$C$6:$C$505,0))),"")) | E50: =IF($B50="","",IFERROR(IF(INDEX('NHẬP ĐƠN HÀNG'!$F$6:$F$505,MATCH($B50,'NHẬP ĐƠN HÀNG'!$C$6:$C$505,0))="","",INDEX('NHẬP ĐƠN HÀNG'!$F$6:$F$505,MATCH($B50,'NHẬP ĐƠN HÀNG'!$C$6:$C$505,0))),"")) | F50: =IF($B50="","",IFERROR(IF(INDEX('NHẬP ĐƠN HÀNG'!$G$6:$G$505,MATCH($B50,'NHẬP ĐƠN HÀNG'!$C$6:$C$505,0))="","",INDEX('NHẬP ĐƠN HÀNG'!$G$6:$G$505,MATCH($B50,'NHẬP ĐƠN HÀNG'!$C$6:$C$505,0))),"")) | G50: =IF($B50="","",COUNTIFS('NHẬP ĐƠN HÀNG'!$C$6:$C$505,$B50,'NHẬP ĐƠN HÀNG'!$L$6:$L$505,">0")) | H50: =IF($B50="","",SUMIF('NHẬP ĐƠN HÀNG'!$C$6:$C$505,$B50,'NHẬP ĐƠN HÀNG'!$L$6:$L$505)) | I50: =IF($B50="","",SUMIF('NHẬP ĐƠN HÀNG'!$C$6:$C$505,$B50,'NHẬP ĐƠN HÀNG'!$P$6:$P$505)) | J50: =IF($B50="","",SUMIF('NHẬP ĐƠN HÀNG'!$C$6:$C$505,$B50,'NHẬP ĐƠN HÀNG'!$Q$6:$Q$505)) | K50: =IF($B50="","",SUMIF('NHẬP ĐƠN HÀNG'!$C$6:$C$505,$B50,'NHẬP ĐƠN HÀNG'!$R$6:$R$505)) | L50: =IF($B50="","",SUMIF('NHẬP ĐƠN HÀNG'!$C$6:$C$505,$B50,'NHẬP ĐƠN HÀNG'!$U$6:$U$505)) | M50: =IF($B50="","",IF(SUMPRODUCT(MAX(('NHẬP ĐƠN HÀNG'!$C$6:$C$505=$B50)*'NHẬP ĐƠN HÀNG'!$B$6:$B$505))=0,"",SUMPRODUCT(MAX(('NHẬP ĐƠN HÀNG'!$C$6:$C$505=$B50)*'NHẬP ĐƠN HÀNG'!$B$6:$B$505)))) | N50: =IF($B50="","",IF($G50=0,"Chưa có đơn",IF(COUNTIFS('NHẬP ĐƠN HÀNG'!$C$6:$C$505,$B50,'NHẬP ĐƠN HÀNG'!$N$6:$N$505,">0")>0,"Có lấy VAT","Không lấy VAT")))
A51: =IF($B51="","",46) | B51: =IFERROR(INDEX('NHẬP ĐƠN HÀNG'!$C$6:$C$505,MATCH(46,'NHẬP ĐƠN HÀNG'!$AB$6:$AB$505,0)),"") | C51: =IF($B51="","",IFERROR(IF(INDEX('NHẬP ĐƠN HÀNG'!$D$6:$D$505,MATCH($B51,'NHẬP ĐƠN HÀNG'!$C$6:$C$505,0))="","",INDEX('NHẬP ĐƠN HÀNG'!$D$6:$D$505,MATCH($B51,'NHẬP ĐƠN HÀNG'!$C$6:$C$505,0))),"")) | D51: =IF($B51="","",IFERROR(IF(INDEX('NHẬP ĐƠN HÀNG'!$E$6:$E$505,MATCH($B51,'NHẬP ĐƠN HÀNG'!$C$6:$C$505,0))="","",INDEX('NHẬP ĐƠN HÀNG'!$E$6:$E$505,MATCH($B51,'NHẬP ĐƠN HÀNG'!$C$6:$C$505,0))),"")) | E51: =IF($B51="","",IFERROR(IF(INDEX('NHẬP ĐƠN HÀNG'!$F$6:$F$505,MATCH($B51,'NHẬP ĐƠN HÀNG'!$C$6:$C$505,0))="","",INDEX('NHẬP ĐƠN HÀNG'!$F$6:$F$505,MATCH($B51,'NHẬP ĐƠN HÀNG'!$C$6:$C$505,0))),"")) | F51: =IF($B51="","",IFERROR(IF(INDEX('NHẬP ĐƠN HÀNG'!$G$6:$G$505,MATCH($B51,'NHẬP ĐƠN HÀNG'!$C$6:$C$505,0))="","",INDEX('NHẬP ĐƠN HÀNG'!$G$6:$G$505,MATCH($B51,'NHẬP ĐƠN HÀNG'!$C$6:$C$505,0))),"")) | G51: =IF($B51="","",COUNTIFS('NHẬP ĐƠN HÀNG'!$C$6:$C$505,$B51,'NHẬP ĐƠN HÀNG'!$L$6:$L$505,">0")) | H51: =IF($B51="","",SUMIF('NHẬP ĐƠN HÀNG'!$C$6:$C$505,$B51,'NHẬP ĐƠN HÀNG'!$L$6:$L$505)) | I51: =IF($B51="","",SUMIF('NHẬP ĐƠN HÀNG'!$C$6:$C$505,$B51,'NHẬP ĐƠN HÀNG'!$P$6:$P$505)) | J51: =IF($B51="","",SUMIF('NHẬP ĐƠN HÀNG'!$C$6:$C$505,$B51,'NHẬP ĐƠN HÀNG'!$Q$6:$Q$505)) | K51: =IF($B51="","",SUMIF('NHẬP ĐƠN HÀNG'!$C$6:$C$505,$B51,'NHẬP ĐƠN HÀNG'!$R$6:$R$505)) | L51: =IF($B51="","",SUMIF('NHẬP ĐƠN HÀNG'!$C$6:$C$505,$B51,'NHẬP ĐƠN HÀNG'!$U$6:$U$505)) | M51: =IF($B51="","",IF(SUMPRODUCT(MAX(('NHẬP ĐƠN HÀNG'!$C$6:$C$505=$B51)*'NHẬP ĐƠN HÀNG'!$B$6:$B$505))=0,"",SUMPRODUCT(MAX(('NHẬP ĐƠN HÀNG'!$C$6:$C$505=$B51)*'NHẬP ĐƠN HÀNG'!$B$6:$B$505)))) | N51: =IF($B51="","",IF($G51=0,"Chưa có đơn",IF(COUNTIFS('NHẬP ĐƠN HÀNG'!$C$6:$C$505,$B51,'NHẬP ĐƠN HÀNG'!$N$6:$N$505,">0")>0,"Có lấy VAT","Không lấy VAT")))
A52: =IF($B52="","",47) | B52: =IFERROR(INDEX('NHẬP ĐƠN HÀNG'!$C$6:$C$505,MATCH(47,'NHẬP ĐƠN HÀNG'!$AB$6:$AB$505,0)),"") | C52: =IF($B52="","",IFERROR(IF(INDEX('NHẬP ĐƠN HÀNG'!$D$6:$D$505,MATCH($B52,'NHẬP ĐƠN HÀNG'!$C$6:$C$505,0))="","",INDEX('NHẬP ĐƠN HÀNG'!$D$6:$D$505,MATCH($B52,'NHẬP ĐƠN HÀNG'!$C$6:$C$505,0))),"")) | D52: =IF($B52="","",IFERROR(IF(INDEX('NHẬP ĐƠN HÀNG'!$E$6:$E$505,MATCH($B52,'NHẬP ĐƠN HÀNG'!$C$6:$C$505,0))="","",INDEX('NHẬP ĐƠN HÀNG'!$E$6:$E$505,MATCH($B52,'NHẬP ĐƠN HÀNG'!$C$6:$C$505,0))),"")) | E52: =IF($B52="","",IFERROR(IF(INDEX('NHẬP ĐƠN HÀNG'!$F$6:$F$505,MATCH($B52,'NHẬP ĐƠN HÀNG'!$C$6:$C$505,0))="","",INDEX('NHẬP ĐƠN HÀNG'!$F$6:$F$505,MATCH($B52,'NHẬP ĐƠN HÀNG'!$C$6:$C$505,0))),"")) | F52: =IF($B52="","",IFERROR(IF(INDEX('NHẬP ĐƠN HÀNG'!$G$6:$G$505,MATCH($B52,'NHẬP ĐƠN HÀNG'!$C$6:$C$505,0))="","",INDEX('NHẬP ĐƠN HÀNG'!$G$6:$G$505,MATCH($B52,'NHẬP ĐƠN HÀNG'!$C$6:$C$505,0))),"")) | G52: =IF($B52="","",COUNTIFS('NHẬP ĐƠN HÀNG'!$C$6:$C$505,$B52,'NHẬP ĐƠN HÀNG'!$L$6:$L$505,">0")) | H52: =IF($B52="","",SUMIF('NHẬP ĐƠN HÀNG'!$C$6:$C$505,$B52,'NHẬP ĐƠN HÀNG'!$L$6:$L$505)) | I52: =IF($B52="","",SUMIF('NHẬP ĐƠN HÀNG'!$C$6:$C$505,$B52,'NHẬP ĐƠN HÀNG'!$P$6:$P$505)) | J52: =IF($B52="","",SUMIF('NHẬP ĐƠN HÀNG'!$C$6:$C$505,$B52,'NHẬP ĐƠN HÀNG'!$Q$6:$Q$505)) | K52: =IF($B52="","",SUMIF('NHẬP ĐƠN HÀNG'!$C$6:$C$505,$B52,'NHẬP ĐƠN HÀNG'!$R$6:$R$505)) | L52: =IF($B52="","",SUMIF('NHẬP ĐƠN HÀNG'!$C$6:$C$505,$B52,'NHẬP ĐƠN HÀNG'!$U$6:$U$505)) | M52: =IF($B52="","",IF(SUMPRODUCT(MAX(('NHẬP ĐƠN HÀNG'!$C$6:$C$505=$B52)*'NHẬP ĐƠN HÀNG'!$B$6:$B$505))=0,"",SUMPRODUCT(MAX(('NHẬP ĐƠN HÀNG'!$C$6:$C$505=$B52)*'NHẬP ĐƠN HÀNG'!$B$6:$B$505)))) | N52: =IF($B52="","",IF($G52=0,"Chưa có đơn",IF(COUNTIFS('NHẬP ĐƠN HÀNG'!$C$6:$C$505,$B52,'NHẬP ĐƠN HÀNG'!$N$6:$N$505,">0")>0,"Có lấy VAT","Không lấy VAT")))
A53: =IF($B53="","",48) | B53: =IFERROR(INDEX('NHẬP ĐƠN HÀNG'!$C$6:$C$505,MATCH(48,'NHẬP ĐƠN HÀNG'!$AB$6:$AB$505,0)),"") | C53: =IF($B53="","",IFERROR(IF(INDEX('NHẬP ĐƠN HÀNG'!$D$6:$D$505,MATCH($B53,'NHẬP ĐƠN HÀNG'!$C$6:$C$505,0))="","",INDEX('NHẬP ĐƠN HÀNG'!$D$6:$D$505,MATCH($B53,'NHẬP ĐƠN HÀNG'!$C$6:$C$505,0))),"")) | D53: =IF($B53="","",IFERROR(IF(INDEX('NHẬP ĐƠN HÀNG'!$E$6:$E$505,MATCH($B53,'NHẬP ĐƠN HÀNG'!$C$6:$C$505,0))="","",INDEX('NHẬP ĐƠN HÀNG'!$E$6:$E$505,MATCH($B53,'NHẬP ĐƠN HÀNG'!$C$6:$C$505,0))),"")) | E53: =IF($B53="","",IFERROR(IF(INDEX('NHẬP ĐƠN HÀNG'!$F$6:$F$505,MATCH($B53,'NHẬP ĐƠN HÀNG'!$C$6:$C$505,0))="","",INDEX('NHẬP ĐƠN HÀNG'!$F$6:$F$505,MATCH($B53,'NHẬP ĐƠN HÀNG'!$C$6:$C$505,0))),"")) | F53: =IF($B53="","",IFERROR(IF(INDEX('NHẬP ĐƠN HÀNG'!$G$6:$G$505,MATCH($B53,'NHẬP ĐƠN HÀNG'!$C$6:$C$505,0))="","",INDEX('NHẬP ĐƠN HÀNG'!$G$6:$G$505,MATCH($B53,'NHẬP ĐƠN HÀNG'!$C$6:$C$505,0))),"")) | G53: =IF($B53="","",COUNTIFS('NHẬP ĐƠN HÀNG'!$C$6:$C$505,$B53,'NHẬP ĐƠN HÀNG'!$L$6:$L$505,">0")) | H53: =IF($B53="","",SUMIF('NHẬP ĐƠN HÀNG'!$C$6:$C$505,$B53,'NHẬP ĐƠN HÀNG'!$L$6:$L$505)) | I53: =IF($B53="","",SUMIF('NHẬP ĐƠN HÀNG'!$C$6:$C$505,$B53,'NHẬP ĐƠN HÀNG'!$P$6:$P$505)) | J53: =IF($B53="","",SUMIF('NHẬP ĐƠN HÀNG'!$C$6:$C$505,$B53,'NHẬP ĐƠN HÀNG'!$Q$6:$Q$505)) | K53: =IF($B53="","",SUMIF('NHẬP ĐƠN HÀNG'!$C$6:$C$505,$B53,'NHẬP ĐƠN HÀNG'!$R$6:$R$505)) | L53: =IF($B53="","",SUMIF('NHẬP ĐƠN HÀNG'!$C$6:$C$505,$B53,'NHẬP ĐƠN HÀNG'!$U$6:$U$505)) | M53: =IF($B53="","",IF(SUMPRODUCT(MAX(('NHẬP ĐƠN HÀNG'!$C$6:$C$505=$B53)*'NHẬP ĐƠN HÀNG'!$B$6:$B$505))=0,"",SUMPRODUCT(MAX(('NHẬP ĐƠN HÀNG'!$C$6:$C$505=$B53)*'NHẬP ĐƠN HÀNG'!$B$6:$B$505)))) | N53: =IF($B53="","",IF($G53=0,"Chưa có đơn",IF(COUNTIFS('NHẬP ĐƠN HÀNG'!$C$6:$C$505,$B53,'NHẬP ĐƠN HÀNG'!$N$6:$N$505,">0")>0,"Có lấy VAT","Không lấy VAT")))
A54: =IF($B54="","",49) | B54: =IFERROR(INDEX('NHẬP ĐƠN HÀNG'!$C$6:$C$505,MATCH(49,'NHẬP ĐƠN HÀNG'!$AB$6:$AB$505,0)),"") | C54: =IF($B54="","",IFERROR(IF(INDEX('NHẬP ĐƠN HÀNG'!$D$6:$D$505,MATCH($B54,'NHẬP ĐƠN HÀNG'!$C$6:$C$505,0))="","",INDEX('NHẬP ĐƠN HÀNG'!$D$6:$D$505,MATCH($B54,'NHẬP ĐƠN HÀNG'!$C$6:$C$505,0))),"")) | D54: =IF($B54="","",IFERROR(IF(INDEX('NHẬP ĐƠN HÀNG'!$E$6:$E$505,MATCH($B54,'NHẬP ĐƠN HÀNG'!$C$6:$C$505,0))="","",INDEX('NHẬP ĐƠN HÀNG'!$E$6:$E$505,MATCH($B54,'NHẬP ĐƠN HÀNG'!$C$6:$C$505,0))),"")) | E54: =IF($B54="","",IFERROR(IF(INDEX('NHẬP ĐƠN HÀNG'!$F$6:$F$505,MATCH($B54,'NHẬP ĐƠN HÀNG'!$C$6:$C$505,0))="","",INDEX('NHẬP ĐƠN HÀNG'!$F$6:$F$505,MATCH($B54,'NHẬP ĐƠN HÀNG'!$C$6:$C$505,0))),"")) | F54: =IF($B54="","",IFERROR(IF(INDEX('NHẬP ĐƠN HÀNG'!$G$6:$G$505,MATCH($B54,'NHẬP ĐƠN HÀNG'!$C$6:$C$505,0))="","",INDEX('NHẬP ĐƠN HÀNG'!$G$6:$G$505,MATCH($B54,'NHẬP ĐƠN HÀNG'!$C$6:$C$505,0))),"")) | G54: =IF($B54="","",COUNTIFS('NHẬP ĐƠN HÀNG'!$C$6:$C$505,$B54,'NHẬP ĐƠN HÀNG'!$L$6:$L$505,">0")) | H54: =IF($B54="","",SUMIF('NHẬP ĐƠN HÀNG'!$C$6:$C$505,$B54,'NHẬP ĐƠN HÀNG'!$L$6:$L$505)) | I54: =IF($B54="","",SUMIF('NHẬP ĐƠN HÀNG'!$C$6:$C$505,$B54,'NHẬP ĐƠN HÀNG'!$P$6:$P$505)) | J54: =IF($B54="","",SUMIF('NHẬP ĐƠN HÀNG'!$C$6:$C$505,$B54,'NHẬP ĐƠN HÀNG'!$Q$6:$Q$505)) | K54: =IF($B54="","",SUMIF('NHẬP ĐƠN HÀNG'!$C$6:$C$505,$B54,'NHẬP ĐƠN HÀNG'!$R$6:$R$505)) | L54: =IF($B54="","",SUMIF('NHẬP ĐƠN HÀNG'!$C$6:$C$505,$B54,'NHẬP ĐƠN HÀNG'!$U$6:$U$505)) | M54: =IF($B54="","",IF(SUMPRODUCT(MAX(('NHẬP ĐƠN HÀNG'!$C$6:$C$505=$B54)*'NHẬP ĐƠN HÀNG'!$B$6:$B$505))=0,"",SUMPRODUCT(MAX(('NHẬP ĐƠN HÀNG'!$C$6:$C$505=$B54)*'NHẬP ĐƠN HÀNG'!$B$6:$B$505)))) | N54: =IF($B54="","",IF($G54=0,"Chưa có đơn",IF(COUNTIFS('NHẬP ĐƠN HÀNG'!$C$6:$C$505,$B54,'NHẬP ĐƠN HÀNG'!$N$6:$N$505,">0")>0,"Có lấy VAT","Không lấy VAT")))
A55: =IF($B55="","",50) | B55: =IFERROR(INDEX('NHẬP ĐƠN HÀNG'!$C$6:$C$505,MATCH(50,'NHẬP ĐƠN HÀNG'!$AB$6:$AB$505,0)),"") | C55: =IF($B55="","",IFERROR(IF(INDEX('NHẬP ĐƠN HÀNG'!$D$6:$D$505,MATCH($B55,'NHẬP ĐƠN HÀNG'!$C$6:$C$505,0))="","",INDEX('NHẬP ĐƠN HÀNG'!$D$6:$D$505,MATCH($B55,'NHẬP ĐƠN HÀNG'!$C$6:$C$505,0))),"")) | D55: =IF($B55="","",IFERROR(IF(INDEX('NHẬP ĐƠN HÀNG'!$E$6:$E$505,MATCH($B55,'NHẬP ĐƠN HÀNG'!$C$6:$C$505,0))="","",INDEX('NHẬP ĐƠN HÀNG'!$E$6:$E$505,MATCH($B55,'NHẬP ĐƠN HÀNG'!$C$6:$C$505,0))),"")) | E55: =IF($B55="","",IFERROR(IF(INDEX('NHẬP ĐƠN HÀNG'!$F$6:$F$505,MATCH($B55,'NHẬP ĐƠN HÀNG'!$C$6:$C$505,0))="","",INDEX('NHẬP ĐƠN HÀNG'!$F$6:$F$505,MATCH($B55,'NHẬP ĐƠN HÀNG'!$C$6:$C$505,0))),"")) | F55: =IF($B55="","",IFERROR(IF(INDEX('NHẬP ĐƠN HÀNG'!$G$6:$G$505,MATCH($B55,'NHẬP ĐƠN HÀNG'!$C$6:$C$505,0))="","",INDEX('NHẬP ĐƠN HÀNG'!$G$6:$G$505,MATCH($B55,'NHẬP ĐƠN HÀNG'!$C$6:$C$505,0))),"")) | G55: =IF($B55="","",COUNTIFS('NHẬP ĐƠN HÀNG'!$C$6:$C$505,$B55,'NHẬP ĐƠN HÀNG'!$L$6:$L$505,">0")) | H55: =IF($B55="","",SUMIF('NHẬP ĐƠN HÀNG'!$C$6:$C$505,$B55,'NHẬP ĐƠN HÀNG'!$L$6:$L$505)) | I55: =IF($B55="","",SUMIF('NHẬP ĐƠN HÀNG'!$C$6:$C$505,$B55,'NHẬP ĐƠN HÀNG'!$P$6:$P$505)) | J55: =IF($B55="","",SUMIF('NHẬP ĐƠN HÀNG'!$C$6:$C$505,$B55,'NHẬP ĐƠN HÀNG'!$Q$6:$Q$505)) | K55: =IF($B55="","",SUMIF('NHẬP ĐƠN HÀNG'!$C$6:$C$505,$B55,'NHẬP ĐƠN HÀNG'!$R$6:$R$505)) | L55: =IF($B55="","",SUMIF('NHẬP ĐƠN HÀNG'!$C$6:$C$505,$B55,'NHẬP ĐƠN HÀNG'!$U$6:$U$505)) | M55: =IF($B55="","",IF(SUMPRODUCT(MAX(('NHẬP ĐƠN HÀNG'!$C$6:$C$505=$B55)*'NHẬP ĐƠN HÀNG'!$B$6:$B$505))=0,"",SUMPRODUCT(MAX(('NHẬP ĐƠN HÀNG'!$C$6:$C$505=$B55)*'NHẬP ĐƠN HÀNG'!$B$6:$B$505)))) | N55: =IF($B55="","",IF($G55=0,"Chưa có đơn",IF(COUNTIFS('NHẬP ĐƠN HÀNG'!$C$6:$C$505,$B55,'NHẬP ĐƠN HÀNG'!$N$6:$N$505,">0")>0,"Có lấy VAT","Không lấy VAT")))
A56: =IF($B56="","",51) | B56: =IFERROR(INDEX('NHẬP ĐƠN HÀNG'!$C$6:$C$505,MATCH(51,'NHẬP ĐƠN HÀNG'!$AB$6:$AB$505,0)),"") | C56: =IF($B56="","",IFERROR(IF(INDEX('NHẬP ĐƠN HÀNG'!$D$6:$D$505,MATCH($B56,'NHẬP ĐƠN HÀNG'!$C$6:$C$505,0))="","",INDEX('NHẬP ĐƠN HÀNG'!$D$6:$D$505,MATCH($B56,'NHẬP ĐƠN HÀNG'!$C$6:$C$505,0))),"")) | D56: =IF($B56="","",IFERROR(IF(INDEX('NHẬP ĐƠN HÀNG'!$E$6:$E$505,MATCH($B56,'NHẬP ĐƠN HÀNG'!$C$6:$C$505,0))="","",INDEX('NHẬP ĐƠN HÀNG'!$E$6:$E$505,MATCH($B56,'NHẬP ĐƠN HÀNG'!$C$6:$C$505,0))),"")) | E56: =IF($B56="","",IFERROR(IF(INDEX('NHẬP ĐƠN HÀNG'!$F$6:$F$505,MATCH($B56,'NHẬP ĐƠN HÀNG'!$C$6:$C$505,0))="","",INDEX('NHẬP ĐƠN HÀNG'!$F$6:$F$505,MATCH($B56,'NHẬP ĐƠN HÀNG'!$C$6:$C$505,0))),"")) | F56: =IF($B56="","",IFERROR(IF(INDEX('NHẬP ĐƠN HÀNG'!$G$6:$G$505,MATCH($B56,'NHẬP ĐƠN HÀNG'!$C$6:$C$505,0))="","",INDEX('NHẬP ĐƠN HÀNG'!$G$6:$G$505,MATCH($B56,'NHẬP ĐƠN HÀNG'!$C$6:$C$505,0))),"")) | G56: =IF($B56="","",COUNTIFS('NHẬP ĐƠN HÀNG'!$C$6:$C$505,$B56,'NHẬP ĐƠN HÀNG'!$L$6:$L$505,">0")) | H56: =IF($B56="","",SUMIF('NHẬP ĐƠN HÀNG'!$C$6:$C$505,$B56,'NHẬP ĐƠN HÀNG'!$L$6:$L$505)) | I56: =IF($B56="","",SUMIF('NHẬP ĐƠN HÀNG'!$C$6:$C$505,$B56,'NHẬP ĐƠN HÀNG'!$P$6:$P$505)) | J56: =IF($B56="","",SUMIF('NHẬP ĐƠN HÀNG'!$C$6:$C$505,$B56,'NHẬP ĐƠN HÀNG'!$Q$6:$Q$505)) | K56: =IF($B56="","",SUMIF('NHẬP ĐƠN HÀNG'!$C$6:$C$505,$B56,'NHẬP ĐƠN HÀNG'!$R$6:$R$505)) | L56: =IF($B56="","",SUMIF('NHẬP ĐƠN HÀNG'!$C$6:$C$505,$B56,'NHẬP ĐƠN HÀNG'!$U$6:$U$505)) | M56: =IF($B56="","",IF(SUMPRODUCT(MAX(('NHẬP ĐƠN HÀNG'!$C$6:$C$505=$B56)*'NHẬP ĐƠN HÀNG'!$B$6:$B$505))=0,"",SUMPRODUCT(MAX(('NHẬP ĐƠN HÀNG'!$C$6:$C$505=$B56)*'NHẬP ĐƠN HÀNG'!$B$6:$B$505)))) | N56: =IF($B56="","",IF($G56=0,"Chưa có đơn",IF(COUNTIFS('NHẬP ĐƠN HÀNG'!$C$6:$C$505,$B56,'NHẬP ĐƠN HÀNG'!$N$6:$N$505,">0")>0,"Có lấy VAT","Không lấy VAT")))
A57: =IF($B57="","",52) | B57: =IFERROR(INDEX('NHẬP ĐƠN HÀNG'!$C$6:$C$505,MATCH(52,'NHẬP ĐƠN HÀNG'!$AB$6:$AB$505,0)),"") | C57: =IF($B57="","",IFERROR(IF(INDEX('NHẬP ĐƠN HÀNG'!$D$6:$D$505,MATCH($B57,'NHẬP ĐƠN HÀNG'!$C$6:$C$505,0))="","",INDEX('NHẬP ĐƠN HÀNG'!$D$6:$D$505,MATCH($B57,'NHẬP ĐƠN HÀNG'!$C$6:$C$505,0))),"")) | D57: =IF($B57="","",IFERROR(IF(INDEX('NHẬP ĐƠN HÀNG'!$E$6:$E$505,MATCH($B57,'NHẬP ĐƠN HÀNG'!$C$6:$C$505,0))="","",INDEX('NHẬP ĐƠN HÀNG'!$E$6:$E$505,MATCH($B57,'NHẬP ĐƠN HÀNG'!$C$6:$C$505,0))),"")) | E57: =IF($B57="","",IFERROR(IF(INDEX('NHẬP ĐƠN HÀNG'!$F$6:$F$505,MATCH($B57,'NHẬP ĐƠN HÀNG'!$C$6:$C$505,0))="","",INDEX('NHẬP ĐƠN HÀNG'!$F$6:$F$505,MATCH($B57,'NHẬP ĐƠN HÀNG'!$C$6:$C$505,0))),"")) | F57: =IF($B57="","",IFERROR(IF(INDEX('NHẬP ĐƠN HÀNG'!$G$6:$G$505,MATCH($B57,'NHẬP ĐƠN HÀNG'!$C$6:$C$505,0))="","",INDEX('NHẬP ĐƠN HÀNG'!$G$6:$G$505,MATCH($B57,'NHẬP ĐƠN HÀNG'!$C$6:$C$505,0))),"")) | G57: =IF($B57="","",COUNTIFS('NHẬP ĐƠN HÀNG'!$C$6:$C$505,$B57,'NHẬP ĐƠN HÀNG'!$L$6:$L$505,">0")) | H57: =IF($B57="","",SUMIF('NHẬP ĐƠN HÀNG'!$C$6:$C$505,$B57,'NHẬP ĐƠN HÀNG'!$L$6:$L$505)) | I57: =IF($B57="","",SUMIF('NHẬP ĐƠN HÀNG'!$C$6:$C$505,$B57,'NHẬP ĐƠN HÀNG'!$P$6:$P$505)) | J57: =IF($B57="","",SUMIF('NHẬP ĐƠN HÀNG'!$C$6:$C$505,$B57,'NHẬP ĐƠN HÀNG'!$Q$6:$Q$505)) | K57: =IF($B57="","",SUMIF('NHẬP ĐƠN HÀNG'!$C$6:$C$505,$B57,'NHẬP ĐƠN HÀNG'!$R$6:$R$505)) | L57: =IF($B57="","",SUMIF('NHẬP ĐƠN HÀNG'!$C$6:$C$505,$B57,'NHẬP ĐƠN HÀNG'!$U$6:$U$505)) | M57: =IF($B57="","",IF(SUMPRODUCT(MAX(('NHẬP ĐƠN HÀNG'!$C$6:$C$505=$B57)*'NHẬP ĐƠN HÀNG'!$B$6:$B$505))=0,"",SUMPRODUCT(MAX(('NHẬP ĐƠN HÀNG'!$C$6:$C$505=$B57)*'NHẬP ĐƠN HÀNG'!$B$6:$B$505)))) | N57: =IF($B57="","",IF($G57=0,"Chưa có đơn",IF(COUNTIFS('NHẬP ĐƠN HÀNG'!$C$6:$C$505,$B57,'NHẬP ĐƠN HÀNG'!$N$6:$N$505,">0")>0,"Có lấy VAT","Không lấy VAT")))
A58: =IF($B58="","",53) | B58: =IFERROR(INDEX('NHẬP ĐƠN HÀNG'!$C$6:$C$505,MATCH(53,'NHẬP ĐƠN HÀNG'!$AB$6:$AB$505,0)),"") | C58: =IF($B58="","",IFERROR(IF(INDEX('NHẬP ĐƠN HÀNG'!$D$6:$D$505,MATCH($B58,'NHẬP ĐƠN HÀNG'!$C$6:$C$505,0))="","",INDEX('NHẬP ĐƠN HÀNG'!$D$6:$D$505,MATCH($B58,'NHẬP ĐƠN HÀNG'!$C$6:$C$505,0))),"")) | D58: =IF($B58="","",IFERROR(IF(INDEX('NHẬP ĐƠN HÀNG'!$E$6:$E$505,MATCH($B58,'NHẬP ĐƠN HÀNG'!$C$6:$C$505,0))="","",INDEX('NHẬP ĐƠN HÀNG'!$E$6:$E$505,MATCH($B58,'NHẬP ĐƠN HÀNG'!$C$6:$C$505,0))),"")) | E58: =IF($B58="","",IFERROR(IF(INDEX('NHẬP ĐƠN HÀNG'!$F$6:$F$505,MATCH($B58,'NHẬP ĐƠN HÀNG'!$C$6:$C$505,0))="","",INDEX('NHẬP ĐƠN HÀNG'!$F$6:$F$505,MATCH($B58,'NHẬP ĐƠN HÀNG'!$C$6:$C$505,0))),"")) | F58: =IF($B58="","",IFERROR(IF(INDEX('NHẬP ĐƠN HÀNG'!$G$6:$G$505,MATCH($B58,'NHẬP ĐƠN HÀNG'!$C$6:$C$505,0))="","",INDEX('NHẬP ĐƠN HÀNG'!$G$6:$G$505,MATCH($B58,'NHẬP ĐƠN HÀNG'!$C$6:$C$505,0))),"")) | G58: =IF($B58="","",COUNTIFS('NHẬP ĐƠN HÀNG'!$C$6:$C$505,$B58,'NHẬP ĐƠN HÀNG'!$L$6:$L$505,">0")) | H58: =IF($B58="","",SUMIF('NHẬP ĐƠN HÀNG'!$C$6:$C$505,$B58,'NHẬP ĐƠN HÀNG'!$L$6:$L$505)) | I58: =IF($B58="","",SUMIF('NHẬP ĐƠN HÀNG'!$C$6:$C$505,$B58,'NHẬP ĐƠN HÀNG'!$P$6:$P$505)) | J58: =IF($B58="","",SUMIF('NHẬP ĐƠN HÀNG'!$C$6:$C$505,$B58,'NHẬP ĐƠN HÀNG'!$Q$6:$Q$505)) | K58: =IF($B58="","",SUMIF('NHẬP ĐƠN HÀNG'!$C$6:$C$505,$B58,'NHẬP ĐƠN HÀNG'!$R$6:$R$505)) | L58: =IF($B58="","",SUMIF('NHẬP ĐƠN HÀNG'!$C$6:$C$505,$B58,'NHẬP ĐƠN HÀNG'!$U$6:$U$505)) | M58: =IF($B58="","",IF(SUMPRODUCT(MAX(('NHẬP ĐƠN HÀNG'!$C$6:$C$505=$B58)*'NHẬP ĐƠN HÀNG'!$B$6:$B$505))=0,"",SUMPRODUCT(MAX(('NHẬP ĐƠN HÀNG'!$C$6:$C$505=$B58)*'NHẬP ĐƠN HÀNG'!$B$6:$B$505)))) | N58: =IF($B58="","",IF($G58=0,"Chưa có đơn",IF(COUNTIFS('NHẬP ĐƠN HÀNG'!$C$6:$C$505,$B58,'NHẬP ĐƠN HÀNG'!$N$6:$N$505,">0")>0,"Có lấy VAT","Không lấy VAT")))
A59: =IF($B59="","",54) | B59: =IFERROR(INDEX('NHẬP ĐƠN HÀNG'!$C$6:$C$505,MATCH(54,'NHẬP ĐƠN HÀNG'!$AB$6:$AB$505,0)),"") | C59: =IF($B59="","",IFERROR(IF(INDEX('NHẬP ĐƠN HÀNG'!$D$6:$D$505,MATCH($B59,'NHẬP ĐƠN HÀNG'!$C$6:$C$505,0))="","",INDEX('NHẬP ĐƠN HÀNG'!$D$6:$D$505,MATCH($B59,'NHẬP ĐƠN HÀNG'!$C$6:$C$505,0))),"")) | D59: =IF($B59="","",IFERROR(IF(INDEX('NHẬP ĐƠN HÀNG'!$E$6:$E$505,MATCH($B59,'NHẬP ĐƠN HÀNG'!$C$6:$C$505,0))="","",INDEX('NHẬP ĐƠN HÀNG'!$E$6:$E$505,MATCH($B59,'NHẬP ĐƠN HÀNG'!$C$6:$C$505,0))),"")) | E59: =IF($B59="","",IFERROR(IF(INDEX('NHẬP ĐƠN HÀNG'!$F$6:$F$505,MATCH($B59,'NHẬP ĐƠN HÀNG'!$C$6:$C$505,0))="","",INDEX('NHẬP ĐƠN HÀNG'!$F$6:$F$505,MATCH($B59,'NHẬP ĐƠN HÀNG'!$C$6:$C$505,0))),"")) | F59: =IF($B59="","",IFERROR(IF(INDEX('NHẬP ĐƠN HÀNG'!$G$6:$G$505,MATCH($B59,'NHẬP ĐƠN HÀNG'!$C$6:$C$505,0))="","",INDEX('NHẬP ĐƠN HÀNG'!$G$6:$G$505,MATCH($B59,'NHẬP ĐƠN HÀNG'!$C$6:$C$505,0))),"")) | G59: =IF($B59="","",COUNTIFS('NHẬP ĐƠN HÀNG'!$C$6:$C$505,$B59,'NHẬP ĐƠN HÀNG'!$L$6:$L$505,">0")) | H59: =IF($B59="","",SUMIF('NHẬP ĐƠN HÀNG'!$C$6:$C$505,$B59,'NHẬP ĐƠN HÀNG'!$L$6:$L$505)) | I59: =IF($B59="","",SUMIF('NHẬP ĐƠN HÀNG'!$C$6:$C$505,$B59,'NHẬP ĐƠN HÀNG'!$P$6:$P$505)) | J59: =IF($B59="","",SUMIF('NHẬP ĐƠN HÀNG'!$C$6:$C$505,$B59,'NHẬP ĐƠN HÀNG'!$Q$6:$Q$505)) | K59: =IF($B59="","",SUMIF('NHẬP ĐƠN HÀNG'!$C$6:$C$505,$B59,'NHẬP ĐƠN HÀNG'!$R$6:$R$505)) | L59: =IF($B59="","",SUMIF('NHẬP ĐƠN HÀNG'!$C$6:$C$505,$B59,'NHẬP ĐƠN HÀNG'!$U$6:$U$505)) | M59: =IF($B59="","",IF(SUMPRODUCT(MAX(('NHẬP ĐƠN HÀNG'!$C$6:$C$505=$B59)*'NHẬP ĐƠN HÀNG'!$B$6:$B$505))=0,"",SUMPRODUCT(MAX(('NHẬP ĐƠN HÀNG'!$C$6:$C$505=$B59)*'NHẬP ĐƠN HÀNG'!$B$6:$B$505)))) | N59: =IF($B59="","",IF($G59=0,"Chưa có đơn",IF(COUNTIFS('NHẬP ĐƠN HÀNG'!$C$6:$C$505,$B59,'NHẬP ĐƠN HÀNG'!$N$6:$N$505,">0")>0,"Có lấy VAT","Không lấy VAT")))
A60: =IF($B60="","",55) | B60: =IFERROR(INDEX('NHẬP ĐƠN HÀNG'!$C$6:$C$505,MATCH(55,'NHẬP ĐƠN HÀNG'!$AB$6:$AB$505,0)),"") | C60: =IF($B60="","",IFERROR(IF(INDEX('NHẬP ĐƠN HÀNG'!$D$6:$D$505,MATCH($B60,'NHẬP ĐƠN HÀNG'!$C$6:$C$505,0))="","",INDEX('NHẬP ĐƠN HÀNG'!$D$6:$D$505,MATCH($B60,'NHẬP ĐƠN HÀNG'!$C$6:$C$505,0))),"")) | D60: =IF($B60="","",IFERROR(IF(INDEX('NHẬP ĐƠN HÀNG'!$E$6:$E$505,MATCH($B60,'NHẬP ĐƠN HÀNG'!$C$6:$C$505,0))="","",INDEX('NHẬP ĐƠN HÀNG'!$E$6:$E$505,MATCH($B60,'NHẬP ĐƠN HÀNG'!$C$6:$C$505,0))),"")) | E60: =IF($B60="","",IFERROR(IF(INDEX('NHẬP ĐƠN HÀNG'!$F$6:$F$505,MATCH($B60,'NHẬP ĐƠN HÀNG'!$C$6:$C$505,0))="","",INDEX('NHẬP ĐƠN HÀNG'!$F$6:$F$505,MATCH($B60,'NHẬP ĐƠN HÀNG'!$C$6:$C$505,0))),"")) | F60: =IF($B60="","",IFERROR(IF(INDEX('NHẬP ĐƠN HÀNG'!$G$6:$G$505,MATCH($B60,'NHẬP ĐƠN HÀNG'!$C$6:$C$505,0))="","",INDEX('NHẬP ĐƠN HÀNG'!$G$6:$G$505,MATCH($B60,'NHẬP ĐƠN HÀNG'!$C$6:$C$505,0))),"")) | G60: =IF($B60="","",COUNTIFS('NHẬP ĐƠN HÀNG'!$C$6:$C$505,$B60,'NHẬP ĐƠN HÀNG'!$L$6:$L$505,">0")) | H60: =IF($B60="","",SUMIF('NHẬP ĐƠN HÀNG'!$C$6:$C$505,$B60,'NHẬP ĐƠN HÀNG'!$L$6:$L$505)) | I60: =IF($B60="","",SUMIF('NHẬP ĐƠN HÀNG'!$C$6:$C$505,$B60,'NHẬP ĐƠN HÀNG'!$P$6:$P$505)) | J60: =IF($B60="","",SUMIF('NHẬP ĐƠN HÀNG'!$C$6:$C$505,$B60,'NHẬP ĐƠN HÀNG'!$Q$6:$Q$505)) | K60: =IF($B60="","",SUMIF('NHẬP ĐƠN HÀNG'!$C$6:$C$505,$B60,'NHẬP ĐƠN HÀNG'!$R$6:$R$505)) | L60: =IF($B60="","",SUMIF('NHẬP ĐƠN HÀNG'!$C$6:$C$505,$B60,'NHẬP ĐƠN HÀNG'!$U$6:$U$505)) | M60: =IF($B60="","",IF(SUMPRODUCT(MAX(('NHẬP ĐƠN HÀNG'!$C$6:$C$505=$B60)*'NHẬP ĐƠN HÀNG'!$B$6:$B$505))=0,"",SUMPRODUCT(MAX(('NHẬP ĐƠN HÀNG'!$C$6:$C$505=$B60)*'NHẬP ĐƠN HÀNG'!$B$6:$B$505)))) | N60: =IF($B60="","",IF($G60=0,"Chưa có đơn",IF(COUNTIFS('NHẬP ĐƠN HÀNG'!$C$6:$C$505,$B60,'NHẬP ĐƠN HÀNG'!$N$6:$N$505,">0")>0,"Có lấy VAT","Không lấy VAT")))
A61: =IF($B61="","",56) | B61: =IFERROR(INDEX('NHẬP ĐƠN HÀNG'!$C$6:$C$505,MATCH(56,'NHẬP ĐƠN HÀNG'!$AB$6:$AB$505,0)),"") | C61: =IF($B61="","",IFERROR(IF(INDEX('NHẬP ĐƠN HÀNG'!$D$6:$D$505,MATCH($B61,'NHẬP ĐƠN HÀNG'!$C$6:$C$505,0))="","",INDEX('NHẬP ĐƠN HÀNG'!$D$6:$D$505,MATCH($B61,'NHẬP ĐƠN HÀNG'!$C$6:$C$505,0))),"")) | D61: =IF($B61="","",IFERROR(IF(INDEX('NHẬP ĐƠN HÀNG'!$E$6:$E$505,MATCH($B61,'NHẬP ĐƠN HÀNG'!$C$6:$C$505,0))="","",INDEX('NHẬP ĐƠN HÀNG'!$E$6:$E$505,MATCH($B61,'NHẬP ĐƠN HÀNG'!$C$6:$C$505,0))),"")) | E61: =IF($B61="","",IFERROR(IF(INDEX('NHẬP ĐƠN HÀNG'!$F$6:$F$505,MATCH($B61,'NHẬP ĐƠN HÀNG'!$C$6:$C$505,0))="","",INDEX('NHẬP ĐƠN HÀNG'!$F$6:$F$505,MATCH($B61,'NHẬP ĐƠN HÀNG'!$C$6:$C$505,0))),"")) | F61: =IF($B61="","",IFERROR(IF(INDEX('NHẬP ĐƠN HÀNG'!$G$6:$G$505,MATCH($B61,'NHẬP ĐƠN HÀNG'!$C$6:$C$505,0))="","",INDEX('NHẬP ĐƠN HÀNG'!$G$6:$G$505,MATCH($B61,'NHẬP ĐƠN HÀNG'!$C$6:$C$505,0))),"")) | G61: =IF($B61="","",COUNTIFS('NHẬP ĐƠN HÀNG'!$C$6:$C$505,$B61,'NHẬP ĐƠN HÀNG'!$L$6:$L$505,">0")) | H61: =IF($B61="","",SUMIF('NHẬP ĐƠN HÀNG'!$C$6:$C$505,$B61,'NHẬP ĐƠN HÀNG'!$L$6:$L$505)) | I61: =IF($B61="","",SUMIF('NHẬP ĐƠN HÀNG'!$C$6:$C$505,$B61,'NHẬP ĐƠN HÀNG'!$P$6:$P$505)) | J61: =IF($B61="","",SUMIF('NHẬP ĐƠN HÀNG'!$C$6:$C$505,$B61,'NHẬP ĐƠN HÀNG'!$Q$6:$Q$505)) | K61: =IF($B61="","",SUMIF('NHẬP ĐƠN HÀNG'!$C$6:$C$505,$B61,'NHẬP ĐƠN HÀNG'!$R$6:$R$505)) | L61: =IF($B61="","",SUMIF('NHẬP ĐƠN HÀNG'!$C$6:$C$505,$B61,'NHẬP ĐƠN HÀNG'!$U$6:$U$505)) | M61: =IF($B61="","",IF(SUMPRODUCT(MAX(('NHẬP ĐƠN HÀNG'!$C$6:$C$505=$B61)*'NHẬP ĐƠN HÀNG'!$B$6:$B$505))=0,"",SUMPRODUCT(MAX(('NHẬP ĐƠN HÀNG'!$C$6:$C$505=$B61)*'NHẬP ĐƠN HÀNG'!$B$6:$B$505)))) | N61: =IF($B61="","",IF($G61=0,"Chưa có đơn",IF(COUNTIFS('NHẬP ĐƠN HÀNG'!$C$6:$C$505,$B61,'NHẬP ĐƠN HÀNG'!$N$6:$N$505,">0")>0,"Có lấy VAT","Không lấy VAT")))
A62: =IF($B62="","",57) | B62: =IFERROR(INDEX('NHẬP ĐƠN HÀNG'!$C$6:$C$505,MATCH(57,'NHẬP ĐƠN HÀNG'!$AB$6:$AB$505,0)),"") | C62: =IF($B62="","",IFERROR(IF(INDEX('NHẬP ĐƠN HÀNG'!$D$6:$D$505,MATCH($B62,'NHẬP ĐƠN HÀNG'!$C$6:$C$505,0))="","",INDEX('NHẬP ĐƠN HÀNG'!$D$6:$D$505,MATCH($B62,'NHẬP ĐƠN HÀNG'!$C$6:$C$505,0))),"")) | D62: =IF($B62="","",IFERROR(IF(INDEX('NHẬP ĐƠN HÀNG'!$E$6:$E$505,MATCH($B62,'NHẬP ĐƠN HÀNG'!$C$6:$C$505,0))="","",INDEX('NHẬP ĐƠN HÀNG'!$E$6:$E$505,MATCH($B62,'NHẬP ĐƠN HÀNG'!$C$6:$C$505,0))),"")) | E62: =IF($B62="","",IFERROR(IF(INDEX('NHẬP ĐƠN HÀNG'!$F$6:$F$505,MATCH($B62,'NHẬP ĐƠN HÀNG'!$C$6:$C$505,0))="","",INDEX('NHẬP ĐƠN HÀNG'!$F$6:$F$505,MATCH($B62,'NHẬP ĐƠN HÀNG'!$C$6:$C$505,0))),"")) | F62: =IF($B62="","",IFERROR(IF(INDEX('NHẬP ĐƠN HÀNG'!$G$6:$G$505,MATCH($B62,'NHẬP ĐƠN HÀNG'!$C$6:$C$505,0))="","",INDEX('NHẬP ĐƠN HÀNG'!$G$6:$G$505,MATCH($B62,'NHẬP ĐƠN HÀNG'!$C$6:$C$505,0))),"")) | G62: =IF($B62="","",COUNTIFS('NHẬP ĐƠN HÀNG'!$C$6:$C$505,$B62,'NHẬP ĐƠN HÀNG'!$L$6:$L$505,">0")) | H62: =IF($B62="","",SUMIF('NHẬP ĐƠN HÀNG'!$C$6:$C$505,$B62,'NHẬP ĐƠN HÀNG'!$L$6:$L$505)) | I62: =IF($B62="","",SUMIF('NHẬP ĐƠN HÀNG'!$C$6:$C$505,$B62,'NHẬP ĐƠN HÀNG'!$P$6:$P$505)) | J62: =IF($B62="","",SUMIF('NHẬP ĐƠN HÀNG'!$C$6:$C$505,$B62,'NHẬP ĐƠN HÀNG'!$Q$6:$Q$505)) | K62: =IF($B62="","",SUMIF('NHẬP ĐƠN HÀNG'!$C$6:$C$505,$B62,'NHẬP ĐƠN HÀNG'!$R$6:$R$505)) | L62: =IF($B62="","",SUMIF('NHẬP ĐƠN HÀNG'!$C$6:$C$505,$B62,'NHẬP ĐƠN HÀNG'!$U$6:$U$505)) | M62: =IF($B62="","",IF(SUMPRODUCT(MAX(('NHẬP ĐƠN HÀNG'!$C$6:$C$505=$B62)*'NHẬP ĐƠN HÀNG'!$B$6:$B$505))=0,"",SUMPRODUCT(MAX(('NHẬP ĐƠN HÀNG'!$C$6:$C$505=$B62)*'NHẬP ĐƠN HÀNG'!$B$6:$B$505)))) | N62: =IF($B62="","",IF($G62=0,"Chưa có đơn",IF(COUNTIFS('NHẬP ĐƠN HÀNG'!$C$6:$C$505,$B62,'NHẬP ĐƠN HÀNG'!$N$6:$N$505,">0")>0,"Có lấy VAT","Không lấy VAT")))
A63: =IF($B63="","",58) | B63: =IFERROR(INDEX('NHẬP ĐƠN HÀNG'!$C$6:$C$505,MATCH(58,'NHẬP ĐƠN HÀNG'!$AB$6:$AB$505,0)),"") | C63: =IF($B63="","",IFERROR(IF(INDEX('NHẬP ĐƠN HÀNG'!$D$6:$D$505,MATCH($B63,'NHẬP ĐƠN HÀNG'!$C$6:$C$505,0))="","",INDEX('NHẬP ĐƠN HÀNG'!$D$6:$D$505,MATCH($B63,'NHẬP ĐƠN HÀNG'!$C$6:$C$505,0))),"")) | D63: =IF($B63="","",IFERROR(IF(INDEX('NHẬP ĐƠN HÀNG'!$E$6:$E$505,MATCH($B63,'NHẬP ĐƠN HÀNG'!$C$6:$C$505,0))="","",INDEX('NHẬP ĐƠN HÀNG'!$E$6:$E$505,MATCH($B63,'NHẬP ĐƠN HÀNG'!$C$6:$C$505,0))),"")) | E63: =IF($B63="","",IFERROR(IF(INDEX('NHẬP ĐƠN HÀNG'!$F$6:$F$505,MATCH($B63,'NHẬP ĐƠN HÀNG'!$C$6:$C$505,0))="","",INDEX('NHẬP ĐƠN HÀNG'!$F$6:$F$505,MATCH($B63,'NHẬP ĐƠN HÀNG'!$C$6:$C$505,0))),"")) | F63: =IF($B63="","",IFERROR(IF(INDEX('NHẬP ĐƠN HÀNG'!$G$6:$G$505,MATCH($B63,'NHẬP ĐƠN HÀNG'!$C$6:$C$505,0))="","",INDEX('NHẬP ĐƠN HÀNG'!$G$6:$G$505,MATCH($B63,'NHẬP ĐƠN HÀNG'!$C$6:$C$505,0))),"")) | G63: =IF($B63="","",COUNTIFS('NHẬP ĐƠN HÀNG'!$C$6:$C$505,$B63,'NHẬP ĐƠN HÀNG'!$L$6:$L$505,">0")) | H63: =IF($B63="","",SUMIF('NHẬP ĐƠN HÀNG'!$C$6:$C$505,$B63,'NHẬP ĐƠN HÀNG'!$L$6:$L$505)) | I63: =IF($B63="","",SUMIF('NHẬP ĐƠN HÀNG'!$C$6:$C$505,$B63,'NHẬP ĐƠN HÀNG'!$P$6:$P$505)) | J63: =IF($B63="","",SUMIF('NHẬP ĐƠN HÀNG'!$C$6:$C$505,$B63,'NHẬP ĐƠN HÀNG'!$Q$6:$Q$505)) | K63: =IF($B63="","",SUMIF('NHẬP ĐƠN HÀNG'!$C$6:$C$505,$B63,'NHẬP ĐƠN HÀNG'!$R$6:$R$505)) | L63: =IF($B63="","",SUMIF('NHẬP ĐƠN HÀNG'!$C$6:$C$505,$B63,'NHẬP ĐƠN HÀNG'!$U$6:$U$505)) | M63: =IF($B63="","",IF(SUMPRODUCT(MAX(('NHẬP ĐƠN HÀNG'!$C$6:$C$505=$B63)*'NHẬP ĐƠN HÀNG'!$B$6:$B$505))=0,"",SUMPRODUCT(MAX(('NHẬP ĐƠN HÀNG'!$C$6:$C$505=$B63)*'NHẬP ĐƠN HÀNG'!$B$6:$B$505)))) | N63: =IF($B63="","",IF($G63=0,"Chưa có đơn",IF(COUNTIFS('NHẬP ĐƠN HÀNG'!$C$6:$C$505,$B63,'NHẬP ĐƠN HÀNG'!$N$6:$N$505,">0")>0,"Có lấy VAT","Không lấy VAT")))
