Workbook

Sheet HƯỚNG DẪN
A1: HƯỚNG DẪN – FILE QUẢN LÝ ĐƠN HÀNG, CHI PHÍ, LÃI LỖ & CÔNG NỢ THEO THÁNG
A2: Nhân viên chỉ nhập Ô MÀU VÀNG ở sheet BẢNG GIÁ GỐC và 7 sheet THÁNG. Mọi báo cáo tự chạy.
A5: A. SHEET PHẢI NHẬP (thẻ màu vàng)
A6: BẢNG GIÁ GỐC | B6: Mỗi sản phẩm 1 dòng: TÊN SẢN PHẨM + GIÁ GỐC (giá vốn) + GIÁ BÁN GỢI Ý. Đây là nơi duy nhất khai giá gốc; các sheet tháng tự lấy về để tính lãi lỗ.
A7: THÁNG 6 → THÁNG 12 | B7: Mỗi tháng 1 sheet. Nhập đơn hàng vào bảng bên trái (từ dòng 10) và CHI PHÍ KHÁC vào khối vàng bên phải (cột Z). Báo cáo của tháng nằm ngay đầu sheet, tự cập nhật.
A9: B. SHEET TỰ ĐỘNG (thẻ xanh – không gõ gì)
A10: BÁO CÁO NĂM | B10: Doanh thu, VAT, chi phí, lãi lỗ, đã thu, còn nợ của cả 7 tháng và tổng cả năm.
A11: LÃI LỖ | B11: Tổng quan lãi lỗ, lãi lỗ theo tháng và lãi lỗ theo từng sản phẩm.
A12: THANH TOÁN | B12: Tiền hàng ĐÃ thanh toán / CHƯA thanh toán theo tháng, kèm danh sách đơn đã thu đủ.
A13: CÔNG NỢ | B13: Danh sách đơn khách còn nợ tiền, kèm số ngày kể từ ngày đặt.
A14: KHÁCH HÀNG | B14: Tự gom danh sách khách: đã mua bao nhiêu, đã trả, còn nợ, lãi thu được từ khách.
A15: KHÁCH LẤY VAT | B15: Các đơn có VAT, kèm tiền thuế từng đơn và tổng thuế phải xuất hóa đơn.
A16: KHÁCH KHÔNG VAT | B16: Các đơn không lấy hóa đơn VAT.
A18: C. QUY TẮC MÀU
A19: Ô MÀU VÀNG | B19: Nhân viên nhập tay.
A20: Ô MÀU XANH NHẠT | B20: Máy tự tính – KHÔNG gõ đè, sẽ mất công thức.
A21: Ô MÀU CAM (CẢNH BÁO) | B21: Dòng thiếu dữ liệu hoặc đang lỗ. Xử lý hết cảnh báo là số liệu chuẩn.
A23: D. CÔNG THỨC ĐANG CHẠY
A24: GIÁ GỐC / SP | B24: Tự dò từ BẢNG GIÁ GỐC theo TÊN SẢN PHẨM (VLOOKUP). Chưa khai giá gốc thì để trống và báo cảnh báo.
A25: TIỀN HÀNG | B25: SỐ LƯỢNG × GIÁ BÁN/SP (giá bán nhập là giá CHƯA có VAT)
A26: TIỀN VAT | B26: TIỀN HÀNG × THUẾ SUẤT (chọn Không lấy VAT / VAT 5% / VAT 8% / VAT 10%)
A27: TỔNG PHẢI THU | B27: TIỀN HÀNG + TIỀN VAT
A28: CÒN NỢ | B28: TỔNG PHẢI THU − ĐÃ THANH TOÁN
A29: TỔNG VỐN (giá vốn hàng bán) | B29: SỐ LƯỢNG × GIÁ GỐC/SP
A30: LÃI / LỖ trên từng đơn | B30: TIỀN HÀNG − TỔNG VỐN
A31: TỔNG CHI PHÍ THÁNG | B31: GIÁ VỐN HÀNG BÁN của tháng + CHI PHÍ KHÁC của tháng
A32: LÃI / LỖ THỰC của tháng | B32: DOANH THU TIỀN HÀNG − TỔNG CHI PHÍ THÁNG
A34: E. VIỆC CẦN LÀM NGAY
A35: Điền GIÁ GỐC còn thiếu | B35: Dữ liệu cũ có 31 tên sản phẩm chưa từng khai giá vốn. Vào BẢNG GIÁ GỐC điền cột GIÁ GỐC/SP (ô vàng) là toàn bộ lãi lỗ hiện ra ngay.
A36: Giá bán đã gồm VAT | B36: Nếu báo khách giá đã gồm 8% VAT thì lấy giá đó chia 1,08 rồi mới nhập vào cột GIÁ BÁN/SP.
A37: Thêm sản phẩm mới | B37: Thêm 1 dòng ở BẢNG GIÁ GỐC là danh sách chọn trong sheet tháng tự có ngay.

Sheet BẢNG GIÁ GỐC
A1: BẢNG GIÁ GỐC SẢN PHẨM – NHẬP GIÁ VỐN TẠI ĐÂY
A2: Khai 1 lần cho mỗi sản phẩm. Các sheet tháng tự lấy GIÁ GỐC về để tính lãi lỗ.
A3: SỐ SẢN PHẨM CHƯA CÓ GIÁ GỐC: | C3: =COUNTIFS($A$5:$A$254,"?*",$C$5:$C$254,"") -> 28 | D3: ← điền hết cột GIÁ GỐC là toàn bộ báo cáo lãi lỗ chạy đủ
A4: TÊN SẢN PHẨM | B4: QUY CÁCH | C4: GIÁ GỐC / SP (đ) | D4: GIÁ BÁN GỢI Ý (đ) | E4: LÃI GỢI Ý / SP (đ) | F4: % LÃI GỢI Ý | G4: GHI CHÚ
A5: GẤU TEDDY 25CM TRẮNG | B5: 25CM | C5: 35000 | D5: 50000 | E5: =IF(OR($A5="",$C5=""),"",N($D5)-$C5) -> 15000 | F5: =IF(OR($A5="",$C5="",N($D5)=0),"",($D5-$C5)/$D5) -> 0.3 | G5: Danh mục sản phẩm của file cũ
A6: GẤU TEDDY 30CM | B6: 30CM | C6: 35000 | D6: 50000 | E6: =IF(OR($A6="",$C6=""),"",N($D6)-$C6) -> 15000 | F6: =IF(OR($A6="",$C6="",N($D6)=0),"",($D6-$C6)/$D6) -> 0.3 | G6: Danh mục sản phẩm của file cũ
A7: GẤU TEDDY 20CM LÔNG MỊN | B7: 20CM | C7: 35000 | D7: 50000 | E7: =IF(OR($A7="",$C7=""),"",N($D7)-$C7) -> 15000 | F7: =IF(OR($A7="",$C7="",N($D7)=0),"",($D7-$C7)/$D7) -> 0.3 | G7: Danh mục sản phẩm của file cũ
A8: GỐI ÔM CỎ | B8: 25CM | C8: 35000 | D8: 45000 | E8: =IF(OR($A8="",$C8=""),"",N($D8)-$C8) -> 10000 | F8: =IF(OR($A8="",$C8="",N($D8)=0),"",($D8-$C8)/$D8) -> 0.22222222 | G8: Danh mục sản phẩm của file cũ
A9: GẤU TEDDY 20CM LÔNG XÙ | B9: 20CM | C9: 35000 | D9: 45000 | E9: =IF(OR($A9="",$C9=""),"",N($D9)-$C9) -> 10000 | F9: =IF(OR($A9="",$C9="",N($D9)=0),"",($D9-$C9)/$D9) -> 0.22222222 | G9: Danh mục sản phẩm của file cũ
A10: GẤU TEDDY 27CM NÂU | B10: 27CM | C10: 35000 | D10: 50000 | E10: =IF(OR($A10="",$C10=""),"",N($D10)-$C10) -> 15000 | F10: =IF(OR($A10="",$C10="",N($D10)=0),"",($D10-$C10)/$D10) -> 0.3 | G10: Danh mục sản phẩm của file cũ
A11: GẤU TỐT NGHIỆP | B11: 27CM | C11: 40000 | D11: 55000 | E11: =IF(OR($A11="",$C11=""),"",N($D11)-$C11) -> 15000 | F11: =IF(OR($A11="",$C11="",N($D11)=0),"",($D11-$C11)/$D11) -> 0.27272727 | G11: Danh mục sản phẩm của file cũ
A12: GẤU TEDY INLOGO HOA THÁI | B12: 30CM | C12: 42000 | D12: 52000 | E12: =IF(OR($A12="",$C12=""),"",N($D12)-$C12) -> 10000 | F12: =IF(OR($A12="",$C12="",N($D12)=0),"",($D12-$C12)/$D12) -> 0.19230769 | G12: Danh mục sản phẩm của file cũ
A13: GẤU TRÁI TIM INLOGO 1 MẶT HOA THÁI | B13: 40CM | C13: 42000 | D13: 55000 | E13: =IF(OR($A13="",$C13=""),"",N($D13)-$C13) -> 13000 | F13: =IF(OR($A13="",$C13="",N($D13)=0),"",($D13-$C13)/$D13) -> 0.23636364 | G13: Danh mục sản phẩm của file cũ
A14: GẤU BÔNG LENA TRÚC | B14: 30CM | C14: 50000 | D14: 65000 | E14: =IF(OR($A14="",$C14=""),"",N($D14)-$C14) -> 15000 | F14: =IF(OR($A14="",$C14="",N($D14)=0),"",($D14-$C14)/$D14) -> 0.23076923 | G14: Danh mục sản phẩm của file cũ
A15: CÁ MẬP INLOGO | B15: 30CM | C15: 36000 | D15: 48000 | E15: =IF(OR($A15="",$C15=""),"",N($D15)-$C15) -> 12000 | F15: =IF(OR($A15="",$C15="",N($D15)=0),"",($D15-$C15)/$D15) -> 0.25 | G15: Danh mục sản phẩm của file cũ
A16: MẦM INLOGO / ĐÀO TIÊN INLOGO | B16: 20CM | C16: 36000 | D16: 48000 | E16: =IF(OR($A16="",$C16=""),"",N($D16)-$C16) -> 12000 | F16: =IF(OR($A16="",$C16="",N($D16)=0),"",($D16-$C16)/$D16) -> 0.25 | G16: Danh mục sản phẩm của file cũ
... A18: TEDDY TRẮNG QUẢNG CHÂU INLOGO | B18: 30CM | C18: 45000 | D18: 58000 | E18: =IF(OR($A18="",$C18=""),"",N($D18)-$C18) -> 13000 | F18: =IF(OR($A18="",$C18="",N($D18)=0),"",($D18-$C18)/$D18) -> 0.22413793 | G18: Danh mục sản phẩm của file cũ
A19: Bình giữ nhiệt in logo | D19: 85000 | E19: =IF(OR($A19="",$C19=""),"",N($D19)-$C19) | F19: =IF(OR($A19="",$C19="",N($D19)=0),"",($D19-$C19)/$D19) | G19: Lấy từ đơn hàng cũ – CẦN ĐIỀN GIÁ GỐC
A20: Bút ký khắc tên | D20: 35000 | E20: =IF(OR($A20="",$C20=""),"",N($D20)-$C20) | F20: =IF(OR($A20="",$C20="",N($D20)=0),"",($D20-$C20)/$D20) | G20: Lấy từ đơn hàng cũ – CẦN ĐIỀN GIÁ GỐC
A21: CÁ BABY SHARK | D21: 48000 | E21: =IF(OR($A21="",$C21=""),"",N($D21)-$C21) | F21: =IF(OR($A21="",$C21="",N($D21)=0),"",($D21-$C21)/$D21) | G21: Lấy từ đơn hàng cũ – CẦN ĐIỀN GIÁ GỐC
A22: Gấu HT 30cm | D22: 65000 | E22: =IF(OR($A22="",$C22=""),"",N($D22)-$C22) | F22: =IF(OR($A22="",$C22="",N($D22)=0),"",($D22-$C22)/$D22) | G22: Lấy từ đơn hàng cũ – CẦN ĐIỀN GIÁ GỐC
A23: Sổ tay da in logo | D23: 120000 | E23: =IF(OR($A23="",$C23=""),"",N($D23)-$C23) | F23: =IF(OR($A23="",$C23="",N($D23)=0),"",($D23-$C23)/$D23) | G23: Lấy từ đơn hàng cũ – CẦN ĐIỀN GIÁ GỐC
A24: gấu 2 loại | D24: 52000 | E24: =IF(OR($A24="",$C24=""),"",N($D24)-$C24) | F24: =IF(OR($A24="",$C24="",N($D24)=0),"",($D24-$C24)/$D24) | G24: Lấy từ đơn hàng cũ – CẦN ĐIỀN GIÁ GỐC
A25: gấu 30 cm nhà HT | D25: 55000 | E25: =IF(OR($A25="",$C25=""),"",N($D25)-$C25) | F25: =IF(OR($A25="",$C25="",N($D25)=0),"",($D25-$C25)/$D25) | G25: Lấy từ đơn hàng cũ – CẦN ĐIỀN GIÁ GỐC
A26: gấu 30 cm nâu in 2 mặt | D26: 47000 | E26: =IF(OR($A26="",$C26=""),"",N($D26)-$C26) | F26: =IF(OR($A26="",$C26="",N($D26)=0),"",($D26-$C26)/$D26) | G26: Lấy từ đơn hàng cũ – CẦN ĐIỀN GIÁ GỐC
A27: gấu 4 loại, mỗi loại 5 con | D27: 55000 | E27: =IF(OR($A27="",$C27=""),"",N($D27)-$C27) | F27: =IF(OR($A27="",$C27="",N($D27)=0),"",($D27-$C27)/$D27) | G27: Lấy từ đơn hàng cũ – CẦN ĐIỀN GIÁ GỐC
A28: gấu mẫu | D28: 250000 | E28: =IF(OR($A28="",$C28=""),"",N($D28)-$C28) | F28: =IF(OR($A28="",$C28="",N($D28)=0),"",($D28-$C28)/$D28) | G28: Lấy từ đơn hàng cũ – CẦN ĐIỀN GIÁ GỐC
A29: gấu ngồi lông mịn | D29: 58000 | E29: =IF(OR($A29="",$C29=""),"",N($D29)-$C29) | F29: =IF(OR($A29="",$C29="",N($D29)=0),"",($D29-$C29)/$D29) | G29: Lấy từ đơn hàng cũ – CẦN ĐIỀN GIÁ GỐC
A30: gấu ngồi lông mịn kèm mũ tn | D30: 48000 | E30: =IF(OR($A30="",$C30=""),"",N($D30)-$C30) | F30: =IF(OR($A30="",$C30="",N($D30)=0),"",($D30-$C30)/$D30) | G30: Lấy từ đơn hàng cũ – CẦN ĐIỀN GIÁ GỐC
... A44: móc khóa | D44: 29000 | E44: =IF(OR($A44="",$C44=""),"",N($D44)-$C44) | F44: =IF(OR($A44="",$C44="",N($D44)=0),"",($D44-$C44)/$D44) | G44: Lấy từ đơn hàng cũ – CẦN ĐIỀN GIÁ GỐC
A45: móc khóa (ko lấy nữa do lâu quá) | E45: =IF(OR($A45="",$C45=""),"",N($D45)-$C45) | F45: =IF(OR($A45="",$C45="",N($D45)=0),"",($D45-$C45)/$D45) | G45: Lấy từ đơn hàng cũ – CẦN ĐIỀN GIÁ GỐC
A46: mẫu gấu | D46: 140000 | E46: =IF(OR($A46="",$C46=""),"",N($D46)-$C46) | F46: =IF(OR($A46="",$C46="",N($D46)=0),"",($D46-$C46)/$D46) | G46: Lấy từ đơn hàng cũ – CẦN ĐIỀN GIÁ GỐC
E47: =IF(OR($A47="",$C47=""),"",N($D47)-$C47) | F47: =IF(OR($A47="",$C47="",N($D47)=0),"",($D47-$C47)/$D47)
E48: =IF(OR($A48="",$C48=""),"",N($D48)-$C48) | F48: =IF(OR($A48="",$C48="",N($D48)=0),"",($D48-$C48)/$D48)
E49: =IF(OR($A49="",$C49=""),"",N($D49)-$C49) | F49: =IF(OR($A49="",$C49="",N($D49)=0),"",($D49-$C49)/$D49)
E50: =IF(OR($A50="",$C50=""),"",N($D50)-$C50) | F50: =IF(OR($A50="",$C50="",N($D50)=0),"",($D50-$C50)/$D50)
E51: =IF(OR($A51="",$C51=""),"",N($D51)-$C51) | F51: =IF(OR($A51="",$C51="",N($D51)=0),"",($D51-$C51)/$D51)
E52: =IF(OR($A52="",$C52=""),"",N($D52)-$C52) | F52: =IF(OR($A52="",$C52="",N($D52)=0),"",($D52-$C52)/$D52)
E53: =IF(OR($A53="",$C53=""),"",N($D53)-$C53) | F53: =IF(OR($A53="",$C53="",N($D53)=0),"",($D53-$C53)/$D53)
E54: =IF(OR($A54="",$C54=""),"",N($D54)-$C54) | F54: =IF(OR($A54="",$C54="",N($D54)=0),"",($D54-$C54)/$D54)
E55: =IF(OR($A55="",$C55=""),"",N($D55)-$C55) | F55: =IF(OR($A55="",$C55="",N($D55)=0),"",($D55-$C55)/$D55)
E56: =IF(OR($A56="",$C56=""),"",N($D56)-$C56) | F56: =IF(OR($A56="",$C56="",N($D56)=0),"",($D56-$C56)/$D56)
E57: =IF(OR($A57="",$C57=""),"",N($D57)-$C57) | F57: =IF(OR($A57="",$C57="",N($D57)=0),"",($D57-$C57)/$D57)
E58: =IF(OR($A58="",$C58=""),"",N($D58)-$C58) | F58: =IF(OR($A58="",$C58="",N($D58)=0),"",($D58-$C58)/$D58)
... E254: =IF(OR($A254="",$C254=""),"",N($D254)-$C254) | F254: =IF(OR($A254="",$C254="",N($D254)=0),"",($D254-$C254)/$D254)

Sheet THÁNG 6
A1: THÁNG 6/2026 – NHẬP ĐƠN HÀNG & BÁO CÁO THÁNG
A2: Chỉ gõ Ô MÀU VÀNG. Chi phí khác của tháng nhập ở khối vàng bên phải (cột Z). Tiền hàng, VAT, còn nợ, giá vốn, lãi lỗ đều tự tính.
A3: SỐ ĐƠN HÀNG | D3: =COUNTIFS($C$10:$C$159,"?*",$L$10:$L$159,">0") -> 3 | F3: DOANH THU TIỀN HÀNG (chưa VAT) (đ) | I3: =SUM($L$10:$L$159) -> 21500000 | L3: CHI PHÍ – GIÁ VỐN HÀNG BÁN (đ) | P3: =SUM($T$10:$T$159) -> 0 | Z3: CHI PHÍ KHÁC TRONG THÁNG 6 (NHẬP TAY)
A4: SỐ KHÁCH HÀNG | D4: =IF(COUNTA($C$10:$C$159)=0,0,SUMPRODUCT(($C$10:$C$159<>"")/COUNTIF($C$10:$C$159,$C$10:$C$159&""))) -> 3 | F4: TIỀN VAT (đ) | I4: =SUM($O$10:$O$159) -> 0 | L4: CHI PHÍ KHÁC TRONG THÁNG (đ) | P4: =SUM($AC$5:$AC$24) -> 0 | Z4: NGÀY | AA4: LOẠI CHI PHÍ | AB4: NỘI DUNG | AC4: SỐ TIỀN (đ) | AD4: GHI CHÚ
A5: SỐ ĐƠN ĐÃ THU ĐỦ | D5: =COUNTIFS($P$10:$P$159,">0",$R$10:$R$159,"<=0") -> 2 | F5: TỔNG PHẢI THU (gồm VAT) (đ) | I5: =SUM($P$10:$P$159) -> 21500000 | L5: TỔNG CHI PHÍ THÁNG (đ) | P5: =$P3+$P4 -> 0
A6: SỐ ĐƠN CÒN NỢ | D6: =COUNTIF($R$10:$R$159,">0") -> 1 | F6: TIỀN HÀNG ĐÃ THANH TOÁN (đ) | I6: =SUM($Q$10:$Q$159) -> 15500000 | L6: LÃI / LỖ THỰC CỦA THÁNG (đ) | P6: =$I3-$P5 -> 21500000
A7: % ĐÃ THU | D7: =IF($I5=0,"",$I6/$I5) -> 0.72093023 | F7: TIỀN HÀNG CHƯA THANH TOÁN (đ) | I7: =SUM($R$10:$R$159) -> 6000000 | L7: % LÃI THỰC | P7: =IF($I3=0,"",$P6/$I3) -> 1
A8: =IF(SUMPRODUCT(($H$10:$H$159<>"")*($J$10:$J$159=""))=0,"✔ Mọi đơn trong tháng đã có GIÁ GỐC – số liệu lãi lỗ đầy đủ.","⚠ CÓ "&SUMPRODUCT(($H$10:$H$159<>"")*($J$10:$J$159=""))&" ĐƠN CHƯA KHAI GIÁ GỐC → GIÁ VỐN và LÃI/LỖ của tháng CHƯA ĐỦ. Vào sheet BẢNG GIÁ GỐC điền cột GIÁ GỐC/SP.") -> ⚠ CÓ 3 ĐƠN CHƯA KHAI GIÁ GỐC → GIÁ VỐN và LÃI/LỖ của tháng CHƯA ĐỦ. Vào sheet BẢNG GIÁ GỐC điền cột GIÁ GỐC/SP.
A9: STT | B9: NGÀY ĐẶT | C9: TÊN KHÁCH HÀNG | D9: SỐ ĐIỆN THOẠI | E9: CÔNG TY (nếu có) | F9: MÃ SỐ THUẾ | G9: ĐỊA CHỈ GIAO HÀNG | H9: TÊN SẢN PHẨM | I9: SỐ LƯỢNG | J9: GIÁ GỐC / SP (đ) | K9: GIÁ BÁN / SP (đ) (chưa VAT) | L9: TIỀN HÀNG (đ) | M9: LẤY VAT? | N9: THUẾ SUẤT | O9: TIỀN VAT (đ) | P9: TỔNG PHẢI THU (đ) | Q9: ĐÃ THANH TOÁN (đ) | R9: CÒN NỢ (đ) | S9: TÌNH TRẠNG | T9: TỔNG VỐN (đ) | U9: LÃI / LỖ (đ) | V9: % LÃI | W9: GHI CHÚ | X9: CẢNH BÁO
A10: =IF($C10="","",COUNTA($C$10:$C10)) -> 1 | B10: 46176 | C10: Nguyễn Văn An | D10: 0901234567 | E10: Công ty TNHH Thương Mại ABC | F10: 0312345678 | G10: 12 Nguyễn Trãi, Thanh Xuân, Hà Nội | H10: Bình giữ nhiệt in logo | I10: 100 | J10: =IF($H10="","",IFERROR(VLOOKUP($H10,'BẢNG GIÁ GỐC'!$A$5:$D$254,3,FALSE()),"")) -> 0 | K10: 85000 | L10: =IF($C10="","",N($I10)*N($K10)) -> 8500000 | M10: Không lấy VAT | N10: =IF($C10="","",IF($M10="VAT 5%",0.05,IF($M10="VAT 8%",0.08,IF($M10="VAT 10%",0.1,0)))) -> 0 | O10: =IF($C10="","",$L10*$N10) -> 0 | P10: =IF($C10="","",$L10+$O10) -> 8500000 | Q10: 8500000 | R10: =IF($C10="","",MAX(0,$P10-N($Q10))) -> 0 | S10: =IF(OR($C10="",$P10=0),"",IF(N($Q10)<=0,"Chưa thanh toán",IF(N($Q10)<$P10,"Thanh toán một phần","Đã thanh toán"))) -> Đã thanh toán | T10: =IF(OR($C10="",$J10=""),"",N($I10)*$J10) | U10: =IF(OR($C10="",$T10=""),"",$L10-$T10) | V10: =IF(OR($U10="",$L10=0),"",$U10/$L10) | W10: Giao đợt 1 (VÍ DỤ MẪU) | chuyển từ Tháng 6 dòng 10 | X10: =IF($C10="","",IF(AND($H10="",N($I10)=0,N($K10)=0),"Dòng chỉ lưu thông tin khách (chưa có đơn); ",IF($B10="","Thiếu ngày đặt; ","")&IF($H10="","Thiếu tên sản phẩm; ",IF($J10="","Chưa khai GIÁ GỐC ở BẢNG GIÁ GỐC; ",""))&IF(N($I10)<=0,"Thiếu số lượng; ","")&IF(N($K10)<=0,"Thiếu giá bán; ","")&IF(AND($N10>0,$F10=""),"Khách lấy VAT thiếu mã số thuế; ","")&IF(N($Q10)>$P10,"Đã thu vượt tổng phải thu; ","")&IF(AND($L10>0,$U10<>"",$U10<0),"CẢNH BÁO: ĐƠN NÀY ĐANG LỖ; ",""))) -> Chưa khai GIÁ GỐC ở BẢNG GIÁ GỐC;
A11: =IF($C11="","",COUNTA($C$10:$C11)) -> 2 | B11: 46183 | C11: Trần Thị Bích | D11: 0987654321 | E11: Công ty CP Đầu Tư XYZ | F11: 0109876543 | G11: 45 Lê Lợi, Quận 1, TP.HCM | H11: Sổ tay da in logo | I11: 50 | J11: =IF($H11="","",IFERROR(VLOOKUP($H11,'BẢNG GIÁ GỐC'!$A$5:$D$254,3,FALSE()),"")) -> 0 | K11: 120000 | L11: =IF($C11="","",N($I11)*N($K11)) -> 6000000 | M11: Không lấy VAT | N11: =IF($C11="","",IF($M11="VAT 5%",0.05,IF($M11="VAT 8%",0.08,IF($M11="VAT 10%",0.1,0)))) -> 0 | O11: =IF($C11="","",$L11*$N11) -> 0 | P11: =IF($C11="","",$L11+$O11) -> 6000000 | Q11: 0 | R11: =IF($C11="","",MAX(0,$P11-N($Q11))) -> 6000000 | S11: =IF(OR($C11="",$P11=0),"",IF(N($Q11)<=0,"Chưa thanh toán",IF(N($Q11)<$P11,"Thanh toán một phần","Đã thanh toán"))) -> Chưa thanh toán | T11: =IF(OR($C11="",$J11=""),"",N($I11)*$J11) | U11: =IF(OR($C11="",$T11=""),"",$L11-$T11) | V11: =IF(OR($U11="",$L11=0),"",$U11/$L11) | W11: (VÍ DỤ MẪU) | chuyển từ Tháng 6 dòng 92 | X11: =IF($C11="","",IF(AND($H11="",N($I11)=0,N($K11)=0),"Dòng chỉ lưu thông tin khách (chưa có đơn); ",IF($B11="","Thiếu ngày đặt; ","")&IF($H11="","Thiếu tên sản phẩm; ",IF($J11="","Chưa khai GIÁ GỐC ở BẢNG GIÁ GỐC; ",""))&IF(N($I11)<=0,"Thiếu số lượng; ","")&IF(N($K11)<=0,"Thiếu giá bán; ","")&IF(AND($N11>0,$F11=""),"Khách lấy VAT thiếu mã số thuế; ","")&IF(N($Q11)>$P11,"Đã thu vượt tổng phải thu; ","")&IF(AND($L11>0,$U11<>"",$U11<0),"CẢNH BÁO: ĐƠN NÀY ĐANG LỖ; ",""))) -> Chưa khai GIÁ GỐC ở BẢNG GIÁ GỐC;
A12: =IF($C12="","",COUNTA($C$10:$C12)) -> 3 | B12: 46188 | C12: Lê Minh Cường | D12: 0912345678 | E12: Công ty TNHH DEF | F12: 0301122334 | G12: 88 Trần Phú, Hải Châu, Đà Nẵng | H12: Bút ký khắc tên | I12: 200 | J12: =IF($H12="","",IFERROR(VLOOKUP($H12,'BẢNG GIÁ GỐC'!$A$5:$D$254,3,FALSE()),"")) -> 0 | K12: 35000 | L12: =IF($C12="","",N($I12)*N($K12)) -> 7000000 | M12: Không lấy VAT | N12: =IF($C12="","",IF($M12="VAT 5%",0.05,IF($M12="VAT 8%",0.08,IF($M12="VAT 10%",0.1,0)))) -> 0 | O12: =IF($C12="","",$L12*$N12) -> 0 | P12: =IF($C12="","",$L12+$O12) -> 7000000 | Q12: 7000000 | R12: =IF($C12="","",MAX(0,$P12-N($Q12))) -> 0 | S12: =IF(OR($C12="",$P12=0),"",IF(N($Q12)<=0,"Chưa thanh toán",IF(N($Q12)<$P12,"Thanh toán một phần","Đã thanh toán"))) -> Đã thanh toán | T12: =IF(OR($C12="",$J12=""),"",N($I12)*$J12) | U12: =IF(OR($C12="",$T12=""),"",$L12-$T12) | V12: =IF(OR($U12="",$L12=0),"",$U12/$L12) | W12: Khách quen (VÍ DỤ MẪU) | chuyển từ Tháng 6 dòng 174 | X12: =IF($C12="","",IF(AND($H12="",N($I12)=0,N($K12)=0),"Dòng chỉ lưu thông tin khách (chưa có đơn); ",IF($B12="","Thiếu ngày đặt; ","")&IF($H12="","Thiếu tên sản phẩm; ",IF($J12="","Chưa khai GIÁ GỐC ở BẢNG GIÁ GỐC; ",""))&IF(N($I12)<=0,"Thiếu số lượng; ","")&IF(N($K12)<=0,"Thiếu giá bán; ","")&IF(AND($N12>0,$F12=""),"Khách lấy VAT thiếu mã số thuế; ","")&IF(N($Q12)>$P12,"Đã thu vượt tổng phải thu; ","")&IF(AND($L12>0,$U12<>"",$U12<0),"CẢNH BÁO: ĐƠN NÀY ĐANG LỖ; ",""))) -> Chưa khai GIÁ GỐC ở BẢNG GIÁ GỐC;
A13: =IF($C13="","",COUNTA($C$10:$C13)) | J13: =IF($H13="","",IFERROR(VLOOKUP($H13,'BẢNG GIÁ GỐC'!$A$5:$D$254,3,FALSE()),"")) | L13: =IF($C13="","",N($I13)*N($K13)) | N13: =IF($C13="","",IF($M13="VAT 5%",0.05,IF($M13="VAT 8%",0.08,IF($M13="VAT 10%",0.1,0)))) | O13: =IF($C13="","",$L13*$N13) | P13: =IF($C13="","",$L13+$O13) | R13: =IF($C13="","",MAX(0,$P13-N($Q13))) | S13: =IF(OR($C13="",$P13=0),"",IF(N($Q13)<=0,"Chưa thanh toán",IF(N($Q13)<$P13,"Thanh toán một phần","Đã thanh toán"))) | T13: =IF(OR($C13="",$J13=""),"",N($I13)*$J13) | U13: =IF(OR($C13="",$T13=""),"",$L13-$T13) | V13: =IF(OR($U13="",$L13=0),"",$U13/$L13) | X13: =IF($C13="","",IF(AND($H13="",N($I13)=0,N($K13)=0),"Dòng chỉ lưu thông tin khách (chưa có đơn); ",IF($B13="","Thiếu ngày đặt; ","")&IF($H13="","Thiếu tên sản phẩm; ",IF($J13="","Chưa khai GIÁ GỐC ở BẢNG GIÁ GỐC; ",""))&IF(N($I13)<=0,"Thiếu số lượng; ","")&IF(N($K13)<=0,"Thiếu giá bán; ","")&IF(AND($N13>0,$F13=""),"Khách lấy VAT thiếu mã số thuế; ","")&IF(N($Q13)>$P13,"Đã thu vượt tổng phải thu; ","")&IF(AND($L13>0,$U13<>"",$U13<0),"CẢNH BÁO: ĐƠN NÀY ĐANG LỖ; ","")))
A14: =IF($C14="","",COUNTA($C$10:$C14)) | J14: =IF($H14="","",IFERROR(VLOOKUP($H14,'BẢNG GIÁ GỐC'!$A$5:$D$254,3,FALSE()),"")) | L14: =IF($C14="","",N($I14)*N($K14)) | N14: =IF($C14="","",IF($M14="VAT 5%",0.05,IF($M14="VAT 8%",0.08,IF($M14="VAT 10%",0.1,0)))) | O14: =IF($C14="","",$L14*$N14) | P14: =IF($C14="","",$L14+$O14) | R14: =IF($C14="","",MAX(0,$P14-N($Q14))) | S14: =IF(OR($C14="",$P14=0),"",IF(N($Q14)<=0,"Chưa thanh toán",IF(N($Q14)<$P14,"Thanh toán một phần","Đã thanh toán"))) | T14: =IF(OR($C14="",$J14=""),"",N($I14)*$J14) | U14: =IF(OR($C14="",$T14=""),"",$L14-$T14) | V14: =IF(OR($U14="",$L14=0),"",$U14/$L14) | X14: =IF($C14="","",IF(AND($H14="",N($I14)=0,N($K14)=0),"Dòng chỉ lưu thông tin khách (chưa có đơn); ",IF($B14="","Thiếu ngày đặt; ","")&IF($H14="","Thiếu tên sản phẩm; ",IF($J14="","Chưa khai GIÁ GỐC ở BẢNG GIÁ GỐC; ",""))&IF(N($I14)<=0,"Thiếu số lượng; ","")&IF(N($K14)<=0,"Thiếu giá bán; ","")&IF(AND($N14>0,$F14=""),"Khách lấy VAT thiếu mã số thuế; ","")&IF(N($Q14)>$P14,"Đã thu vượt tổng phải thu; ","")&IF(AND($L14>0,$U14<>"",$U14<0),"CẢNH BÁO: ĐƠN NÀY ĐANG LỖ; ","")))
A15: =IF($C15="","",COUNTA($C$10:$C15)) | J15: =IF($H15="","",IFERROR(VLOOKUP($H15,'BẢNG GIÁ GỐC'!$A$5:$D$254,3,FALSE()),"")) | L15: =IF($C15="","",N($I15)*N($K15)) | N15: =IF($C15="","",IF($M15="VAT 5%",0.05,IF($M15="VAT 8%",0.08,IF($M15="VAT 10%",0.1,0)))) | O15: =IF($C15="","",$L15*$N15) | P15: =IF($C15="","",$L15+$O15) | R15: =IF($C15="","",MAX(0,$P15-N($Q15))) | S15: =IF(OR($C15="",$P15=0),"",IF(N($Q15)<=0,"Chưa thanh toán",IF(N($Q15)<$P15,"Thanh toán một phần","Đã thanh toán"))) | T15: =IF(OR($C15="",$J15=""),"",N($I15)*$J15) | U15: =IF(OR($C15="",$T15=""),"",$L15-$T15) | V15: =IF(OR($U15="",$L15=0),"",$U15/$L15) | X15: =IF($C15="","",IF(AND($H15="",N($I15)=0,N($K15)=0),"Dòng chỉ lưu thông tin khách (chưa có đơn); ",IF($B15="","Thiếu ngày đặt; ","")&IF($H15="","Thiếu tên sản phẩm; ",IF($J15="","Chưa khai GIÁ GỐC ở BẢNG GIÁ GỐC; ",""))&IF(N($I15)<=0,"Thiếu số lượng; ","")&IF(N($K15)<=0,"Thiếu giá bán; ","")&IF(AND($N15>0,$F15=""),"Khách lấy VAT thiếu mã số thuế; ","")&IF(N($Q15)>$P15,"Đã thu vượt tổng phải thu; ","")&IF(AND($L15>0,$U15<>"",$U15<0),"CẢNH BÁO: ĐƠN NÀY ĐANG LỖ; ","")))
A16: =IF($C16="","",COUNTA($C$10:$C16)) | J16: =IF($H16="","",IFERROR(VLOOKUP($H16,'BẢNG GIÁ GỐC'!$A$5:$D$254,3,FALSE()),"")) | L16: =IF($C16="","",N($I16)*N($K16)) | N16: =IF($C16="","",IF($M16="VAT 5%",0.05,IF($M16="VAT 8%",0.08,IF($M16="VAT 10%",0.1,0)))) | O16: =IF($C16="","",$L16*$N16) | P16: =IF($C16="","",$L16+$O16) | R16: =IF($C16="","",MAX(0,$P16-N($Q16))) | S16: =IF(OR($C16="",$P16=0),"",IF(N($Q16)<=0,"Chưa thanh toán",IF(N($Q16)<$P16,"Thanh toán một phần","Đã thanh toán"))) | T16: =IF(OR($C16="",$J16=""),"",N($I16)*$J16) | U16: =IF(OR($C16="",$T16=""),"",$L16-$T16) | V16: =IF(OR($U16="",$L16=0),"",$U16/$L16) | X16: =IF($C16="","",IF(AND($H16="",N($I16)=0,N($K16)=0),"Dòng chỉ lưu thông tin khách (chưa có đơn); ",IF($B16="","Thiếu ngày đặt; ","")&IF($H16="","Thiếu tên sản phẩm; ",IF($J16="","Chưa khai GIÁ GỐC ở BẢNG GIÁ GỐC; ",""))&IF(N($I16)<=0,"Thiếu số lượng; ","")&IF(N($K16)<=0,"Thiếu giá bán; ","")&IF(AND($N16>0,$F16=""),"Khách lấy VAT thiếu mã số thuế; ","")&IF(N($Q16)>$P16,"Đã thu vượt tổng phải thu; ","")&IF(AND($L16>0,$U16<>"",$U16<0),"CẢNH BÁO: ĐƠN NÀY ĐANG LỖ; ","")))
A17: =IF($C17="","",COUNTA($C$10:$C17)) | J17: =IF($H17="","",IFERROR(VLOOKUP($H17,'BẢNG GIÁ GỐC'!$A$5:$D$254,3,FALSE()),"")) | L17: =IF($C17="","",N($I17)*N($K17)) | N17: =IF($C17="","",IF($M17="VAT 5%",0.05,IF($M17="VAT 8%",0.08,IF($M17="VAT 10%",0.1,0)))) | O17: =IF($C17="","",$L17*$N17) | P17: =IF($C17="","",$L17+$O17) | R17: =IF($C17="","",MAX(0,$P17-N($Q17))) | S17: =IF(OR($C17="",$P17=0),"",IF(N($Q17)<=0,"Chưa thanh toán",IF(N($Q17)<$P17,"Thanh toán một phần","Đã thanh toán"))) | T17: =IF(OR($C17="",$J17=""),"",N($I17)*$J17) | U17: =IF(OR($C17="",$T17=""),"",$L17-$T17) | V17: =IF(OR($U17="",$L17=0),"",$U17/$L17) | X17: =IF($C17="","",IF(AND($H17="",N($I17)=0,N($K17)=0),"Dòng chỉ lưu thông tin khách (chưa có đơn); ",IF($B17="","Thiếu ngày đặt; ","")&IF($H17="","Thiếu tên sản phẩm; ",IF($J17="","Chưa khai GIÁ GỐC ở BẢNG GIÁ GỐC; ",""))&IF(N($I17)<=0,"Thiếu số lượng; ","")&IF(N($K17)<=0,"Thiếu giá bán; ","")&IF(AND($N17>0,$F17=""),"Khách lấy VAT thiếu mã số thuế; ","")&IF(N($Q17)>$P17,"Đã thu vượt tổng phải thu; ","")&IF(AND($L17>0,$U17<>"",$U17<0),"CẢNH BÁO: ĐƠN NÀY ĐANG LỖ; ","")))
A18: =IF($C18="","",COUNTA($C$10:$C18)) | J18: =IF($H18="","",IFERROR(VLOOKUP($H18,'BẢNG GIÁ GỐC'!$A$5:$D$254,3,FALSE()),"")) | L18: =IF($C18="","",N($I18)*N($K18)) | N18: =IF($C18="","",IF($M18="VAT 5%",0.05,IF($M18="VAT 8%",0.08,IF($M18="VAT 10%",0.1,0)))) | O18: =IF($C18="","",$L18*$N18) | P18: =IF($C18="","",$L18+$O18) | R18: =IF($C18="","",MAX(0,$P18-N($Q18))) | S18: =IF(OR($C18="",$P18=0),"",IF(N($Q18)<=0,"Chưa thanh toán",IF(N($Q18)<$P18,"Thanh toán một phần","Đã thanh toán"))) | T18: =IF(OR($C18="",$J18=""),"",N($I18)*$J18) | U18: =IF(OR($C18="",$T18=""),"",$L18-$T18) | V18: =IF(OR($U18="",$L18=0),"",$U18/$L18) | X18: =IF($C18="","",IF(AND($H18="",N($I18)=0,N($K18)=0),"Dòng chỉ lưu thông tin khách (chưa có đơn); ",IF($B18="","Thiếu ngày đặt; ","")&IF($H18="","Thiếu tên sản phẩm; ",IF($J18="","Chưa khai GIÁ GỐC ở BẢNG GIÁ GỐC; ",""))&IF(N($I18)<=0,"Thiếu số lượng; ","")&IF(N($K18)<=0,"Thiếu giá bán; ","")&IF(AND($N18>0,$F18=""),"Khách lấy VAT thiếu mã số thuế; ","")&IF(N($Q18)>$P18,"Đã thu vượt tổng phải thu; ","")&IF(AND($L18>0,$U18<>"",$U18<0),"CẢNH BÁO: ĐƠN NÀY ĐANG LỖ; ","")))
A19: =IF($C19="","",COUNTA($C$10:$C19)) | J19: =IF($H19="","",IFERROR(VLOOKUP($H19,'BẢNG GIÁ GỐC'!$A$5:$D$254,3,FALSE()),"")) | L19: =IF($C19="","",N($I19)*N($K19)) | N19: =IF($C19="","",IF($M19="VAT 5%",0.05,IF($M19="VAT 8%",0.08,IF($M19="VAT 10%",0.1,0)))) | O19: =IF($C19="","",$L19*$N19) | P19: =IF($C19="","",$L19+$O19) | R19: =IF($C19="","",MAX(0,$P19-N($Q19))) | S19: =IF(OR($C19="",$P19=0),"",IF(N($Q19)<=0,"Chưa thanh toán",IF(N($Q19)<$P19,"Thanh toán một phần","Đã thanh toán"))) | T19: =IF(OR($C19="",$J19=""),"",N($I19)*$J19) | U19: =IF(OR($C19="",$T19=""),"",$L19-$T19) | V19: =IF(OR($U19="",$L19=0),"",$U19/$L19) | X19: =IF($C19="","",IF(AND($H19="",N($I19)=0,N($K19)=0),"Dòng chỉ lưu thông tin khách (chưa có đơn); ",IF($B19="","Thiếu ngày đặt; ","")&IF($H19="","Thiếu tên sản phẩm; ",IF($J19="","Chưa khai GIÁ GỐC ở BẢNG GIÁ GỐC; ",""))&IF(N($I19)<=0,"Thiếu số lượng; ","")&IF(N($K19)<=0,"Thiếu giá bán; ","")&IF(AND($N19>0,$F19=""),"Khách lấy VAT thiếu mã số thuế; ","")&IF(N($Q19)>$P19,"Đã thu vượt tổng phải thu; ","")&IF(AND($L19>0,$U19<>"",$U19<0),"CẢNH BÁO: ĐƠN NÀY ĐANG LỖ; ","")))
A20: =IF($C20="","",COUNTA($C$10:$C20)) | J20: =IF($H20="","",IFERROR(VLOOKUP($H20,'BẢNG GIÁ GỐC'!$A$5:$D$254,3,FALSE()),"")) | L20: =IF($C20="","",N($I20)*N($K20)) | N20: =IF($C20="","",IF($M20="VAT 5%",0.05,IF($M20="VAT 8%",0.08,IF($M20="VAT 10%",0.1,0)))) | O20: =IF($C20="","",$L20*$N20) | P20: =IF($C20="","",$L20+$O20) | R20: =IF($C20="","",MAX(0,$P20-N($Q20))) | S20: =IF(OR($C20="",$P20=0),"",IF(N($Q20)<=0,"Chưa thanh toán",IF(N($Q20)<$P20,"Thanh toán một phần","Đã thanh toán"))) | T20: =IF(OR($C20="",$J20=""),"",N($I20)*$J20) | U20: =IF(OR($C20="",$T20=""),"",$L20-$T20) | V20: =IF(OR($U20="",$L20=0),"",$U20/$L20) | X20: =IF($C20="","",IF(AND($H20="",N($I20)=0,N($K20)=0),"Dòng chỉ lưu thông tin khách (chưa có đơn); ",IF($B20="","Thiếu ngày đặt; ","")&IF($H20="","Thiếu tên sản phẩm; ",IF($J20="","Chưa khai GIÁ GỐC ở BẢNG GIÁ GỐC; ",""))&IF(N($I20)<=0,"Thiếu số lượng; ","")&IF(N($K20)<=0,"Thiếu giá bán; ","")&IF(AND($N20>0,$F20=""),"Khách lấy VAT thiếu mã số thuế; ","")&IF(N($Q20)>$P20,"Đã thu vượt tổng phải thu; ","")&IF(AND($L20>0,$U20<>"",$U20<0),"CẢNH BÁO: ĐƠN NÀY ĐANG LỖ; ","")))
A21: =IF($C21="","",COUNTA($C$10:$C21)) | J21: =IF($H21="","",IFERROR(VLOOKUP($H21,'BẢNG GIÁ GỐC'!$A$5:$D$254,3,FALSE()),"")) | L21: =IF($C21="","",N($I21)*N($K21)) | N21: =IF($C21="","",IF($M21="VAT 5%",0.05,IF($M21="VAT 8%",0.08,IF($M21="VAT 10%",0.1,0)))) | O21: =IF($C21="","",$L21*$N21) | P21: =IF($C21="","",$L21+$O21) | R21: =IF($C21="","",MAX(0,$P21-N($Q21))) | S21: =IF(OR($C21="",$P21=0),"",IF(N($Q21)<=0,"Chưa thanh toán",IF(N($Q21)<$P21,"Thanh toán một phần","Đã thanh toán"))) | T21: =IF(OR($C21="",$J21=""),"",N($I21)*$J21) | U21: =IF(OR($C21="",$T21=""),"",$L21-$T21) | V21: =IF(OR($U21="",$L21=0),"",$U21/$L21) | X21: =IF($C21="","",IF(AND($H21="",N($I21)=0,N($K21)=0),"Dòng chỉ lưu thông tin khách (chưa có đơn); ",IF($B21="","Thiếu ngày đặt; ","")&IF($H21="","Thiếu tên sản phẩm; ",IF($J21="","Chưa khai GIÁ GỐC ở BẢNG GIÁ GỐC; ",""))&IF(N($I21)<=0,"Thiếu số lượng; ","")&IF(N($K21)<=0,"Thiếu giá bán; ","")&IF(AND($N21>0,$F21=""),"Khách lấy VAT thiếu mã số thuế; ","")&IF(N($Q21)>$P21,"Đã thu vượt tổng phải thu; ","")&IF(AND($L21>0,$U21<>"",$U21<0),"CẢNH BÁO: ĐƠN NÀY ĐANG LỖ; ","")))
A22: =IF($C22="","",COUNTA($C$10:$C22)) | J22: =IF($H22="","",IFERROR(VLOOKUP($H22,'BẢNG GIÁ GỐC'!$A$5:$D$254,3,FALSE()),"")) | L22: =IF($C22="","",N($I22)*N($K22)) | N22: =IF($C22="","",IF($M22="VAT 5%",0.05,IF($M22="VAT 8%",0.08,IF($M22="VAT 10%",0.1,0)))) | O22: =IF($C22="","",$L22*$N22) | P22: =IF($C22="","",$L22+$O22) | R22: =IF($C22="","",MAX(0,$P22-N($Q22))) | S22: =IF(OR($C22="",$P22=0),"",IF(N($Q22)<=0,"Chưa thanh toán",IF(N($Q22)<$P22,"Thanh toán một phần","Đã thanh toán"))) | T22: =IF(OR($C22="",$J22=""),"",N($I22)*$J22) | U22: =IF(OR($C22="",$T22=""),"",$L22-$T22) | V22: =IF(OR($U22="",$L22=0),"",$U22/$L22) | X22: =IF($C22="","",IF(AND($H22="",N($I22)=0,N($K22)=0),"Dòng chỉ lưu thông tin khách (chưa có đơn); ",IF($B22="","Thiếu ngày đặt; ","")&IF($H22="","Thiếu tên sản phẩm; ",IF($J22="","Chưa khai GIÁ GỐC ở BẢNG GIÁ GỐC; ",""))&IF(N($I22)<=0,"Thiếu số lượng; ","")&IF(N($K22)<=0,"Thiếu giá bán; ","")&IF(AND($N22>0,$F22=""),"Khách lấy VAT thiếu mã số thuế; ","")&IF(N($Q22)>$P22,"Đã thu vượt tổng phải thu; ","")&IF(AND($L22>0,$U22<>"",$U22<0),"CẢNH BÁO: ĐƠN NÀY ĐANG LỖ; ","")))
A23: =IF($C23="","",COUNTA($C$10:$C23)) | J23: =IF($H23="","",IFERROR(VLOOKUP($H23,'BẢNG GIÁ GỐC'!$A$5:$D$254,3,FALSE()),"")) | L23: =IF($C23="","",N($I23)*N($K23)) | N23: =IF($C23="","",IF($M23="VAT 5%",0.05,IF($M23="VAT 8%",0.08,IF($M23="VAT 10%",0.1,0)))) | O23: =IF($C23="","",$L23*$N23) | P23: =IF($C23="","",$L23+$O23) | R23: =IF($C23="","",MAX(0,$P23-N($Q23))) | S23: =IF(OR($C23="",$P23=0),"",IF(N($Q23)<=0,"Chưa thanh toán",IF(N($Q23)<$P23,"Thanh toán một phần","Đã thanh toán"))) | T23: =IF(OR($C23="",$J23=""),"",N($I23)*$J23) | U23: =IF(OR($C23="",$T23=""),"",$L23-$T23) | V23: =IF(OR($U23="",$L23=0),"",$U23/$L23) | X23: =IF($C23="","",IF(AND($H23="",N($I23)=0,N($K23)=0),"Dòng chỉ lưu thông tin khách (chưa có đơn); ",IF($B23="","Thiếu ngày đặt; ","")&IF($H23="","Thiếu tên sản phẩm; ",IF($J23="","Chưa khai GIÁ GỐC ở BẢNG GIÁ GỐC; ",""))&IF(N($I23)<=0,"Thiếu số lượng; ","")&IF(N($K23)<=0,"Thiếu giá bán; ","")&IF(AND($N23>0,$F23=""),"Khách lấy VAT thiếu mã số thuế; ","")&IF(N($Q23)>$P23,"Đã thu vượt tổng phải thu; ","")&IF(AND($L23>0,$U23<>"",$U23<0),"CẢNH BÁO: ĐƠN NÀY ĐANG LỖ; ","")))
A24: =IF($C24="","",COUNTA($C$10:$C24)) | J24: =IF($H24="","",IFERROR(VLOOKUP($H24,'BẢNG GIÁ GỐC'!$A$5:$D$254,3,FALSE()),"")) | L24: =IF($C24="","",N($I24)*N($K24)) | N24: =IF($C24="","",IF($M24="VAT 5%",0.05,IF($M24="VAT 8%",0.08,IF($M24="VAT 10%",0.1,0)))) | O24: =IF($C24="","",$L24*$N24) | P24: =IF($C24="","",$L24+$O24) | R24: =IF($C24="","",MAX(0,$P24-N($Q24))) | S24: =IF(OR($C24="",$P24=0),"",IF(N($Q24)<=0,"Chưa thanh toán",IF(N($Q24)<$P24,"Thanh toán một phần","Đã thanh toán"))) | T24: =IF(OR($C24="",$J24=""),"",N($I24)*$J24) | U24: =IF(OR($C24="",$T24=""),"",$L24-$T24) | V24: =IF(OR($U24="",$L24=0),"",$U24/$L24) | X24: =IF($C24="","",IF(AND($H24="",N($I24)=0,N($K24)=0),"Dòng chỉ lưu thông tin khách (chưa có đơn); ",IF($B24="","Thiếu ngày đặt; ","")&IF($H24="","Thiếu tên sản phẩm; ",IF($J24="","Chưa khai GIÁ GỐC ở BẢNG GIÁ GỐC; ",""))&IF(N($I24)<=0,"Thiếu số lượng; ","")&IF(N($K24)<=0,"Thiếu giá bán; ","")&IF(AND($N24>0,$F24=""),"Khách lấy VAT thiếu mã số thuế; ","")&IF(N($Q24)>$P24,"Đã thu vượt tổng phải thu; ","")&IF(AND($L24>0,$U24<>"",$U24<0),"CẢNH BÁO: ĐƠN NÀY ĐANG LỖ; ","")))
A25: =IF($C25="","",COUNTA($C$10:$C25)) | J25: =IF($H25="","",IFERROR(VLOOKUP($H25,'BẢNG GIÁ GỐC'!$A$5:$D$254,3,FALSE()),"")) | L25: =IF($C25="","",N($I25)*N($K25)) | N25: =IF($C25="","",IF($M25="VAT 5%",0.05,IF($M25="VAT 8%",0.08,IF($M25="VAT 10%",0.1,0)))) | O25: =IF($C25="","",$L25*$N25) | P25: =IF($C25="","",$L25+$O25) | R25: =IF($C25="","",MAX(0,$P25-N($Q25))) | S25: =IF(OR($C25="",$P25=0),"",IF(N($Q25)<=0,"Chưa thanh toán",IF(N($Q25)<$P25,"Thanh toán một phần","Đã thanh toán"))) | T25: =IF(OR($C25="",$J25=""),"",N($I25)*$J25) | U25: =IF(OR($C25="",$T25=""),"",$L25-$T25) | V25: =IF(OR($U25="",$L25=0),"",$U25/$L25) | X25: =IF($C25="","",IF(AND($H25="",N($I25)=0,N($K25)=0),"Dòng chỉ lưu thông tin khách (chưa có đơn); ",IF($B25="","Thiếu ngày đặt; ","")&IF($H25="","Thiếu tên sản phẩm; ",IF($J25="","Chưa khai GIÁ GỐC ở BẢNG GIÁ GỐC; ",""))&IF(N($I25)<=0,"Thiếu số lượng; ","")&IF(N($K25)<=0,"Thiếu giá bán; ","")&IF(AND($N25>0,$F25=""),"Khách lấy VAT thiếu mã số thuế; ","")&IF(N($Q25)>$P25,"Đã thu vượt tổng phải thu; ","")&IF(AND($L25>0,$U25<>"",$U25<0),"CẢNH BÁO: ĐƠN NÀY ĐANG LỖ; ",""))) | Z25: TỔNG CHI PHÍ KHÁC | AC25: =SUM(AC5:AC24) -> 0
A26: =IF($C26="","",COUNTA($C$10:$C26)) | J26: =IF($H26="","",IFERROR(VLOOKUP($H26,'BẢNG GIÁ GỐC'!$A$5:$D$254,3,FALSE()),"")) | L26: =IF($C26="","",N($I26)*N($K26)) | N26: =IF($C26="","",IF($M26="VAT 5%",0.05,IF($M26="VAT 8%",0.08,IF($M26="VAT 10%",0.1,0)))) | O26: =IF($C26="","",$L26*$N26) | P26: =IF($C26="","",$L26+$O26) | R26: =IF($C26="","",MAX(0,$P26-N($Q26))) | S26: =IF(OR($C26="",$P26=0),"",IF(N($Q26)<=0,"Chưa thanh toán",IF(N($Q26)<$P26,"Thanh toán một phần","Đã thanh toán"))) | T26: =IF(OR($C26="",$J26=""),"",N($I26)*$J26) | U26: =IF(OR($C26="",$T26=""),"",$L26-$T26) | V26: =IF(OR($U26="",$L26=0),"",$U26/$L26) | X26: =IF($C26="","",IF(AND($H26="",N($I26)=0,N($K26)=0),"Dòng chỉ lưu thông tin khách (chưa có đơn); ",IF($B26="","Thiếu ngày đặt; ","")&IF($H26="","Thiếu tên sản phẩm; ",IF($J26="","Chưa khai GIÁ GỐC ở BẢNG GIÁ GỐC; ",""))&IF(N($I26)<=0,"Thiếu số lượng; ","")&IF(N($K26)<=0,"Thiếu giá bán; ","")&IF(AND($N26>0,$F26=""),"Khách lấy VAT thiếu mã số thuế; ","")&IF(N($Q26)>$P26,"Đã thu vượt tổng phải thu; ","")&IF(AND($L26>0,$U26<>"",$U26<0),"CẢNH BÁO: ĐƠN NÀY ĐANG LỖ; ","")))
A27: =IF($C27="","",COUNTA($C$10:$C27)) | J27: =IF($H27="","",IFERROR(VLOOKUP($H27,'BẢNG GIÁ GỐC'!$A$5:$D$254,3,FALSE()),"")) | L27: =IF($C27="","",N($I27)*N($K27)) | N27: =IF($C27="","",IF($M27="VAT 5%",0.05,IF($M27="VAT 8%",0.08,IF($M27="VAT 10%",0.1,0)))) | O27: =IF($C27="","",$L27*$N27) | P27: =IF($C27="","",$L27+$O27) | R27: =IF($C27="","",MAX(0,$P27-N($Q27))) | S27: =IF(OR($C27="",$P27=0),"",IF(N($Q27)<=0,"Chưa thanh toán",IF(N($Q27)<$P27,"Thanh toán một phần","Đã thanh toán"))) | T27: =IF(OR($C27="",$J27=""),"",N($I27)*$J27) | U27: =IF(OR($C27="",$T27=""),"",$L27-$T27) | V27: =IF(OR($U27="",$L27=0),"",$U27/$L27) | X27: =IF($C27="","",IF(AND($H27="",N($I27)=0,N($K27)=0),"Dòng chỉ lưu thông tin khách (chưa có đơn); ",IF($B27="","Thiếu ngày đặt; ","")&IF($H27="","Thiếu tên sản phẩm; ",IF($J27="","Chưa khai GIÁ GỐC ở BẢNG GIÁ GỐC; ",""))&IF(N($I27)<=0,"Thiếu số lượng; ","")&IF(N($K27)<=0,"Thiếu giá bán; ","")&IF(AND($N27>0,$F27=""),"Khách lấy VAT thiếu mã số thuế; ","")&IF(N($Q27)>$P27,"Đã thu vượt tổng phải thu; ","")&IF(AND($L27>0,$U27<>"",$U27<0),"CẢNH BÁO: ĐƠN NÀY ĐANG LỖ; ","")))
A28: =IF($C28="","",COUNTA($C$10:$C28)) | J28: =IF($H28="","",IFERROR(VLOOKUP($H28,'BẢNG GIÁ GỐC'!$A$5:$D$254,3,FALSE()),"")) | L28: =IF($C28="","",N($I28)*N($K28)) | N28: =IF($C28="","",IF($M28="VAT 5%",0.05,IF($M28="VAT 8%",0.08,IF($M28="VAT 10%",0.1,0)))) | O28: =IF($C28="","",$L28*$N28) | P28: =IF($C28="","",$L28+$O28) | R28: =IF($C28="","",MAX(0,$P28-N($Q28))) | S28: =IF(OR($C28="",$P28=0),"",IF(N($Q28)<=0,"Chưa thanh toán",IF(N($Q28)<$P28,"Thanh toán một phần","Đã thanh toán"))) | T28: =IF(OR($C28="",$J28=""),"",N($I28)*$J28) | U28: =IF(OR($C28="",$T28=""),"",$L28-$T28) | V28: =IF(OR($U28="",$L28=0),"",$U28/$L28) | X28: =IF($C28="","",IF(AND($H28="",N($I28)=0,N($K28)=0),"Dòng chỉ lưu thông tin khách (chưa có đơn); ",IF($B28="","Thiếu ngày đặt; ","")&IF($H28="","Thiếu tên sản phẩm; ",IF($J28="","Chưa khai GIÁ GỐC ở BẢNG GIÁ GỐC; ",""))&IF(N($I28)<=0,"Thiếu số lượng; ","")&IF(N($K28)<=0,"Thiếu giá bán; ","")&IF(AND($N28>0,$F28=""),"Khách lấy VAT thiếu mã số thuế; ","")&IF(N($Q28)>$P28,"Đã thu vượt tổng phải thu; ","")&IF(AND($L28>0,$U28<>"",$U28<0),"CẢNH BÁO: ĐƠN NÀY ĐANG LỖ; ","")))
A29: =IF($C29="","",COUNTA($C$10:$C29)) | J29: =IF($H29="","",IFERROR(VLOOKUP($H29,'BẢNG GIÁ GỐC'!$A$5:$D$254,3,FALSE()),"")) | L29: =IF($C29="","",N($I29)*N($K29)) | N29: =IF($C29="","",IF($M29="VAT 5%",0.05,IF($M29="VAT 8%",0.08,IF($M29="VAT 10%",0.1,0)))) | O29: =IF($C29="","",$L29*$N29) | P29: =IF($C29="","",$L29+$O29) | R29: =IF($C29="","",MAX(0,$P29-N($Q29))) | S29: =IF(OR($C29="",$P29=0),"",IF(N($Q29)<=0,"Chưa thanh toán",IF(N($Q29)<$P29,"Thanh toán một phần","Đã thanh toán"))) | T29: =IF(OR($C29="",$J29=""),"",N($I29)*$J29) | U29: =IF(OR($C29="",$T29=""),"",$L29-$T29) | V29: =IF(OR($U29="",$L29=0),"",$U29/$L29) | X29: =IF($C29="","",IF(AND($H29="",N($I29)=0,N($K29)=0),"Dòng chỉ lưu thông tin khách (chưa có đơn); ",IF($B29="","Thiếu ngày đặt; ","")&IF($H29="","Thiếu tên sản phẩm; ",IF($J29="","Chưa khai GIÁ GỐC ở BẢNG GIÁ GỐC; ",""))&IF(N($I29)<=0,"Thiếu số lượng; ","")&IF(N($K29)<=0,"Thiếu giá bán; ","")&IF(AND($N29>0,$F29=""),"Khách lấy VAT thiếu mã số thuế; ","")&IF(N($Q29)>$P29,"Đã thu vượt tổng phải thu; ","")&IF(AND($L29>0,$U29<>"",$U29<0),"CẢNH BÁO: ĐƠN NÀY ĐANG LỖ; ","")))
A30: =IF($C30="","",COUNTA($C$10:$C30)) | J30: =IF($H30="","",IFERROR(VLOOKUP($H30,'BẢNG GIÁ GỐC'!$A$5:$D$254,3,FALSE()),"")) | L30: =IF($C30="","",N($I30)*N($K30)) | N30: =IF($C30="","",IF($M30="VAT 5%",0.05,IF($M30="VAT 8%",0.08,IF($M30="VAT 10%",0.1,0)))) | O30: =IF($C30="","",$L30*$N30) | P30: =IF($C30="","",$L30+$O30) | R30: =IF($C30="","",MAX(0,$P30-N($Q30))) | S30: =IF(OR($C30="",$P30=0),"",IF(N($Q30)<=0,"Chưa thanh toán",IF(N($Q30)<$P30,"Thanh toán một phần","Đã thanh toán"))) | T30: =IF(OR($C30="",$J30=""),"",N($I30)*$J30) | U30: =IF(OR($C30="",$T30=""),"",$L30-$T30) | V30: =IF(OR($U30="",$L30=0),"",$U30/$L30) | X30: =IF($C30="","",IF(AND($H30="",N($I30)=0,N($K30)=0),"Dòng chỉ lưu thông tin khách (chưa có đơn); ",IF($B30="","Thiếu ngày đặt; ","")&IF($H30="","Thiếu tên sản phẩm; ",IF($J30="","Chưa khai GIÁ GỐC ở BẢNG GIÁ GỐC; ",""))&IF(N($I30)<=0,"Thiếu số lượng; ","")&IF(N($K30)<=0,"Thiếu giá bán; ","")&IF(AND($N30>0,$F30=""),"Khách lấy VAT thiếu mã số thuế; ","")&IF(N($Q30)>$P30,"Đã thu vượt tổng phải thu; ","")&IF(AND($L30>0,$U30<>"",$U30<0),"CẢNH BÁO: ĐƠN NÀY ĐANG LỖ; ","")))
A31: =IF($C31="","",COUNTA($C$10:$C31)) | J31: =IF($H31="","",IFERROR(VLOOKUP($H31,'BẢNG GIÁ GỐC'!$A$5:$D$254,3,FALSE()),"")) | L31: =IF($C31="","",N($I31)*N($K31)) | N31: =IF($C31="","",IF($M31="VAT 5%",0.05,IF($M31="VAT 8%",0.08,IF($M31="VAT 10%",0.1,0)))) | O31: =IF($C31="","",$L31*$N31) | P31: =IF($C31="","",$L31+$O31) | R31: =IF($C31="","",MAX(0,$P31-N($Q31))) | S31: =IF(OR($C31="",$P31=0),"",IF(N($Q31)<=0,"Chưa thanh toán",IF(N($Q31)<$P31,"Thanh toán một phần","Đã thanh toán"))) | T31: =IF(OR($C31="",$J31=""),"",N($I31)*$J31) | U31: =IF(OR($C31="",$T31=""),"",$L31-$T31) | V31: =IF(OR($U31="",$L31=0),"",$U31/$L31) | X31: =IF($C31="","",IF(AND($H31="",N($I31)=0,N($K31)=0),"Dòng chỉ lưu thông tin khách (chưa có đơn); ",IF($B31="","Thiếu ngày đặt; ","")&IF($H31="","Thiếu tên sản phẩm; ",IF($J31="","Chưa khai GIÁ GỐC ở BẢNG GIÁ GỐC; ",""))&IF(N($I31)<=0,"Thiếu số lượng; ","")&IF(N($K31)<=0,"Thiếu giá bán; ","")&IF(AND($N31>0,$F31=""),"Khách lấy VAT thiếu mã số thuế; ","")&IF(N($Q31)>$P31,"Đã thu vượt tổng phải thu; ","")&IF(AND($L31>0,$U31<>"",$U31<0),"CẢNH BÁO: ĐƠN NÀY ĐANG LỖ; ","")))
A32: =IF($C32="","",COUNTA($C$10:$C32)) | J32: =IF($H32="","",IFERROR(VLOOKUP($H32,'BẢNG GIÁ GỐC'!$A$5:$D$254,3,FALSE()),"")) | L32: =IF($C32="","",N($I32)*N($K32)) | N32: =IF($C32="","",IF($M32="VAT 5%",0.05,IF($M32="VAT 8%",0.08,IF($M32="VAT 10%",0.1,0)))) | O32: =IF($C32="","",$L32*$N32) | P32: =IF($C32="","",$L32+$O32) | R32: =IF($C32="","",MAX(0,$P32-N($Q32))) | S32: =IF(OR($C32="",$P32=0),"",IF(N($Q32)<=0,"Chưa thanh toán",IF(N($Q32)<$P32,"Thanh toán một phần","Đã thanh toán"))) | T32: =IF(OR($C32="",$J32=""),"",N($I32)*$J32) | U32: =IF(OR($C32="",$T32=""),"",$L32-$T32) | V32: =IF(OR($U32="",$L32=0),"",$U32/$L32) | X32: =IF($C32="","",IF(AND($H32="",N($I32)=0,N($K32)=0),"Dòng chỉ lưu thông tin khách (chưa có đơn); ",IF($B32="","Thiếu ngày đặt; ","")&IF($H32="","Thiếu tên sản phẩm; ",IF($J32="","Chưa khai GIÁ GỐC ở BẢNG GIÁ GỐC; ",""))&IF(N($I32)<=0,"Thiếu số lượng; ","")&IF(N($K32)<=0,"Thiếu giá bán; ","")&IF(AND($N32>0,$F32=""),"Khách lấy VAT thiếu mã số thuế; ","")&IF(N($Q32)>$P32,"Đã thu vượt tổng phải thu; ","")&IF(AND($L32>0,$U32<>"",$U32<0),"CẢNH BÁO: ĐƠN NÀY ĐANG LỖ; ","")))
A33: =IF($C33="","",COUNTA($C$10:$C33)) | J33: =IF($H33="","",IFERROR(VLOOKUP($H33,'BẢNG GIÁ GỐC'!$A$5:$D$254,3,FALSE()),"")) | L33: =IF($C33="","",N($I33)*N($K33)) | N33: =IF($C33="","",IF($M33="VAT 5%",0.05,IF($M33="VAT 8%",0.08,IF($M33="VAT 10%",0.1,0)))) | O33: =IF($C33="","",$L33*$N33) | P33: =IF($C33="","",$L33+$O33) | R33: =IF($C33="","",MAX(0,$P33-N($Q33))) | S33: =IF(OR($C33="",$P33=0),"",IF(N($Q33)<=0,"Chưa thanh toán",IF(N($Q33)<$P33,"Thanh toán một phần","Đã thanh toán"))) | T33: =IF(OR($C33="",$J33=""),"",N($I33)*$J33) | U33: =IF(OR($C33="",$T33=""),"",$L33-$T33) | V33: =IF(OR($U33="",$L33=0),"",$U33/$L33) | X33: =IF($C33="","",IF(AND($H33="",N($I33)=0,N($K33)=0),"Dòng chỉ lưu thông tin khách (chưa có đơn); ",IF($B33="","Thiếu ngày đặt; ","")&IF($H33="","Thiếu tên sản phẩm; ",IF($J33="","Chưa khai GIÁ GỐC ở BẢNG GIÁ GỐC; ",""))&IF(N($I33)<=0,"Thiếu số lượng; ","")&IF(N($K33)<=0,"Thiếu giá bán; ","")&IF(AND($N33>0,$F33=""),"Khách lấy VAT thiếu mã số thuế; ","")&IF(N($Q33)>$P33,"Đã thu vượt tổng phải thu; ","")&IF(AND($L33>0,$U33<>"",$U33<0),"CẢNH BÁO: ĐƠN NÀY ĐANG LỖ; ","")))
A34: =IF($C34="","",COUNTA($C$10:$C34)) | J34: =IF($H34="","",IFERROR(VLOOKUP($H34,'BẢNG GIÁ GỐC'!$A$5:$D$254,3,FALSE()),"")) | L34: =IF($C34="","",N($I34)*N($K34)) | N34: =IF($C34="","",IF($M34="VAT 5%",0.05,IF($M34="VAT 8%",0.08,IF($M34="VAT 10%",0.1,0)))) | O34: =IF($C34="","",$L34*$N34) | P34: =IF($C34="","",$L34+$O34) | R34: =IF($C34="","",MAX(0,$P34-N($Q34))) | S34: =IF(OR($C34="",$P34=0),"",IF(N($Q34)<=0,"Chưa thanh toán",IF(N($Q34)<$P34,"Thanh toán một phần","Đã thanh toán"))) | T34: =IF(OR($C34="",$J34=""),"",N($I34)*$J34) | U34: =IF(OR($C34="",$T34=""),"",$L34-$T34) | V34: =IF(OR($U34="",$L34=0),"",$U34/$L34) | X34: =IF($C34="","",IF(AND($H34="",N($I34)=0,N($K34)=0),"Dòng chỉ lưu thông tin khách (chưa có đơn); ",IF($B34="","Thiếu ngày đặt; ","")&IF($H34="","Thiếu tên sản phẩm; ",IF($J34="","Chưa khai GIÁ GỐC ở BẢNG GIÁ GỐC; ",""))&IF(N($I34)<=0,"Thiếu số lượng; ","")&IF(N($K34)<=0,"Thiếu giá bán; ","")&IF(AND($N34>0,$F34=""),"Khách lấy VAT thiếu mã số thuế; ","")&IF(N($Q34)>$P34,"Đã thu vượt tổng phải thu; ","")&IF(AND($L34>0,$U34<>"",$U34<0),"CẢNH BÁO: ĐƠN NÀY ĐANG LỖ; ","")))
A35: =IF($C35="","",COUNTA($C$10:$C35)) | J35: =IF($H35="","",IFERROR(VLOOKUP($H35,'BẢNG GIÁ GỐC'!$A$5:$D$254,3,FALSE()),"")) | L35: =IF($C35="","",N($I35)*N($K35)) | N35: =IF($C35="","",IF($M35="VAT 5%",0.05,IF($M35="VAT 8%",0.08,IF($M35="VAT 10%",0.1,0)))) | O35: =IF($C35="","",$L35*$N35) | P35: =IF($C35="","",$L35+$O35) | R35: =IF($C35="","",MAX(0,$P35-N($Q35))) | S35: =IF(OR($C35="",$P35=0),"",IF(N($Q35)<=0,"Chưa thanh toán",IF(N($Q35)<$P35,"Thanh toán một phần","Đã thanh toán"))) | T35: =IF(OR($C35="",$J35=""),"",N($I35)*$J35) | U35: =IF(OR($C35="",$T35=""),"",$L35-$T35) | V35: =IF(OR($U35="",$L35=0),"",$U35/$L35) | X35: =IF($C35="","",IF(AND($H35="",N($I35)=0,N($K35)=0),"Dòng chỉ lưu thông tin khách (chưa có đơn); ",IF($B35="","Thiếu ngày đặt; ","")&IF($H35="","Thiếu tên sản phẩm; ",IF($J35="","Chưa khai GIÁ GỐC ở BẢNG GIÁ GỐC; ",""))&IF(N($I35)<=0,"Thiếu số lượng; ","")&IF(N($K35)<=0,"Thiếu giá bán; ","")&IF(AND($N35>0,$F35=""),"Khách lấy VAT thiếu mã số thuế; ","")&IF(N($Q35)>$P35,"Đã thu vượt tổng phải thu; ","")&IF(AND($L35>0,$U35<>"",$U35<0),"CẢNH BÁO: ĐƠN NÀY ĐANG LỖ; ","")))
A36: =IF($C36="","",COUNTA($C$10:$C36)) | J36: =IF($H36="","",IFERROR(VLOOKUP($H36,'BẢNG GIÁ GỐC'!$A$5:$D$254,3,FALSE()),"")) | L36: =IF($C36="","",N($I36)*N($K36)) | N36: =IF($C36="","",IF($M36="VAT 5%",0.05,IF($M36="VAT 8%",0.08,IF($M36="VAT 10%",0.1,0)))) | O36: =IF($C36="","",$L36*$N36) | P36: =IF($C36="","",$L36+$O36) | R36: =IF($C36="","",MAX(0,$P36-N($Q36))) | S36: =IF(OR($C36="",$P36=0),"",IF(N($Q36)<=0,"Chưa thanh toán",IF(N($Q36)<$P36,"Thanh toán một phần","Đã thanh toán"))) | T36: =IF(OR($C36="",$J36=""),"",N($I36)*$J36) | U36: =IF(OR($C36="",$T36=""),"",$L36-$T36) | V36: =IF(OR($U36="",$L36=0),"",$U36/$L36) | X36: =IF($C36="","",IF(AND($H36="",N($I36)=0,N($K36)=0),"Dòng chỉ lưu thông tin khách (chưa có đơn); ",IF($B36="","Thiếu ngày đặt; ","")&IF($H36="","Thiếu tên sản phẩm; ",IF($J36="","Chưa khai GIÁ GỐC ở BẢNG GIÁ GỐC; ",""))&IF(N($I36)<=0,"Thiếu số lượng; ","")&IF(N($K36)<=0,"Thiếu giá bán; ","")&IF(AND($N36>0,$F36=""),"Khách lấy VAT thiếu mã số thuế; ","")&IF(N($Q36)>$P36,"Đã thu vượt tổng phải thu; ","")&IF(AND($L36>0,$U36<>"",$U36<0),"CẢNH BÁO: ĐƠN NÀY ĐANG LỖ; ","")))
A37: =IF($C37="","",COUNTA($C$10:$C37)) | J37: =IF($H37="","",IFERROR(VLOOKUP($H37,'BẢNG GIÁ GỐC'!$A$5:$D$254,3,FALSE()),"")) | L37: =IF($C37="","",N($I37)*N($K37)) | N37: =IF($C37="","",IF($M37="VAT 5%",0.05,IF($M37="VAT 8%",0.08,IF($M37="VAT 10%",0.1,0)))) | O37: =IF($C37="","",$L37*$N37) | P37: =IF($C37="","",$L37+$O37) | R37: =IF($C37="","",MAX(0,$P37-N($Q37))) | S37: =IF(OR($C37="",$P37=0),"",IF(N($Q37)<=0,"Chưa thanh toán",IF(N($Q37)<$P37,"Thanh toán một phần","Đã thanh toán"))) | T37: =IF(OR($C37="",$J37=""),"",N($I37)*$J37) | U37: =IF(OR($C37="",$T37=""),"",$L37-$T37) | V37: =IF(OR($U37="",$L37=0),"",$U37/$L37) | X37: =IF($C37="","",IF(AND($H37="",N($I37)=0,N($K37)=0),"Dòng chỉ lưu thông tin khách (chưa có đơn); ",IF($B37="","Thiếu ngày đặt; ","")&IF($H37="","Thiếu tên sản phẩm; ",IF($J37="","Chưa khai GIÁ GỐC ở BẢNG GIÁ GỐC; ",""))&IF(N($I37)<=0,"Thiếu số lượng; ","")&IF(N($K37)<=0,"Thiếu giá bán; ","")&IF(AND($N37>0,$F37=""),"Khách lấy VAT thiếu mã số thuế; ","")&IF(N($Q37)>$P37,"Đã thu vượt tổng phải thu; ","")&IF(AND($L37>0,$U37<>"",$U37<0),"CẢNH BÁO: ĐƠN NÀY ĐANG LỖ; ","")))
... A159: =IF($C159="","",COUNTA($C$10:$C159)) | J159: =IF($H159="","",IFERROR(VLOOKUP($H159,'BẢNG GIÁ GỐC'!$A$5:$D$254,3,FALSE()),"")) | L159: =IF($C159="","",N($I159)*N($K159)) | N159: =IF($C159="","",IF($M159="VAT 5%",0.05,IF($M159="VAT 8%",0.08,IF($M159="VAT 10%",0.1,0)))) | O159: =IF($C159="","",$L159*$N159) | P159: =IF($C159="","",$L159+$O159) | R159: =IF($C159="","",MAX(0,$P159-N($Q159))) | S159: =IF(OR($C159="",$P159=0),"",IF(N($Q159)<=0,"Chưa thanh toán",IF(N($Q159)<$P159,"Thanh toán một phần","Đã thanh toán"))) | T159: =IF(OR($C159="",$J159=""),"",N($I159)*$J159) | U159: =IF(OR($C159="",$T159=""),"",$L159-$T159) | V159: =IF(OR($U159="",$L159=0),"",$U159/$L159) | X159: =IF($C159="","",IF(AND($H159="",N($I159)=0,N($K159)=0),"Dòng chỉ lưu thông tin khách (chưa có đơn); ",IF($B159="","Thiếu ngày đặt; ","")&IF($H159="","Thiếu tên sản phẩm; ",IF($J159="","Chưa khai GIÁ GỐC ở BẢNG GIÁ GỐC; ",""))&IF(N($I159)<=0,"Thiếu số lượng; ","")&IF(N($K159)<=0,"Thiếu giá bán; ","")&IF(AND($N159>0,$F159=""),"Khách lấy VAT thiếu mã số thuế; ","")&IF(N($Q159)>$P159,"Đã thu vượt tổng phải thu; ","")&IF(AND($L159>0,$U159<>"",$U159<0),"CẢNH BÁO: ĐƠN NÀY ĐANG LỖ; ","")))

Sheet THÁNG 7
A1: THÁNG 7/2026 – NHẬP ĐƠN HÀNG & BÁO CÁO THÁNG
A2: Chỉ gõ Ô MÀU VÀNG. Chi phí khác của tháng nhập ở khối vàng bên phải (cột Z). Tiền hàng, VAT, còn nợ, giá vốn, lãi lỗ đều tự tính.
A3: SỐ ĐƠN HÀNG | D3: =COUNTIFS($C$10:$C$159,"?*",$L$10:$L$159,">0") -> 53 | F3: DOANH THU TIỀN HÀNG (chưa VAT) (đ) | I3: =SUM($L$10:$L$159) -> 182995000 | L3: CHI PHÍ – GIÁ VỐN HÀNG BÁN (đ) | P3: =SUM($T$10:$T$159) -> 1000000 | Z3: CHI PHÍ KHÁC TRONG THÁNG 7 (NHẬP TAY)
A4: SỐ KHÁCH HÀNG | D4: =IF(COUNTA($C$10:$C$159)=0,0,SUMPRODUCT(($C$10:$C$159<>"")/COUNTIF($C$10:$C$159,$C$10:$C$159&""))) -> 52 | F4: TIỀN VAT (đ) | I4: =SUM($O$10:$O$159) -> 4333200 | L4: CHI PHÍ KHÁC TRONG THÁNG (đ) | P4: =SUM($AC$5:$AC$24) -> 0 | Z4: NGÀY | AA4: LOẠI CHI PHÍ | AB4: NỘI DUNG | AC4: SỐ TIỀN (đ) | AD4: GHI CHÚ
A5: SỐ ĐƠN ĐÃ THU ĐỦ | D5: =COUNTIFS($P$10:$P$159,">0",$R$10:$R$159,"<=0") -> 39 | F5: TỔNG PHẢI THU (gồm VAT) (đ) | I5: =SUM($P$10:$P$159) -> 187328200 | L5: TỔNG CHI PHÍ THÁNG (đ) | P5: =$P3+$P4 -> 1000000
A6: SỐ ĐƠN CÒN NỢ | D6: =COUNTIF($R$10:$R$159,">0") -> 14 | F6: TIỀN HÀNG ĐÃ THANH TOÁN (đ) | I6: =SUM($Q$10:$Q$159) -> 167102200 | L6: LÃI / LỖ THỰC CỦA THÁNG (đ) | P6: =$I3-$P5 -> 181995000
A7: % ĐÃ THU | D7: =IF($I5=0,"",$I6/$I5) -> 0.89202907 | F7: TIỀN HÀNG CHƯA THANH TOÁN (đ) | I7: =SUM($R$10:$R$159) -> 20226000 | L7: % LÃI THỰC | P7: =IF($I3=0,"",$P6/$I3) -> 0.99453537
A8: =IF(SUMPRODUCT(($H$10:$H$159<>"")*($J$10:$J$159=""))=0,"✔ Mọi đơn trong tháng đã có GIÁ GỐC – số liệu lãi lỗ đầy đủ.","⚠ CÓ "&SUMPRODUCT(($H$10:$H$159<>"")*($J$10:$J$159=""))&" ĐƠN CHƯA KHAI GIÁ GỐC → GIÁ VỐN và LÃI/LỖ của tháng CHƯA ĐỦ. Vào sheet BẢNG GIÁ GỐC điền cột GIÁ GỐC/SP.") -> ⚠ CÓ 53 ĐƠN CHƯA KHAI GIÁ GỐC → GIÁ VỐN và LÃI/LỖ của tháng CHƯA ĐỦ. Vào sheet BẢNG GIÁ GỐC điền cột GIÁ GỐC/SP.
A9: STT | B9: NGÀY ĐẶT | C9: TÊN KHÁCH HÀNG | D9: SỐ ĐIỆN THOẠI | E9: CÔNG TY (nếu có) | F9: MÃ SỐ THUẾ | G9: ĐỊA CHỈ GIAO HÀNG | H9: TÊN SẢN PHẨM | I9: SỐ LƯỢNG | J9: GIÁ GỐC / SP (đ) | K9: GIÁ BÁN / SP (đ) (chưa VAT) | L9: TIỀN HÀNG (đ) | M9: LẤY VAT? | N9: THUẾ SUẤT | O9: TIỀN VAT (đ) | P9: TỔNG PHẢI THU (đ) | Q9: ĐÃ THANH TOÁN (đ) | R9: CÒN NỢ (đ) | S9: TÌNH TRẠNG | T9: TỔNG VỐN (đ) | U9: LÃI / LỖ (đ) | V9: % LÃI | W9: GHI CHÚ | X9: CẢNH BÁO
A10: =IF($C10="","",COUNTA($C$10:$C10)) -> 1 | B10: 46204 | C10: A Tài - Huyndai - 20c | D10: 0935494005 | G10: 461 Tây sơn, Quy Nhơn Nam, Gia lai | H10: gấu teddy trắng | I10: 20 | J10: =IF($H10="","",IFERROR(VLOOKUP($H10,'BẢNG GIÁ GỐC'!$A$5:$D$254,3,FALSE()),"")) -> 0 | K10: 50000 | L10: =IF($C10="","",N($I10)*N($K10)) -> 1000000 | M10: Không lấy VAT | N10: =IF($C10="","",IF($M10="VAT 5%",0.05,IF($M10="VAT 8%",0.08,IF($M10="VAT 10%",0.1,0)))) -> 0 | O10: =IF($C10="","",$L10*$N10) -> 0 | P10: =IF($C10="","",$L10+$O10) -> 1000000 | Q10: 1000000 | R10: =IF($C10="","",MAX(0,$P10-N($Q10))) -> 0 | S10: =IF(OR($C10="",$P10=0),"",IF(N($Q10)<=0,"Chưa thanh toán",IF(N($Q10)<$P10,"Thanh toán một phần","Đã thanh toán"))) -> Đã thanh toán | T10: =IF(OR($C10="",$J10=""),"",N($I10)*$J10) | U10: =IF(OR($C10="",$T10=""),"",$L10-$T10) | V10: =IF(OR($U10="",$L10=0),"",$U10/$L10) | W10: chuyển từ Tháng 7 dòng 10 | X10: =IF($C10="","",IF(AND($H10="",N($I10)=0,N($K10)=0),"Dòng chỉ lưu thông tin khách (chưa có đơn); ",IF($B10="","Thiếu ngày đặt; ","")&IF($H10="","Thiếu tên sản phẩm; ",IF($J10="","Chưa khai GIÁ GỐC ở BẢNG GIÁ GỐC; ",""))&IF(N($I10)<=0,"Thiếu số lượng; ","")&IF(N($K10)<=0,"Thiếu giá bán; ","")&IF(AND($N10>0,$F10=""),"Khách lấy VAT thiếu mã số thuế; ","")&IF(N($Q10)>$P10,"Đã thu vượt tổng phải thu; ","")&IF(AND($L10>0,$U10<>"",$U10<0),"CẢNH BÁO: ĐƠN NÀY ĐANG LỖ; ",""))) -> Chưa khai GIÁ GỐC ở BẢNG GIÁ GỐC;
A11: =IF($C11="","",COUNTA($C$10:$C11)) -> 2 | B11: 46205 | C11: BGB - Cô An Mến Tặng | D11: 0903535291 | G11: 658 đường 2/9 Hải châu - Đà Nẵng | H11: gấu teddy trắng | I11: 22 | J11: =IF($H11="","",IFERROR(VLOOKUP($H11,'BẢNG GIÁ GỐC'!$A$5:$D$254,3,FALSE()),"")) -> 0 | K11: 50000 | L11: =IF($C11="","",N($I11)*N($K11)) -> 1100000 | M11: Không lấy VAT | N11: =IF($C11="","",IF($M11="VAT 5%",0.05,IF($M11="VAT 8%",0.08,IF($M11="VAT 10%",0.1,0)))) -> 0 | O11: =IF($C11="","",$L11*$N11) -> 0 | P11: =IF($C11="","",$L11+$O11) -> 1100000 | Q11: 1100000 | R11: =IF($C11="","",MAX(0,$P11-N($Q11))) -> 0 | S11: =IF(OR($C11="",$P11=0),"",IF(N($Q11)<=0,"Chưa thanh toán",IF(N($Q11)<$P11,"Thanh toán một phần","Đã thanh toán"))) -> Đã thanh toán | T11: =IF(OR($C11="",$J11=""),"",N($I11)*$J11) | U11: =IF(OR($C11="",$T11=""),"",$L11-$T11) | V11: =IF(OR($U11="",$L11=0),"",$U11/$L11) | W11: chuyển từ Tháng 7 dòng 11 | X11: =IF($C11="","",IF(AND($H11="",N($I11)=0,N($K11)=0),"Dòng chỉ lưu thông tin khách (chưa có đơn); ",IF($B11="","Thiếu ngày đặt; ","")&IF($H11="","Thiếu tên sản phẩm; ",IF($J11="","Chưa khai GIÁ GỐC ở BẢNG GIÁ GỐC; ",""))&IF(N($I11)<=0,"Thiếu số lượng; ","")&IF(N($K11)<=0,"Thiếu giá bán; ","")&IF(AND($N11>0,$F11=""),"Khách lấy VAT thiếu mã số thuế; ","")&IF(N($Q11)>$P11,"Đã thu vượt tổng phải thu; ","")&IF(AND($L11>0,$U11<>"",$U11<0),"CẢNH BÁO: ĐƠN NÀY ĐANG LỖ; ",""))) -> Chưa khai GIÁ GỐC ở BẢNG GIÁ GỐC;
A12: =IF($C12="","",COUNTA($C$10:$C12)) -> 3 | B12: 46206 | C12: BGB - GẤU TỐT NGHIỆP AMES EL | D12: 0865895498 | G12: 18 Phan Chu Trinh, Hạc Thành, Thanh Hóa | H12: gấu nâu tốt nghiệp | I12: 20 | J12: =IF($H12="","",IFERROR(VLOOKUP($H12,'BẢNG GIÁ GỐC'!$A$5:$D$254,3,FALSE()),"")) -> 0 | K12: 54000 | L12: =IF($C12="","",N($I12)*N($K12)) -> 1080000 | M12: VAT 8% | N12: =IF($C12="","",IF($M12="VAT 5%",0.05,IF($M12="VAT 8%",0.08,IF($M12="VAT 10%",0.1,0)))) -> 0.08 | O12: =IF($C12="","",$L12*$N12) -> 86400 | P12: =IF($C12="","",$L12+$O12) -> 1166400 | Q12: 1166400 | R12: =IF($C12="","",MAX(0,$P12-N($Q12))) -> 0 | S12: =IF(OR($C12="",$P12=0),"",IF(N($Q12)<=0,"Chưa thanh toán",IF(N($Q12)<$P12,"Thanh toán một phần","Đã thanh toán"))) -> Đã thanh toán | T12: =IF(OR($C12="",$J12=""),"",N($I12)*$J12) | U12: =IF(OR($C12="",$T12=""),"",$L12-$T12) | V12: =IF(OR($U12="",$L12=0),"",$U12/$L12) | W12: chuyển từ Tháng 7 dòng 12 | X12: =IF($C12="","",IF(AND($H12="",N($I12)=0,N($K12)=0),"Dòng chỉ lưu thông tin khách (chưa có đơn); ",IF($B12="","Thiếu ngày đặt; ","")&IF($H12="","Thiếu tên sản phẩm; ",IF($J12="","Chưa khai GIÁ GỐC ở BẢNG GIÁ GỐC; ",""))&IF(N($I12)<=0,"Thiếu số lượng; ","")&IF(N($K12)<=0,"Thiếu giá bán; ","")&IF(AND($N12>0,$F12=""),"Khách lấy VAT thiếu mã số thuế; ","")&IF(N($Q12)>$P12,"Đã thu vượt tổng phải thu; ","")&IF(AND($L12>0,$U12<>"",$U12<0),"CẢNH BÁO: ĐƠN NÀY ĐANG LỖ; ",""))) -> Chưa khai GIÁ GỐC ở BẢNG GIÁ GỐC; Khách lấy VAT thiếu mã số thuế;
A13: =IF($C13="","",COUNTA($C$10:$C13)) -> 4 | B13: 46207 | C13: C Trang Jade | D13: 0799740948 | G13: số 9 đường Trương Vĩnh Kỳ, Vùng Tàu, HCM | H13: gấu trắng | I13: 25 | J13: =IF($H13="","",IFERROR(VLOOKUP($H13,'BẢNG GIÁ GỐC'!$A$5:$D$254,3,FALSE()),"")) -> 0 | K13: 49000 | L13: =IF($C13="","",N($I13)*N($K13)) -> 1225000 | M13: VAT 8% | N13: =IF($C13="","",IF($M13="VAT 5%",0.05,IF($M13="VAT 8%",0.08,IF($M13="VAT 10%",0.1,0)))) -> 0.08 | O13: =IF($C13="","",$L13*$N13) -> 98000 | P13: =IF($C13="","",$L13+$O13) -> 1323000 | Q13: 1323000 | R13: =IF($C13="","",MAX(0,$P13-N($Q13))) -> 0 | S13: =IF(OR($C13="",$P13=0),"",IF(N($Q13)<=0,"Chưa thanh toán",IF(N($Q13)<$P13,"Thanh toán một phần","Đã thanh toán"))) -> Đã thanh toán | T13: =IF(OR($C13="",$J13=""),"",N($I13)*$J13) | U13: =IF(OR($C13="",$T13=""),"",$L13-$T13) | V13: =IF(OR($U13="",$L13=0),"",$U13/$L13) | W13: chuyển từ Tháng 7 dòng 13 | X13: =IF($C13="","",IF(AND($H13="",N($I13)=0,N($K13)=0),"Dòng chỉ lưu thông tin khách (chưa có đơn); ",IF($B13="","Thiếu ngày đặt; ","")&IF($H13="","Thiếu tên sản phẩm; ",IF($J13="","Chưa khai GIÁ GỐC ở BẢNG GIÁ GỐC; ",""))&IF(N($I13)<=0,"Thiếu số lượng; ","")&IF(N($K13)<=0,"Thiếu giá bán; ","")&IF(AND($N13>0,$F13=""),"Khách lấy VAT thiếu mã số thuế; ","")&IF(N($Q13)>$P13,"Đã thu vượt tổng phải thu; ","")&IF(AND($L13>0,$U13<>"",$U13<0),"CẢNH BÁO: ĐƠN NÀY ĐANG LỖ; ",""))) -> Chưa khai GIÁ GỐC ở BẢNG GIÁ GỐC; Khách lấy VAT thiếu mã số thuế;
A14: =IF($C14="","",COUNTA($C$10:$C14)) -> 5 | B14: 46207 | C14: Điện máy Ngọc Hiển | D14: 097579661 | G14: Cổng chợ Phú Cường - Xã Phú Thịnh - Tỉnh Thái Nguyên | H14: gấy nâu 25cm | I14: 50 | J14: =IF($H14="","",IFERROR(VLOOKUP($H14,'BẢNG GIÁ GỐC'!$A$5:$D$254,3,FALSE()),"")) -> 0 | K14: 50000 | L14: =IF($C14="","",N($I14)*N($K14)) -> 2500000 | M14: Không lấy VAT | N14: =IF($C14="","",IF($M14="VAT 5%",0.05,IF($M14="VAT 8%",0.08,IF($M14="VAT 10%",0.1,0)))) -> 0 | O14: =IF($C14="","",$L14*$N14) -> 0 | P14: =IF($C14="","",$L14+$O14) -> 2500000 | Q14: 2500000 | R14: =IF($C14="","",MAX(0,$P14-N($Q14))) -> 0 | S14: =IF(OR($C14="",$P14=0),"",IF(N($Q14)<=0,"Chưa thanh toán",IF(N($Q14)<$P14,"Thanh toán một phần","Đã thanh toán"))) -> Đã thanh toán | T14: =IF(OR($C14="",$J14=""),"",N($I14)*$J14) | U14: =IF(OR($C14="",$T14=""),"",$L14-$T14) | V14: =IF(OR($U14="",$L14=0),"",$U14/$L14) | W14: chuyển từ Tháng 7 dòng 14 | X14: =IF($C14="","",IF(AND($H14="",N($I14)=0,N($K14)=0),"Dòng chỉ lưu thông tin khách (chưa có đơn); ",IF($B14="","Thiếu ngày đặt; ","")&IF($H14="","Thiếu tên sản phẩm; ",IF($J14="","Chưa khai GIÁ GỐC ở BẢNG GIÁ GỐC; ",""))&IF(N($I14)<=0,"Thiếu số lượng; ","")&IF(N($K14)<=0,"Thiếu giá bán; ","")&IF(AND($N14>0,$F14=""),"Khách lấy VAT thiếu mã số thuế; ","")&IF(N($Q14)>$P14,"Đã thu vượt tổng phải thu; ","")&IF(AND($L14>0,$U14<>"",$U14<0),"CẢNH BÁO: ĐƠN NÀY ĐANG LỖ; ",""))) -> Chưa khai GIÁ GỐC ở BẢNG GIÁ GỐC;
A15: =IF($C15="","",COUNTA($C$10:$C15)) -> 6 | B15: 46209 | C15: Tạ Quang Bửu | D15: 0347713942 | E15: TRƯỜNG THCS-THPT TẠ QUANG BỬU | F15: 0106193778 | G15: "94A Lê Thanh Nghị, Hà Nội Đối diện sân vân động bách khoa " | H15: gấu nâu 25cm | I15: 25 | J15: =IF($H15="","",IFERROR(VLOOKUP($H15,'BẢNG GIÁ GỐC'!$A$5:$D$254,3,FALSE()),"")) -> 0 | K15: 54000 | L15: =IF($C15="","",N($I15)*N($K15)) -> 1350000 | M15: VAT 8% | N15: =IF($C15="","",IF($M15="VAT 5%",0.05,IF($M15="VAT 8%",0.08,IF($M15="VAT 10%",0.1,0)))) -> 0.08 | O15: =IF($C15="","",$L15*$N15) -> 108000 | P15: =IF($C15="","",$L15+$O15) -> 1458000 | Q15: 1458000 | R15: =IF($C15="","",MAX(0,$P15-N($Q15))) -> 0 | S15: =IF(OR($C15="",$P15=0),"",IF(N($Q15)<=0,"Chưa thanh toán",IF(N($Q15)<$P15,"Thanh toán một phần","Đã thanh toán"))) -> Đã thanh toán | T15: =IF(OR($C15="",$J15=""),"",N($I15)*$J15) | U15: =IF(OR($C15="",$T15=""),"",$L15-$T15) | V15: =IF(OR($U15="",$L15=0),"",$U15/$L15) | W15: gộp tiền ship vào gấu | chuyển từ Tháng 7 dòng 15 | X15: =IF($C15="","",IF(AND($H15="",N($I15)=0,N($K15)=0),"Dòng chỉ lưu thông tin khách (chưa có đơn); ",IF($B15="","Thiếu ngày đặt; ","")&IF($H15="","Thiếu tên sản phẩm; ",IF($J15="","Chưa khai GIÁ GỐC ở BẢNG GIÁ GỐC; ",""))&IF(N($I15)<=0,"Thiếu số lượng; ","")&IF(N($K15)<=0,"Thiếu giá bán; ","")&IF(AND($N15>0,$F15=""),"Khách lấy VAT thiếu mã số thuế; ","")&IF(N($Q15)>$P15,"Đã thu vượt tổng phải thu; ","")&IF(AND($L15>0,$U15<>"",$U15<0),"CẢNH BÁO: ĐƠN NÀY ĐANG LỖ; ",""))) -> Chưa khai GIÁ GỐC ở BẢNG GIÁ GỐC;
A16: =IF($C16="","",COUNTA($C$10:$C16)) -> 7 | B16: 46210 | C16: C Lan Anh | D16: 0989472201 | G16: thôn Bình Phú, xã Việt Yên, tỉnh Hưng Yên. | H16: gấu ngồi lông mịn | I16: 20 | J16: =IF($H16="","",IFERROR(VLOOKUP($H16,'BẢNG GIÁ GỐC'!$A$5:$D$254,3,FALSE()),"")) -> 0 | K16: 58000 | L16: =IF($C16="","",N($I16)*N($K16)) -> 1160000 | M16: Không lấy VAT | N16: =IF($C16="","",IF($M16="VAT 5%",0.05,IF($M16="VAT 8%",0.08,IF($M16="VAT 10%",0.1,0)))) -> 0 | O16: =IF($C16="","",$L16*$N16) -> 0 | P16: =IF($C16="","",$L16+$O16) -> 1160000 | Q16: 1160000 | R16: =IF($C16="","",MAX(0,$P16-N($Q16))) -> 0 | S16: =IF(OR($C16="",$P16=0),"",IF(N($Q16)<=0,"Chưa thanh toán",IF(N($Q16)<$P16,"Thanh toán một phần","Đã thanh toán"))) -> Đã thanh toán | T16: =IF(OR($C16="",$J16=""),"",N($I16)*$J16) | U16: =IF(OR($C16="",$T16=""),"",$L16-$T16) | V16: =IF(OR($U16="",$L16=0),"",$U16/$L16) | W16: chuyển từ Tháng 7 dòng 16 | X16: =IF($C16="","",IF(AND($H16="",N($I16)=0,N($K16)=0),"Dòng chỉ lưu thông tin khách (chưa có đơn); ",IF($B16="","Thiếu ngày đặt; ","")&IF($H16="","Thiếu tên sản phẩm; ",IF($J16="","Chưa khai GIÁ GỐC ở BẢNG GIÁ GỐC; ",""))&IF(N($I16)<=0,"Thiếu số lượng; ","")&IF(N($K16)<=0,"Thiếu giá bán; ","")&IF(AND($N16>0,$F16=""),"Khách lấy VAT thiếu mã số thuế; ","")&IF(N($Q16)>$P16,"Đã thu vượt tổng phải thu; ","")&IF(AND($L16>0,$U16<>"",$U16<0),"CẢNH BÁO: ĐƠN NÀY ĐANG LỖ; ",""))) -> Chưa khai GIÁ GỐC ở BẢNG GIÁ GỐC;
A17: =IF($C17="","",COUNTA($C$10:$C17)) -> 8 | B17: 46210 | C17: BGB - SPA ĐẸP TPHCM | D17: 0399871317 | G17: 134 Liêu Bình Dương, Thị trấn Củ Chi, TPHCM | H17: gấu trắng, gấu nâu | I17: 100 | J17: =IF($H17="","",IFERROR(VLOOKUP($H17,'BẢNG GIÁ GỐC'!$A$5:$D$254,3,FALSE()),"")) -> 0 | K17: 45000 | L17: =IF($C17="","",N($I17)*N($K17)) -> 4500000 | M17: Không lấy VAT | N17: =IF($C17="","",IF($M17="VAT 5%",0.05,IF($M17="VAT 8%",0.08,IF($M17="VAT 10%",0.1,0)))) -> 0 | O17: =IF($C17="","",$L17*$N17) -> 0 | P17: =IF($C17="","",$L17+$O17) -> 4500000 | Q17: 4500000 | R17: =IF($C17="","",MAX(0,$P17-N($Q17))) -> 0 | S17: =IF(OR($C17="",$P17=0),"",IF(N($Q17)<=0,"Chưa thanh toán",IF(N($Q17)<$P17,"Thanh toán một phần","Đã thanh toán"))) -> Đã thanh toán | T17: =IF(OR($C17="",$J17=""),"",N($I17)*$J17) | U17: =IF(OR($C17="",$T17=""),"",$L17-$T17) | V17: =IF(OR($U17="",$L17=0),"",$U17/$L17) | W17: chuyển từ Tháng 7 dòng 17 | X17: =IF($C17="","",IF(AND($H17="",N($I17)=0,N($K17)=0),"Dòng chỉ lưu thông tin khách (chưa có đơn); ",IF($B17="","Thiếu ngày đặt; ","")&IF($H17="","Thiếu tên sản phẩm; ",IF($J17="","Chưa khai GIÁ GỐC ở BẢNG GIÁ GỐC; ",""))&IF(N($I17)<=0,"Thiếu số lượng; ","")&IF(N($K17)<=0,"Thiếu giá bán; ","")&IF(AND($N17>0,$F17=""),"Khách lấy VAT thiếu mã số thuế; ","")&IF(N($Q17)>$P17,"Đã thu vượt tổng phải thu; ","")&IF(AND($L17>0,$U17<>"",$U17<0),"CẢNH BÁO: ĐƠN NÀY ĐANG LỖ; ",""))) -> Chưa khai GIÁ GỐC ở BẢNG GIÁ GỐC;
A18: =IF($C18="","",COUNTA($C$10:$C18)) -> 9 | B18: 46211 | C18: NHA KHOA VÂN ANH | D18: 0943599705 | E18: CÔNG TY CỔ PHẦN TPA DENTAL | F18: 0901232239 | G18: nha khoa Vân Anh, 301 Minh Khai, Từ Sơn, Bắc Ninh | H18: gấu nâu ngồi | I18: 50 | J18: =IF($H18="","",IFERROR(VLOOKUP($H18,'BẢNG GIÁ GỐC'!$A$5:$D$254,3,FALSE()),"")) -> 0 | K18: 50000 | L18: =IF($C18="","",N($I18)*N($K18)) -> 2500000 | M18: VAT 8% | N18: =IF($C18="","",IF($M18="VAT 5%",0.05,IF($M18="VAT 8%",0.08,IF($M18="VAT 10%",0.1,0)))) -> 0.08 | O18: =IF($C18="","",$L18*$N18) -> 200000 | P18: =IF($C18="","",$L18+$O18) -> 2700000 | Q18: 2500000 | R18: =IF($C18="","",MAX(0,$P18-N($Q18))) -> 200000 | S18: =IF(OR($C18="",$P18=0),"",IF(N($Q18)<=0,"Chưa thanh toán",IF(N($Q18)<$P18,"Thanh toán một phần","Đã thanh toán"))) -> Thanh toán một phần | T18: =IF(OR($C18="",$J18=""),"",N($I18)*$J18) | U18: =IF(OR($C18="",$T18=""),"",$L18-$T18) | V18: =IF(OR($U18="",$L18=0),"",$U18/$L18) | W18: lỗi logo trả lại cho khách 200k | chuyển từ Tháng 7 dòng 41 | X18: =IF($C18="","",IF(AND($H18="",N($I18)=0,N($K18)=0),"Dòng chỉ lưu thông tin khách (chưa có đơn); ",IF($B18="","Thiếu ngày đặt; ","")&IF($H18="","Thiếu tên sản phẩm; ",IF($J18="","Chưa khai GIÁ GỐC ở BẢNG GIÁ GỐC; ",""))&IF(N($I18)<=0,"Thiếu số lượng; ","")&IF(N($K18)<=0,"Thiếu giá bán; ","")&IF(AND($N18>0,$F18=""),"Khách lấy VAT thiếu mã số thuế; ","")&IF(N($Q18)>$P18,"Đã thu vượt tổng phải thu; ","")&IF(AND($L18>0,$U18<>"",$U18<0),"CẢNH BÁO: ĐƠN NÀY ĐANG LỖ; ",""))) -> Chưa khai GIÁ GỐC ở BẢNG GIÁ GỐC;
A19: =IF($C19="","",COUNTA($C$10:$C19)) -> 10 | B19: 46211 | C19: SPA TUYẾT LISA | D19: 0975299444 | G19: 53 nguyễn văn bổng phường Khuê Trung đà nẵng | H19: gấu nâu 25cm | I19: 50 | J19: =IF($H19="","",IFERROR(VLOOKUP($H19,'BẢNG GIÁ GỐC'!$A$5:$D$254,3,FALSE()),"")) -> 0 | K19: 50000 | L19: =IF($C19="","",N($I19)*N($K19)) -> 2500000 | M19: Không lấy VAT | N19: =IF($C19="","",IF($M19="VAT 5%",0.05,IF($M19="VAT 8%",0.08,IF($M19="VAT 10%",0.1,0)))) -> 0 | O19: =IF($C19="","",$L19*$N19) -> 0 | P19: =IF($C19="","",$L19+$O19) -> 2500000 | Q19: 2500000 | R19: =IF($C19="","",MAX(0,$P19-N($Q19))) -> 0 | S19: =IF(OR($C19="",$P19=0),"",IF(N($Q19)<=0,"Chưa thanh toán",IF(N($Q19)<$P19,"Thanh toán một phần","Đã thanh toán"))) -> Đã thanh toán | T19: =IF(OR($C19="",$J19=""),"",N($I19)*$J19) | U19: =IF(OR($C19="",$T19=""),"",$L19-$T19) | V19: =IF(OR($U19="",$L19=0),"",$U19/$L19) | W19: chuyển từ Tháng 7 dòng 42 | X19: =IF($C19="","",IF(AND($H19="",N($I19)=0,N($K19)=0),"Dòng chỉ lưu thông tin khách (chưa có đơn); ",IF($B19="","Thiếu ngày đặt; ","")&IF($H19="","Thiếu tên sản phẩm; ",IF($J19="","Chưa khai GIÁ GỐC ở BẢNG GIÁ GỐC; ",""))&IF(N($I19)<=0,"Thiếu số lượng; ","")&IF(N($K19)<=0,"Thiếu giá bán; ","")&IF(AND($N19>0,$F19=""),"Khách lấy VAT thiếu mã số thuế; ","")&IF(N($Q19)>$P19,"Đã thu vượt tổng phải thu; ","")&IF(AND($L19>0,$U19<>"",$U19<0),"CẢNH BÁO: ĐƠN NÀY ĐANG LỖ; ",""))) -> Chưa khai GIÁ GỐC ở BẢNG GIÁ GỐC;
A20: =IF($C20="","",COUNTA($C$10:$C20)) -> 11 | B20: 46211 | C20: LÀM ĐẸP THỦY MỘC | D20: 0909377298 | G20: F12/21 Quách Điêu - tổ 25 - Vĩnh Lộc - tpHCM | H20: gấu trắng | I20: 60 | J20: =IF($H20="","",IFERROR(VLOOKUP($H20,'BẢNG GIÁ GỐC'!$A$5:$D$254,3,FALSE()),"")) -> 0 | K20: 48000 | L20: =IF($C20="","",N($I20)*N($K20)) -> 2880000 | M20: Không lấy VAT | N20: =IF($C20="","",IF($M20="VAT 5%",0.05,IF($M20="VAT 8%",0.08,IF($M20="VAT 10%",0.1,0)))) -> 0 | O20: =IF($C20="","",$L20*$N20) -> 0 | P20: =IF($C20="","",$L20+$O20) -> 2880000 | Q20: 2880000 | R20: =IF($C20="","",MAX(0,$P20-N($Q20))) -> 0 | S20: =IF(OR($C20="",$P20=0),"",IF(N($Q20)<=0,"Chưa thanh toán",IF(N($Q20)<$P20,"Thanh toán một phần","Đã thanh toán"))) -> Đã thanh toán | T20: =IF(OR($C20="",$J20=""),"",N($I20)*$J20) | U20: =IF(OR($C20="",$T20=""),"",$L20-$T20) | V20: =IF(OR($U20="",$L20=0),"",$U20/$L20) | W20: chuyển từ Tháng 7 dòng 43 | X20: =IF($C20="","",IF(AND($H20="",N($I20)=0,N($K20)=0),"Dòng chỉ lưu thông tin khách (chưa có đơn); ",IF($B20="","Thiếu ngày đặt; ","")&IF($H20="","Thiếu tên sản phẩm; ",IF($J20="","Chưa khai GIÁ GỐC ở BẢNG GIÁ GỐC; ",""))&IF(N($I20)<=0,"Thiếu số lượng; ","")&IF(N($K20)<=0,"Thiếu giá bán; ","")&IF(AND($N20>0,$F20=""),"Khách lấy VAT thiếu mã số thuế; ","")&IF(N($Q20)>$P20,"Đã thu vượt tổng phải thu; ","")&IF(AND($L20>0,$U20<>"",$U20<0),"CẢNH BÁO: ĐƠN NÀY ĐANG LỖ; ",""))) -> Chưa khai GIÁ GỐC ở BẢNG GIÁ GỐC;
A21: =IF($C21="","",COUNTA($C$10:$C21)) -> 12 | B21: 46212 | C21: HAU - ĐHKTHN | G21: ĐHKTHN | H21: gấu nâu | I21: 312 | J21: =IF($H21="","",IFERROR(VLOOKUP($H21,'BẢNG GIÁ GỐC'!$A$5:$D$254,3,FALSE()),"")) -> 0 | K21: 50000 | L21: =IF($C21="","",N($I21)*N($K21)) -> 15600000 | M21: Không lấy VAT | N21: =IF($C21="","",IF($M21="VAT 5%",0.05,IF($M21="VAT 8%",0.08,IF($M21="VAT 10%",0.1,0)))) -> 0 | O21: =IF($C21="","",$L21*$N21) -> 0 | P21: =IF($C21="","",$L21+$O21) -> 15600000 | Q21: 15600000 | R21: =IF($C21="","",MAX(0,$P21-N($Q21))) -> 0 | S21: =IF(OR($C21="",$P21=0),"",IF(N($Q21)<=0,"Chưa thanh toán",IF(N($Q21)<$P21,"Thanh toán một phần","Đã thanh toán"))) -> Đã thanh toán | T21: =IF(OR($C21="",$J21=""),"",N($I21)*$J21) | U21: =IF(OR($C21="",$T21=""),"",$L21-$T21) | V21: =IF(OR($U21="",$L21=0),"",$U21/$L21) | W21: chuyển từ Tháng 7 dòng 44 | X21: =IF($C21="","",IF(AND($H21="",N($I21)=0,N($K21)=0),"Dòng chỉ lưu thông tin khách (chưa có đơn); ",IF($B21="","Thiếu ngày đặt; ","")&IF($H21="","Thiếu tên sản phẩm; ",IF($J21="","Chưa khai GIÁ GỐC ở BẢNG GIÁ GỐC; ",""))&IF(N($I21)<=0,"Thiếu số lượng; ","")&IF(N($K21)<=0,"Thiếu giá bán; ","")&IF(AND($N21>0,$F21=""),"Khách lấy VAT thiếu mã số thuế; ","")&IF(N($Q21)>$P21,"Đã thu vượt tổng phải thu; ","")&IF(AND($L21>0,$U21<>"",$U21<0),"CẢNH BÁO: ĐƠN NÀY ĐANG LỖ; ",""))) -> Chưa khai GIÁ GỐC ở BẢNG GIÁ GỐC;
A22: =IF($C22="","",COUNTA($C$10:$C22)) -> 13 | B22: 46214 | C22: THCS - THPT HÀ THÀNH | D22: 0916283845 | E22: Trường THCS - THPT Hà Thành | F22: 0104102366 | G22: 36A Phạm Văn Đồng, Phường Nghĩa Đô, Hà Nội | H22: gấu nâu ngồi | I22: 400 | J22: =IF($H22="","",IFERROR(VLOOKUP($H22,'BẢNG GIÁ GỐC'!$A$5:$D$254,3,FALSE()),"")) -> 0 | K22: 45000 | L22: =IF($C22="","",N($I22)*N($K22)) -> 18000000 | M22: VAT 8% | N22: =IF($C22="","",IF($M22="VAT 5%",0.05,IF($M22="VAT 8%",0.08,IF($M22="VAT 10%",0.1,0)))) -> 0.08 | O22: =IF($C22="","",$L22*$N22) -> 1440000 | P22: =IF($C22="","",$L22+$O22) -> 19440000 | Q22: 19440000 | R22: =IF($C22="","",MAX(0,$P22-N($Q22))) -> 0 | S22: =IF(OR($C22="",$P22=0),"",IF(N($Q22)<=0,"Chưa thanh toán",IF(N($Q22)<$P22,"Thanh toán một phần","Đã thanh toán"))) -> Đã thanh toán | T22: =IF(OR($C22="",$J22=""),"",N($I22)*$J22) | U22: =IF(OR($C22="",$T22=""),"",$L22-$T22) | V22: =IF(OR($U22="",$L22=0),"",$U22/$L22) | W22: chuyển từ Tháng 7 dòng 45 | X22: =IF($C22="","",IF(AND($H22="",N($I22)=0,N($K22)=0),"Dòng chỉ lưu thông tin khách (chưa có đơn); ",IF($B22="","Thiếu ngày đặt; ","")&IF($H22="","Thiếu tên sản phẩm; ",IF($J22="","Chưa khai GIÁ GỐC ở BẢNG GIÁ GỐC; ",""))&IF(N($I22)<=0,"Thiếu số lượng; ","")&IF(N($K22)<=0,"Thiếu giá bán; ","")&IF(AND($N22>0,$F22=""),"Khách lấy VAT thiếu mã số thuế; ","")&IF(N($Q22)>$P22,"Đã thu vượt tổng phải thu; ","")&IF(AND($L22>0,$U22<>"",$U22<0),"CẢNH BÁO: ĐƠN NÀY ĐANG LỖ; ",""))) -> Chưa khai GIÁ GỐC ở BẢNG GIÁ GỐC;
A23: =IF($C23="","",COUNTA($C$10:$C23)) -> 14 | B23: 46214 | C23: VTV10 | D23: 0962866186 | G23: PGĐ VTV10 - 407 đường 30/4, Phường Tân An, TP Cần Thơ | H23: gấu trắng | I23: 50 | J23: =IF($H23="","",IFERROR(VLOOKUP($H23,'BẢNG GIÁ GỐC'!$A$5:$D$254,3,FALSE()),"")) -> 0 | K23: 50000 | L23: =IF($C23="","",N($I23)*N($K23)) -> 2500000 | M23: Không lấy VAT | N23: =IF($C23="","",IF($M23="VAT 5%",0.05,IF($M23="VAT 8%",0.08,IF($M23="VAT 10%",0.1,0)))) -> 0 | O23: =IF($C23="","",$L23*$N23) -> 0 | P23: =IF($C23="","",$L23+$O23) -> 2500000 | Q23: 2500000 | R23: =IF($C23="","",MAX(0,$P23-N($Q23))) -> 0 | S23: =IF(OR($C23="",$P23=0),"",IF(N($Q23)<=0,"Chưa thanh toán",IF(N($Q23)<$P23,"Thanh toán một phần","Đã thanh toán"))) -> Đã thanh toán | T23: =IF(OR($C23="",$J23=""),"",N($I23)*$J23) | U23: =IF(OR($C23="",$T23=""),"",$L23-$T23) | V23: =IF(OR($U23="",$L23=0),"",$U23/$L23) | W23: chuyển từ Tháng 7 dòng 46 | X23: =IF($C23="","",IF(AND($H23="",N($I23)=0,N($K23)=0),"Dòng chỉ lưu thông tin khách (chưa có đơn); ",IF($B23="","Thiếu ngày đặt; ","")&IF($H23="","Thiếu tên sản phẩm; ",IF($J23="","Chưa khai GIÁ GỐC ở BẢNG GIÁ GỐC; ",""))&IF(N($I23)<=0,"Thiếu số lượng; ","")&IF(N($K23)<=0,"Thiếu giá bán; ","")&IF(AND($N23>0,$F23=""),"Khách lấy VAT thiếu mã số thuế; ","")&IF(N($Q23)>$P23,"Đã thu vượt tổng phải thu; ","")&IF(AND($L23>0,$U23<>"",$U23<0),"CẢNH BÁO: ĐƠN NÀY ĐANG LỖ; ",""))) -> Chưa khai GIÁ GỐC ở BẢNG GIÁ GỐC;
A24: =IF($C24="","",COUNTA($C$10:$C24)) -> 15 | B24: 46214 | C24: BGB - Melody | H24: gấu trắng | I24: 250 | J24: =IF($H24="","",IFERROR(VLOOKUP($H24,'BẢNG GIÁ GỐC'!$A$5:$D$254,3,FALSE()),"")) -> 0 | K24: 40000 | L24: =IF($C24="","",N($I24)*N($K24)) -> 10000000 | M24: Không lấy VAT | N24: =IF($C24="","",IF($M24="VAT 5%",0.05,IF($M24="VAT 8%",0.08,IF($M24="VAT 10%",0.1,0)))) -> 0 | O24: =IF($C24="","",$L24*$N24) -> 0 | P24: =IF($C24="","",$L24+$O24) -> 10000000 | Q24: 10000000 | R24: =IF($C24="","",MAX(0,$P24-N($Q24))) -> 0 | S24: =IF(OR($C24="",$P24=0),"",IF(N($Q24)<=0,"Chưa thanh toán",IF(N($Q24)<$P24,"Thanh toán một phần","Đã thanh toán"))) -> Đã thanh toán | T24: =IF(OR($C24="",$J24=""),"",N($I24)*$J24) | U24: =IF(OR($C24="",$T24=""),"",$L24-$T24) | V24: =IF(OR($U24="",$L24=0),"",$U24/$L24) | W24: đơn này ko lãi | chuyển từ Tháng 7 dòng 47 | X24: =IF($C24="","",IF(AND($H24="",N($I24)=0,N($K24)=0),"Dòng chỉ lưu thông tin khách (chưa có đơn); ",IF($B24="","Thiếu ngày đặt; ","")&IF($H24="","Thiếu tên sản phẩm; ",IF($J24="","Chưa khai GIÁ GỐC ở BẢNG GIÁ GỐC; ",""))&IF(N($I24)<=0,"Thiếu số lượng; ","")&IF(N($K24)<=0,"Thiếu giá bán; ","")&IF(AND($N24>0,$F24=""),"Khách lấy VAT thiếu mã số thuế; ","")&IF(N($Q24)>$P24,"Đã thu vượt tổng phải thu; ","")&IF(AND($L24>0,$U24<>"",$U24<0),"CẢNH BÁO: ĐƠN NÀY ĐANG LỖ; ",""))) -> Chưa khai GIÁ GỐC ở BẢNG GIÁ GỐC;
A25: =IF($C25="","",COUNTA($C$10:$C25)) -> 16 | B25: 46214 | C25: chị Sang Phú Quốc | D25: 0976166217 | G25: Căn TH1-11, GrandWorld Khu Bãi Dài, X.Gành Dầu, H.Phú Quốc, T.Kiên Giang | H25: gối chữ U | I25: 20 | J25: =IF($H25="","",IFERROR(VLOOKUP($H25,'BẢNG GIÁ GỐC'!$A$5:$D$254,3,FALSE()),"")) -> 0 | K25: 70000 | L25: =IF($C25="","",N($I25)*N($K25)) -> 1400000 | M25: Không lấy VAT | N25: =IF($C25="","",IF($M25="VAT 5%",0.05,IF($M25="VAT 8%",0.08,IF($M25="VAT 10%",0.1,0)))) -> 0 | O25: =IF($C25="","",$L25*$N25) -> 0 | P25: =IF($C25="","",$L25+$O25) -> 1400000 | Q25: 1400000 | R25: =IF($C25="","",MAX(0,$P25-N($Q25))) -> 0 | S25: =IF(OR($C25="",$P25=0),"",IF(N($Q25)<=0,"Chưa thanh toán",IF(N($Q25)<$P25,"Thanh toán một phần","Đã thanh toán"))) -> Đã thanh toán | T25: =IF(OR($C25="",$J25=""),"",N($I25)*$J25) | U25: =IF(OR($C25="",$T25=""),"",$L25-$T25) | V25: =IF(OR($U25="",$L25=0),"",$U25/$L25) | W25: chuyển từ Tháng 7 dòng 48 | X25: =IF($C25="","",IF(AND($H25="",N($I25)=0,N($K25)=0),"Dòng chỉ lưu thông tin khách (chưa có đơn); ",IF($B25="","Thiếu ngày đặt; ","")&IF($H25="","Thiếu tên sản phẩm; ",IF($J25="","Chưa khai GIÁ GỐC ở BẢNG GIÁ GỐC; ",""))&IF(N($I25)<=0,"Thiếu số lượng; ","")&IF(N($K25)<=0,"Thiếu giá bán; ","")&IF(AND($N25>0,$F25=""),"Khách lấy VAT thiếu mã số thuế; ","")&IF(N($Q25)>$P25,"Đã thu vượt tổng phải thu; ","")&IF(AND($L25>0,$U25<>"",$U25<0),"CẢNH BÁO: ĐƠN NÀY ĐANG LỖ; ",""))) -> Chưa khai GIÁ GỐC ở BẢNG GIÁ GỐC; | Z25: TỔNG CHI PHÍ KHÁC | AC25: =SUM(AC5:AC24) -> 0
A26: =IF($C26="","",COUNTA($C$10:$C26)) -> 17 | B26: 46216 | C26: Chị Thúy - Gối U | D26: 0978939891 | G26: Toà GS1- vinhome smart city - Tây Mỗ - Hà Nội | H26: gối chữ U | I26: 50 | J26: =IF($H26="","",IFERROR(VLOOKUP($H26,'BẢNG GIÁ GỐC'!$A$5:$D$254,3,FALSE()),"")) -> 0 | K26: 55000 | L26: =IF($C26="","",N($I26)*N($K26)) -> 2750000 | M26: Không lấy VAT | N26: =IF($C26="","",IF($M26="VAT 5%",0.05,IF($M26="VAT 8%",0.08,IF($M26="VAT 10%",0.1,0)))) -> 0 | O26: =IF($C26="","",$L26*$N26) -> 0 | P26: =IF($C26="","",$L26+$O26) -> 2750000 | Q26: 2750000 | R26: =IF($C26="","",MAX(0,$P26-N($Q26))) -> 0 | S26: =IF(OR($C26="",$P26=0),"",IF(N($Q26)<=0,"Chưa thanh toán",IF(N($Q26)<$P26,"Thanh toán một phần","Đã thanh toán"))) -> Đã thanh toán | T26: =IF(OR($C26="",$J26=""),"",N($I26)*$J26) | U26: =IF(OR($C26="",$T26=""),"",$L26-$T26) | V26: =IF(OR($U26="",$L26=0),"",$U26/$L26) | W26: chuyển từ Tháng 7 dòng 49 | X26: =IF($C26="","",IF(AND($H26="",N($I26)=0,N($K26)=0),"Dòng chỉ lưu thông tin khách (chưa có đơn); ",IF($B26="","Thiếu ngày đặt; ","")&IF($H26="","Thiếu tên sản phẩm; ",IF($J26="","Chưa khai GIÁ GỐC ở BẢNG GIÁ GỐC; ",""))&IF(N($I26)<=0,"Thiếu số lượng; ","")&IF(N($K26)<=0,"Thiếu giá bán; ","")&IF(AND($N26>0,$F26=""),"Khách lấy VAT thiếu mã số thuế; ","")&IF(N($Q26)>$P26,"Đã thu vượt tổng phải thu; ","")&IF(AND($L26>0,$U26<>"",$U26<0),"CẢNH BÁO: ĐƠN NÀY ĐANG LỖ; ",""))) -> Chưa khai GIÁ GỐC ở BẢNG GIÁ GỐC;
A27: =IF($C27="","",COUNTA($C$10:$C27)) -> 18 | B27: 46216 | C27: Anh Tài - Seabank | D27: 0983470862 | G27: tòa BRG, 198 Đ. Trần Quang Khải, Hoàn Kiếm, Hà Nội | H27: gấu ngồi lông mịn | I27: 25 | J27: =IF($H27="","",IFERROR(VLOOKUP($H27,'BẢNG GIÁ GỐC'!$A$5:$D$254,3,FALSE()),"")) -> 0 | K27: 58000 | L27: =IF($C27="","",N($I27)*N($K27)) -> 1450000 | M27: Không lấy VAT | N27: =IF($C27="","",IF($M27="VAT 5%",0.05,IF($M27="VAT 8%",0.08,IF($M27="VAT 10%",0.1,0)))) -> 0 | O27: =IF($C27="","",$L27*$N27) -> 0 | P27: =IF($C27="","",$L27+$O27) -> 1450000 | Q27: 1450000 | R27: =IF($C27="","",MAX(0,$P27-N($Q27))) -> 0 | S27: =IF(OR($C27="",$P27=0),"",IF(N($Q27)<=0,"Chưa thanh toán",IF(N($Q27)<$P27,"Thanh toán một phần","Đã thanh toán"))) -> Đã thanh toán | T27: =IF(OR($C27="",$J27=""),"",N($I27)*$J27) | U27: =IF(OR($C27="",$T27=""),"",$L27-$T27) | V27: =IF(OR($U27="",$L27=0),"",$U27/$L27) | W27: chuyển từ Tháng 7 dòng 50 | X27: =IF($C27="","",IF(AND($H27="",N($I27)=0,N($K27)=0),"Dòng chỉ lưu thông tin khách (chưa có đơn); ",IF($B27="","Thiếu ngày đặt; ","")&IF($H27="","Thiếu tên sản phẩm; ",IF($J27="","Chưa khai GIÁ GỐC ở BẢNG GIÁ GỐC; ",""))&IF(N($I27)<=0,"Thiếu số lượng; ","")&IF(N($K27)<=0,"Thiếu giá bán; ","")&IF(AND($N27>0,$F27=""),"Khách lấy VAT thiếu mã số thuế; ","")&IF(N($Q27)>$P27,"Đã thu vượt tổng phải thu; ","")&IF(AND($L27>0,$U27<>"",$U27<0),"CẢNH BÁO: ĐƠN NÀY ĐANG LỖ; ",""))) -> Chưa khai GIÁ GỐC ở BẢNG GIÁ GỐC;
A28: =IF($C28="","",COUNTA($C$10:$C28)) -> 19 | B28: 46216 | C28: Mrs Thương - Du Lịch Trọn Gói | D28: 094.874.1368 | H28: gấu trắng | I28: 30 | J28: =IF($H28="","",IFERROR(VLOOKUP($H28,'BẢNG GIÁ GỐC'!$A$5:$D$254,3,FALSE()),"")) -> 0 | K28: 48000 | L28: =IF($C28="","",N($I28)*N($K28)) -> 1440000 | M28: Không lấy VAT | N28: =IF($C28="","",IF($M28="VAT 5%",0.05,IF($M28="VAT 8%",0.08,IF($M28="VAT 10%",0.1,0)))) -> 0 | O28: =IF($C28="","",$L28*$N28) -> 0 | P28: =IF($C28="","",$L28+$O28) -> 1440000 | Q28: 1440000 | R28: =IF($C28="","",MAX(0,$P28-N($Q28))) -> 0 | S28: =IF(OR($C28="",$P28=0),"",IF(N($Q28)<=0,"Chưa thanh toán",IF(N($Q28)<$P28,"Thanh toán một phần","Đã thanh toán"))) -> Đã thanh toán | T28: =IF(OR($C28="",$J28=""),"",N($I28)*$J28) | U28: =IF(OR($C28="",$T28=""),"",$L28-$T28) | V28: =IF(OR($U28="",$L28=0),"",$U28/$L28) | W28: chuyển từ Tháng 7 dòng 51 | X28: =IF($C28="","",IF(AND($H28="",N($I28)=0,N($K28)=0),"Dòng chỉ lưu thông tin khách (chưa có đơn); ",IF($B28="","Thiếu ngày đặt; ","")&IF($H28="","Thiếu tên sản phẩm; ",IF($J28="","Chưa khai GIÁ GỐC ở BẢNG GIÁ GỐC; ",""))&IF(N($I28)<=0,"Thiếu số lượng; ","")&IF(N($K28)<=0,"Thiếu giá bán; ","")&IF(AND($N28>0,$F28=""),"Khách lấy VAT thiếu mã số thuế; ","")&IF(N($Q28)>$P28,"Đã thu vượt tổng phải thu; ","")&IF(AND($L28>0,$U28<>"",$U28<0),"CẢNH BÁO: ĐƠN NÀY ĐANG LỖ; ",""))) -> Chưa khai GIÁ GỐC ở BẢNG GIÁ GỐC;
A29: =IF($C29="","",COUNTA($C$10:$C29)) -> 20 | B29: 46216 | C29: MÓC KHÓA BGB - ANH NGỮ WIN | D29: 0909828699 | G29: 276 hùng vương, thôn 4a, xã Đạ Tẻh, Lâm Đồng. | H29: móc khóa | I29: 50 | J29: =IF($H29="","",IFERROR(VLOOKUP($H29,'BẢNG GIÁ GỐC'!$A$5:$D$254,3,FALSE()),"")) -> 0 | K29: 29000 | L29: =IF($C29="","",N($I29)*N($K29)) -> 1450000 | M29: Không lấy VAT | N29: =IF($C29="","",IF($M29="VAT 5%",0.05,IF($M29="VAT 8%",0.08,IF($M29="VAT 10%",0.1,0)))) -> 0 | O29: =IF($C29="","",$L29*$N29) -> 0 | P29: =IF($C29="","",$L29+$O29) -> 1450000 | Q29: 725000 | R29: =IF($C29="","",MAX(0,$P29-N($Q29))) -> 725000 | S29: =IF(OR($C29="",$P29=0),"",IF(N($Q29)<=0,"Chưa thanh toán",IF(N($Q29)<$P29,"Thanh toán một phần","Đã thanh toán"))) -> Thanh toán một phần | T29: =IF(OR($C29="",$J29=""),"",N($I29)*$J29) | U29: =IF(OR($C29="",$T29=""),"",$L29-$T29) | V29: =IF(OR($U29="",$L29=0),"",$U29/$L29) | W29: chuyển từ Tháng 7 dòng 52 | X29: =IF($C29="","",IF(AND($H29="",N($I29)=0,N($K29)=0),"Dòng chỉ lưu thông tin khách (chưa có đơn); ",IF($B29="","Thiếu ngày đặt; ","")&IF($H29="","Thiếu tên sản phẩm; ",IF($J29="","Chưa khai GIÁ GỐC ở BẢNG GIÁ GỐC; ",""))&IF(N($I29)<=0,"Thiếu số lượng; ","")&IF(N($K29)<=0,"Thiếu giá bán; ","")&IF(AND($N29>0,$F29=""),"Khách lấy VAT thiếu mã số thuế; ","")&IF(N($Q29)>$P29,"Đã thu vượt tổng phải thu; ","")&IF(AND($L29>0,$U29<>"",$U29<0),"CẢNH BÁO: ĐƠN NÀY ĐANG LỖ; ",""))) -> Chưa khai GIÁ GỐC ở BẢNG GIÁ GỐC;
A30: =IF($C30="","",COUNTA($C$10:$C30)) -> 21 | B30: 46217 | C30: BGB - CHỊ QUỲNH 35C | D30: 0918479558 | G30: Tòa Nhà Viễn Thông 9, Số 641 Đường Phạm Văn Đồng, Phường Nghĩa Đô, Thành Phố Hà Nội | H30: gấu trắng | I30: 35 | J30: =IF($H30="","",IFERROR(VLOOKUP($H30,'BẢNG GIÁ GỐC'!$A$5:$D$254,3,FALSE()),"")) -> 0 | K30: 50000 | L30: =IF($C30="","",N($I30)*N($K30)) -> 1750000 | M30: Không lấy VAT | N30: =IF($C30="","",IF($M30="VAT 5%",0.05,IF($M30="VAT 8%",0.08,IF($M30="VAT 10%",0.1,0)))) -> 0 | O30: =IF($C30="","",$L30*$N30) -> 0 | P30: =IF($C30="","",$L30+$O30) -> 1750000 | Q30: 1750000 | R30: =IF($C30="","",MAX(0,$P30-N($Q30))) -> 0 | S30: =IF(OR($C30="",$P30=0),"",IF(N($Q30)<=0,"Chưa thanh toán",IF(N($Q30)<$P30,"Thanh toán một phần","Đã thanh toán"))) -> Đã thanh toán | T30: =IF(OR($C30="",$J30=""),"",N($I30)*$J30) | U30: =IF(OR($C30="",$T30=""),"",$L30-$T30) | V30: =IF(OR($U30="",$L30=0),"",$U30/$L30) | W30: chuyển từ Tháng 7 dòng 53 | X30: =IF($C30="","",IF(AND($H30="",N($I30)=0,N($K30)=0),"Dòng chỉ lưu thông tin khách (chưa có đơn); ",IF($B30="","Thiếu ngày đặt; ","")&IF($H30="","Thiếu tên sản phẩm; ",IF($J30="","Chưa khai GIÁ GỐC ở BẢNG GIÁ GỐC; ",""))&IF(N($I30)<=0,"Thiếu số lượng; ","")&IF(N($K30)<=0,"Thiếu giá bán; ","")&IF(AND($N30>0,$F30=""),"Khách lấy VAT thiếu mã số thuế; ","")&IF(N($Q30)>$P30,"Đã thu vượt tổng phải thu; ","")&IF(AND($L30>0,$U30<>"",$U30<0),"CẢNH BÁO: ĐƠN NÀY ĐANG LỖ; ",""))) -> Chưa khai GIÁ GỐC ở BẢNG GIÁ GỐC;
A31: =IF($C31="","",COUNTA($C$10:$C31)) -> 22 | B31: 46217 | C31: BGB - ANH HẢI 20C | D31: 0907 188 988 | G31: 68/10/08 Hoàng Việt, Phường Đạo Thạnh, tỉnh Đồng Tháp | H31: gấu nâu 30cm | I31: 20 | J31: =IF($H31="","",IFERROR(VLOOKUP($H31,'BẢNG GIÁ GỐC'!$A$5:$D$254,3,FALSE()),"")) -> 0 | K31: 50000 | L31: =IF($C31="","",N($I31)*N($K31)) -> 1000000 | M31: Không lấy VAT | N31: =IF($C31="","",IF($M31="VAT 5%",0.05,IF($M31="VAT 8%",0.08,IF($M31="VAT 10%",0.1,0)))) -> 0 | O31: =IF($C31="","",$L31*$N31) -> 0 | P31: =IF($C31="","",$L31+$O31) -> 1000000 | Q31: 1000000 | R31: =IF($C31="","",MAX(0,$P31-N($Q31))) -> 0 | S31: =IF(OR($C31="",$P31=0),"",IF(N($Q31)<=0,"Chưa thanh toán",IF(N($Q31)<$P31,"Thanh toán một phần","Đã thanh toán"))) -> Đã thanh toán | T31: =IF(OR($C31="",$J31=""),"",N($I31)*$J31) | U31: =IF(OR($C31="",$T31=""),"",$L31-$T31) | V31: =IF(OR($U31="",$L31=0),"",$U31/$L31) | W31: chuyển từ Tháng 7 dòng 54 | X31: =IF($C31="","",IF(AND($H31="",N($I31)=0,N($K31)=0),"Dòng chỉ lưu thông tin khách (chưa có đơn); ",IF($B31="","Thiếu ngày đặt; ","")&IF($H31="","Thiếu tên sản phẩm; ",IF($J31="","Chưa khai GIÁ GỐC ở BẢNG GIÁ GỐC; ",""))&IF(N($I31)<=0,"Thiếu số lượng; ","")&IF(N($K31)<=0,"Thiếu giá bán; ","")&IF(AND($N31>0,$F31=""),"Khách lấy VAT thiếu mã số thuế; ","")&IF(N($Q31)>$P31,"Đã thu vượt tổng phải thu; ","")&IF(AND($L31>0,$U31<>"",$U31<0),"CẢNH BÁO: ĐƠN NÀY ĐANG LỖ; ",""))) -> Chưa khai GIÁ GỐC ở BẢNG GIÁ GỐC;
A32: =IF($C32="","",COUNTA($C$10:$C32)) -> 23 | B32: 46217 | C32: BGB - ANH KIỆT MEDIA | D32: 0354065678 | G32: 208 nguyễn tất thành - thành phố pleiku | H32: gấu ngồi lông mịn, gấu panda | I32: 100 | J32: =IF($H32="","",IFERROR(VLOOKUP($H32,'BẢNG GIÁ GỐC'!$A$5:$D$254,3,FALSE()),"")) -> 0 | K32: 62500 | L32: =IF($C32="","",N($I32)*N($K32)) -> 6250000 | M32: Không lấy VAT | N32: =IF($C32="","",IF($M32="VAT 5%",0.05,IF($M32="VAT 8%",0.08,IF($M32="VAT 10%",0.1,0)))) -> 0 | O32: =IF($C32="","",$L32*$N32) -> 0 | P32: =IF($C32="","",$L32+$O32) -> 6250000 | Q32: 6250000 | R32: =IF($C32="","",MAX(0,$P32-N($Q32))) -> 0 | S32: =IF(OR($C32="",$P32=0),"",IF(N($Q32)<=0,"Chưa thanh toán",IF(N($Q32)<$P32,"Thanh toán một phần","Đã thanh toán"))) -> Đã thanh toán | T32: =IF(OR($C32="",$J32=""),"",N($I32)*$J32) | U32: =IF(OR($C32="",$T32=""),"",$L32-$T32) | V32: =IF(OR($U32="",$L32=0),"",$U32/$L32) | W32: chuyển từ Tháng 7 dòng 55 | đơn giá suy từ thành tiền | X32: =IF($C32="","",IF(AND($H32="",N($I32)=0,N($K32)=0),"Dòng chỉ lưu thông tin khách (chưa có đơn); ",IF($B32="","Thiếu ngày đặt; ","")&IF($H32="","Thiếu tên sản phẩm; ",IF($J32="","Chưa khai GIÁ GỐC ở BẢNG GIÁ GỐC; ",""))&IF(N($I32)<=0,"Thiếu số lượng; ","")&IF(N($K32)<=0,"Thiếu giá bán; ","")&IF(AND($N32>0,$F32=""),"Khách lấy VAT thiếu mã số thuế; ","")&IF(N($Q32)>$P32,"Đã thu vượt tổng phải thu; ","")&IF(AND($L32>0,$U32<>"",$U32<0),"CẢNH BÁO: ĐƠN NÀY ĐANG LỖ; ",""))) -> Chưa khai GIÁ GỐC ở BẢNG GIÁ GỐC;
A33: =IF($C33="","",COUNTA($C$10:$C33)) -> 24 | B33: 46219 | C33: BGB - WEAUTOMATE 90C | D33: 0904415147 | H33: Gấu HT 30cm | I33: 90 | J33: =IF($H33="","",IFERROR(VLOOKUP($H33,'BẢNG GIÁ GỐC'!$A$5:$D$254,3,FALSE()),"")) -> 0 | K33: 65000 | L33: =IF($C33="","",N($I33)*N($K33)) -> 5850000 | M33: VAT 8% | N33: =IF($C33="","",IF($M33="VAT 5%",0.05,IF($M33="VAT 8%",0.08,IF($M33="VAT 10%",0.1,0)))) -> 0.08 | O33: =IF($C33="","",$L33*$N33) -> 468000 | P33: =IF($C33="","",$L33+$O33) -> 6318000 | Q33: 6318000 | R33: =IF($C33="","",MAX(0,$P33-N($Q33))) -> 0 | S33: =IF(OR($C33="",$P33=0),"",IF(N($Q33)<=0,"Chưa thanh toán",IF(N($Q33)<$P33,"Thanh toán một phần","Đã thanh toán"))) -> Đã thanh toán | T33: =IF(OR($C33="",$J33=""),"",N($I33)*$J33) | U33: =IF(OR($C33="",$T33=""),"",$L33-$T33) | V33: =IF(OR($U33="",$L33=0),"",$U33/$L33) | W33: chuyển từ Tháng 7 dòng 123 | X33: =IF($C33="","",IF(AND($H33="",N($I33)=0,N($K33)=0),"Dòng chỉ lưu thông tin khách (chưa có đơn); ",IF($B33="","Thiếu ngày đặt; ","")&IF($H33="","Thiếu tên sản phẩm; ",IF($J33="","Chưa khai GIÁ GỐC ở BẢNG GIÁ GỐC; ",""))&IF(N($I33)<=0,"Thiếu số lượng; ","")&IF(N($K33)<=0,"Thiếu giá bán; ","")&IF(AND($N33>0,$F33=""),"Khách lấy VAT thiếu mã số thuế; ","")&IF(N($Q33)>$P33,"Đã thu vượt tổng phải thu; ","")&IF(AND($L33>0,$U33<>"",$U33<0),"CẢNH BÁO: ĐƠN NÀY ĐANG LỖ; ",""))) -> Chưa khai GIÁ GỐC ở BẢNG GIÁ GỐC; Khách lấy VAT thiếu mã số thuế;
A34: =IF($C34="","",COUNTA($C$10:$C34)) -> 25 | B34: 46219 | C34: Ánh Linh music | D34: 097 7102094 | G34: đền thờ Hai Bà Trưng - Thôn 2 Hạ Lôi - xã Mê Linh - Tp Hà Nội | H34: CÁ BABY SHARK | I34: 60 | J34: =IF($H34="","",IFERROR(VLOOKUP($H34,'BẢNG GIÁ GỐC'!$A$5:$D$254,3,FALSE()),"")) -> 0 | K34: 48000 | L34: =IF($C34="","",N($I34)*N($K34)) -> 2880000 | M34: Không lấy VAT | N34: =IF($C34="","",IF($M34="VAT 5%",0.05,IF($M34="VAT 8%",0.08,IF($M34="VAT 10%",0.1,0)))) -> 0 | O34: =IF($C34="","",$L34*$N34) -> 0 | P34: =IF($C34="","",$L34+$O34) -> 2880000 | Q34: 2880000 | R34: =IF($C34="","",MAX(0,$P34-N($Q34))) -> 0 | S34: =IF(OR($C34="",$P34=0),"",IF(N($Q34)<=0,"Chưa thanh toán",IF(N($Q34)<$P34,"Thanh toán một phần","Đã thanh toán"))) -> Đã thanh toán | T34: =IF(OR($C34="",$J34=""),"",N($I34)*$J34) | U34: =IF(OR($C34="",$T34=""),"",$L34-$T34) | V34: =IF(OR($U34="",$L34=0),"",$U34/$L34) | W34: chuyển từ Tháng 7 dòng 124 | X34: =IF($C34="","",IF(AND($H34="",N($I34)=0,N($K34)=0),"Dòng chỉ lưu thông tin khách (chưa có đơn); ",IF($B34="","Thiếu ngày đặt; ","")&IF($H34="","Thiếu tên sản phẩm; ",IF($J34="","Chưa khai GIÁ GỐC ở BẢNG GIÁ GỐC; ",""))&IF(N($I34)<=0,"Thiếu số lượng; ","")&IF(N($K34)<=0,"Thiếu giá bán; ","")&IF(AND($N34>0,$F34=""),"Khách lấy VAT thiếu mã số thuế; ","")&IF(N($Q34)>$P34,"Đã thu vượt tổng phải thu; ","")&IF(AND($L34>0,$U34<>"",$U34<0),"CẢNH BÁO: ĐƠN NÀY ĐANG LỖ; ",""))) -> Chưa khai GIÁ GỐC ở BẢNG GIÁ GỐC;
A35: =IF($C35="","",COUNTA($C$10:$C35)) -> 26 | B35: 46219 | C35: BGB - Chị LINH CAO 100G | D35: 078 833 2168 | G35: 115 Hai Bà Trưng, Lê Chân, Hải Phòng | H35: Gấu nâu | I35: 100 | J35: =IF($H35="","",IFERROR(VLOOKUP($H35,'BẢNG GIÁ GỐC'!$A$5:$D$254,3,FALSE()),"")) -> 0 | K35: 48000 | L35: =IF($C35="","",N($I35)*N($K35)) -> 4800000 | M35: Không lấy VAT | N35: =IF($C35="","",IF($M35="VAT 5%",0.05,IF($M35="VAT 8%",0.08,IF($M35="VAT 10%",0.1,0)))) -> 0 | O35: =IF($C35="","",$L35*$N35) -> 0 | P35: =IF($C35="","",$L35+$O35) -> 4800000 | Q35: 4800000 | R35: =IF($C35="","",MAX(0,$P35-N($Q35))) -> 0 | S35: =IF(OR($C35="",$P35=0),"",IF(N($Q35)<=0,"Chưa thanh toán",IF(N($Q35)<$P35,"Thanh toán một phần","Đã thanh toán"))) -> Đã thanh toán | T35: =IF(OR($C35="",$J35=""),"",N($I35)*$J35) | U35: =IF(OR($C35="",$T35=""),"",$L35-$T35) | V35: =IF(OR($U35="",$L35=0),"",$U35/$L35) | W35: Chưa có gấu làm cho khách | chuyển từ Tháng 7 dòng 125 | X35: =IF($C35="","",IF(AND($H35="",N($I35)=0,N($K35)=0),"Dòng chỉ lưu thông tin khách (chưa có đơn); ",IF($B35="","Thiếu ngày đặt; ","")&IF($H35="","Thiếu tên sản phẩm; ",IF($J35="","Chưa khai GIÁ GỐC ở BẢNG GIÁ GỐC; ",""))&IF(N($I35)<=0,"Thiếu số lượng; ","")&IF(N($K35)<=0,"Thiếu giá bán; ","")&IF(AND($N35>0,$F35=""),"Khách lấy VAT thiếu mã số thuế; ","")&IF(N($Q35)>$P35,"Đã thu vượt tổng phải thu; ","")&IF(AND($L35>0,$U35<>"",$U35<0),"CẢNH BÁO: ĐƠN NÀY ĐANG LỖ; ",""))) -> Chưa khai GIÁ GỐC ở BẢNG GIÁ GỐC;
A36: =IF($C36="","",COUNTA($C$10:$C36)) -> 27 | B36: 46219 | C36: BGB - NHẬT ANH IQ 100C | D36: 0987999723 | G36: 12 liền kề 2 số 90 Nguyễn Tuân, phường Thanh Xuân, Hà Nội | H36: gấu trắng, gấu nâu | I36: 100 | J36: =IF($H36="","",IFERROR(VLOOKUP($H36,'BẢNG GIÁ GỐC'!$A$5:$D$254,3,FALSE()),"")) -> 0 | K36: 45000 | L36: =IF($C36="","",N($I36)*N($K36)) -> 4500000 | M36: Không lấy VAT | N36: =IF($C36="","",IF($M36="VAT 5%",0.05,IF($M36="VAT 8%",0.08,IF($M36="VAT 10%",0.1,0)))) -> 0 | O36: =IF($C36="","",$L36*$N36) -> 0 | P36: =IF($C36="","",$L36+$O36) -> 4500000 | Q36: 4500000 | R36: =IF($C36="","",MAX(0,$P36-N($Q36))) -> 0 | S36: =IF(OR($C36="",$P36=0),"",IF(N($Q36)<=0,"Chưa thanh toán",IF(N($Q36)<$P36,"Thanh toán một phần","Đã thanh toán"))) -> Đã thanh toán | T36: =IF(OR($C36="",$J36=""),"",N($I36)*$J36) | U36: =IF(OR($C36="",$T36=""),"",$L36-$T36) | V36: =IF(OR($U36="",$L36=0),"",$U36/$L36) | W36: chuyển từ Tháng 7 dòng 126 | X36: =IF($C36="","",IF(AND($H36="",N($I36)=0,N($K36)=0),"Dòng chỉ lưu thông tin khách (chưa có đơn); ",IF($B36="","Thiếu ngày đặt; ","")&IF($H36="","Thiếu tên sản phẩm; ",IF($J36="","Chưa khai GIÁ GỐC ở BẢNG GIÁ GỐC; ",""))&IF(N($I36)<=0,"Thiếu số lượng; ","")&IF(N($K36)<=0,"Thiếu giá bán; ","")&IF(AND($N36>0,$F36=""),"Khách lấy VAT thiếu mã số thuế; ","")&IF(N($Q36)>$P36,"Đã thu vượt tổng phải thu; ","")&IF(AND($L36>0,$U36<>"",$U36<0),"CẢNH BÁO: ĐƠN NÀY ĐANG LỖ; ",""))) -> Chưa khai GIÁ GỐC ở BẢNG GIÁ GỐC;
A37: =IF($C37="","",COUNTA($C$10:$C37)) -> 28 | B37: 46220 | C37: BGB - VIAEL 100g | D37: 0968747832 | G37: VIA English - GTMTT 02, K1 Khai Sơn city, Nguyễn Gia Bồng, Bồ Đề, HN em ạ | H37: gấu ngồi lông mịn kèm mũ tn | I37: 100 | J37: =IF($H37="","",IFERROR(VLOOKUP($H37,'BẢNG GIÁ GỐC'!$A$5:$D$254,3,FALSE()),"")) -> 0 | K37: 48000 | L37: =IF($C37="","",N($I37)*N($K37)) -> 4800000 | M37: VAT 8% | N37: =IF($C37="","",IF($M37="VAT 5%",0.05,IF($M37="VAT 8%",0.08,IF($M37="VAT 10%",0.1,0)))) -> 0.08 | O37: =IF($C37="","",$L37*$N37) -> 384000 | P37: =IF($C37="","",$L37+$O37) -> 5184000 | Q37: 2600000 | R37: =IF($C37="","",MAX(0,$P37-N($Q37))) -> 2584000 | S37: =IF(OR($C37="",$P37=0),"",IF(N($Q37)<=0,"Chưa thanh toán",IF(N($Q37)<$P37,"Thanh toán một phần","Đã thanh toán"))) -> Thanh toán một phần | T37: =IF(OR($C37="",$J37=""),"",N($I37)*$J37) | U37: =IF(OR($C37="",$T37=""),"",$L37-$T37) | V37: =IF(OR($U37="",$L37=0),"",$U37/$L37) | W37: kh đang báo đi lại lệnh chuyển nốt tiền hàng | chuyển từ Tháng 7 dòng 127 | X37: =IF($C37="","",IF(AND($H37="",N($I37)=0,N($K37)=0),"Dòng chỉ lưu thông tin khách (chưa có đơn); ",IF($B37="","Thiếu ngày đặt; ","")&IF($H37="","Thiếu tên sản phẩm; ",IF($J37="","Chưa khai GIÁ GỐC ở BẢNG GIÁ GỐC; ",""))&IF(N($I37)<=0,"Thiếu số lượng; ","")&IF(N($K37)<=0,"Thiếu giá bán; ","")&IF(AND($N37>0,$F37=""),"Khách lấy VAT thiếu mã số thuế; ","")&IF(N($Q37)>$P37,"Đã thu vượt tổng phải thu; ","")&IF(AND($L37>0,$U37<>"",$U37<0),"CẢNH BÁO: ĐƠN NÀY ĐANG LỖ; ",""))) -> Chưa khai GIÁ GỐC ở BẢNG GIÁ GỐC; Khách lấy VAT thiếu mã số thuế;
A38: =IF($C38="","",COUNTA($C$10:$C38)) -> 29 | B38: 46220 | C38: BGB - SOS 50C | D38: 0975.89.3388 | G38: 49, ngõ 58A, Hoàng Đạo Thành, Kim Giang, Thanh Xuân | H38: gấu ngồi lông mịn kèm mũ tn | I38: 50 | J38: =IF($H38="","",IFERROR(VLOOKUP($H38,'BẢNG GIÁ GỐC'!$A$5:$D$254,3,FALSE()),"")) -> 0 | K38: 55000 | L38: =IF($C38="","",N($I38)*N($K38)) -> 2750000 | M38: Không lấy VAT | N38: =IF($C38="","",IF($M38="VAT 5%",0.05,IF($M38="VAT 8%",0.08,IF($M38="VAT 10%",0.1,0)))) -> 0 | O38: =IF($C38="","",$L38*$N38) -> 0 | P38: =IF($C38="","",$L38+$O38) -> 2750000 | Q38: 2750000 | R38: =IF($C38="","",MAX(0,$P38-N($Q38))) -> 0 | S38: =IF(OR($C38="",$P38=0),"",IF(N($Q38)<=0,"Chưa thanh toán",IF(N($Q38)<$P38,"Thanh toán một phần","Đã thanh toán"))) -> Đã thanh toán | T38: =IF(OR($C38="",$J38=""),"",N($I38)*$J38) | U38: =IF(OR($C38="",$T38=""),"",$L38-$T38) | V38: =IF(OR($U38="",$L38=0),"",$U38/$L38) | W38: chuyển từ Tháng 7 dòng 128 | X38: =IF($C38="","",IF(AND($H38="",N($I38)=0,N($K38)=0),"Dòng chỉ lưu thông tin khách (chưa có đơn); ",IF($B38="","Thiếu ngày đặt; ","")&IF($H38="","Thiếu tên sản phẩm; ",IF($J38="","Chưa khai GIÁ GỐC ở BẢNG GIÁ GỐC; ",""))&IF(N($I38)<=0,"Thiếu số lượng; ","")&IF(N($K38)<=0,"Thiếu giá bán; ","")&IF(AND($N38>0,$F38=""),"Khách lấy VAT thiếu mã số thuế; ","")&IF(N($Q38)>$P38,"Đã thu vượt tổng phải thu; ","")&IF(AND($L38>0,$U38<>"",$U38<0),"CẢNH BÁO: ĐƠN NÀY ĐANG LỖ; ",""))) -> Chưa khai GIÁ GỐC ở BẢNG GIÁ GỐC;
A39: =IF($C39="","",COUNTA($C$10:$C39)) -> 30 | B39: 46221 | C39: BGB - GOLF 20C | D39: 0396457248 | G39: Sân golf Đầm Vạc, đường Đinh Tiên Hoàng, phường Vĩnh Phúc, Phú Thọ | H39: gấu trắng | I39: 20 | J39: =IF($H39="","",IFERROR(VLOOKUP($H39,'BẢNG GIÁ GỐC'!$A$5:$D$254,3,FALSE()),"")) -> 0 | K39: 55000 | L39: =IF($C39="","",N($I39)*N($K39)) -> 1100000 | M39: VAT 8% | N39: =IF($C39="","",IF($M39="VAT 5%",0.05,IF($M39="VAT 8%",0.08,IF($M39="VAT 10%",0.1,0)))) -> 0.08 | O39: =IF($C39="","",$L39*$N39) -> 88000 | P39: =IF($C39="","",$L39+$O39) -> 1188000 | Q39: 1188000 | R39: =IF($C39="","",MAX(0,$P39-N($Q39))) -> 0 | S39: =IF(OR($C39="",$P39=0),"",IF(N($Q39)<=0,"Chưa thanh toán",IF(N($Q39)<$P39,"Thanh toán một phần","Đã thanh toán"))) -> Đã thanh toán | T39: =IF(OR($C39="",$J39=""),"",N($I39)*$J39) | U39: =IF(OR($C39="",$T39=""),"",$L39-$T39) | V39: =IF(OR($U39="",$L39=0),"",$U39/$L39) | W39: chuyển từ Tháng 7 dòng 129 | X39: =IF($C39="","",IF(AND($H39="",N($I39)=0,N($K39)=0),"Dòng chỉ lưu thông tin khách (chưa có đơn); ",IF($B39="","Thiếu ngày đặt; ","")&IF($H39="","Thiếu tên sản phẩm; ",IF($J39="","Chưa khai GIÁ GỐC ở BẢNG GIÁ GỐC; ",""))&IF(N($I39)<=0,"Thiếu số lượng; ","")&IF(N($K39)<=0,"Thiếu giá bán; ","")&IF(AND($N39>0,$F39=""),"Khách lấy VAT thiếu mã số thuế; ","")&IF(N($Q39)>$P39,"Đã thu vượt tổng phải thu; ","")&IF(AND($L39>0,$U39<>"",$U39<0),"CẢNH BÁO: ĐƠN NÀY ĐANG LỖ; ",""))) -> Chưa khai GIÁ GỐC ở BẢNG GIÁ GỐC; Khách lấy VAT thiếu mã số thuế;
A40: =IF($C40="","",COUNTA($C$10:$C40)) -> 31 | B40: 46223 | C40: BGB - GOLF 20C | D40: 0396457249 | G40: Sân golf Đầm Vạc, đường Đinh Tiên Hoàng, phường Vĩnh Phúc, Phú Thọ | H40: gấu trắng | I40: 30 | J40: =IF($H40="","",IFERROR(VLOOKUP($H40,'BẢNG GIÁ GỐC'!$A$5:$D$254,3,FALSE()),"")) -> 0 | K40: 52000 | L40: =IF($C40="","",N($I40)*N($K40)) -> 1560000 | M40: VAT 8% | N40: =IF($C40="","",IF($M40="VAT 5%",0.05,IF($M40="VAT 8%",0.08,IF($M40="VAT 10%",0.1,0)))) -> 0.08 | O40: =IF($C40="","",$L40*$N40) -> 124800 | P40: =IF($C40="","",$L40+$O40) -> 1684800 | Q40: 1684800 | R40: =IF($C40="","",MAX(0,$P40-N($Q40))) -> 0 | S40: =IF(OR($C40="",$P40=0),"",IF(N($Q40)<=0,"Chưa thanh toán",IF(N($Q40)<$P40,"Thanh toán một phần","Đã thanh toán"))) -> Đã thanh toán | T40: =IF(OR($C40="",$J40=""),"",N($I40)*$J40) | U40: =IF(OR($C40="",$T40=""),"",$L40-$T40) | V40: =IF(OR($U40="",$L40=0),"",$U40/$L40) | W40: chuyển từ Tháng 7 dòng 130 | X40: =IF($C40="","",IF(AND($H40="",N($I40)=0,N($K40)=0),"Dòng chỉ lưu thông tin khách (chưa có đơn); ",IF($B40="","Thiếu ngày đặt; ","")&IF($H40="","Thiếu tên sản phẩm; ",IF($J40="","Chưa khai GIÁ GỐC ở BẢNG GIÁ GỐC; ",""))&IF(N($I40)<=0,"Thiếu số lượng; ","")&IF(N($K40)<=0,"Thiếu giá bán; ","")&IF(AND($N40>0,$F40=""),"Khách lấy VAT thiếu mã số thuế; ","")&IF(N($Q40)>$P40,"Đã thu vượt tổng phải thu; ","")&IF(AND($L40>0,$U40<>"",$U40<0),"CẢNH BÁO: ĐƠN NÀY ĐANG LỖ; ",""))) -> Chưa khai GIÁ GỐC ở BẢNG GIÁ GỐC; Khách lấy VAT thiếu mã số thuế;
A41: =IF($C41="","",COUNTA($C$10:$C41)) -> 32 | B41: 46223 | C41: BGB - BGB - KIDS 80 GỐI, 80 GẤU | D41: 0986665266 | G41: số 70- cầu thang C- Chung cư Suối Hoa- Phường Suối Hoa- TP Bắc Ninh. | H41: gấu nâu 30cm | I41: 80 | J41: =IF($H41="","",IFERROR(VLOOKUP($H41,'BẢNG GIÁ GỐC'!$A$5:$D$254,3,FALSE()),"")) -> 0 | K41: 47000 | L41: =IF($C41="","",N($I41)*N($K41)) -> 3760000 | M41: Không lấy VAT | N41: =IF($C41="","",IF($M41="VAT 5%",0.05,IF($M41="VAT 8%",0.08,IF($M41="VAT 10%",0.1,0)))) -> 0 | O41: =IF($C41="","",$L41*$N41) -> 0 | P41: =IF($C41="","",$L41+$O41) -> 3760000 | Q41: 3760000 | R41: =IF($C41="","",MAX(0,$P41-N($Q41))) -> 0 | S41: =IF(OR($C41="",$P41=0),"",IF(N($Q41)<=0,"Chưa thanh toán",IF(N($Q41)<$P41,"Thanh toán một phần","Đã thanh toán"))) -> Đã thanh toán | T41: =IF(OR($C41="",$J41=""),"",N($I41)*$J41) | U41: =IF(OR($C41="",$T41=""),"",$L41-$T41) | V41: =IF(OR($U41="",$L41=0),"",$U41/$L41) | W41: chuyển từ Tháng 7 dòng 131 | X41: =IF($C41="","",IF(AND($H41="",N($I41)=0,N($K41)=0),"Dòng chỉ lưu thông tin khách (chưa có đơn); ",IF($B41="","Thiếu ngày đặt; ","")&IF($H41="","Thiếu tên sản phẩm; ",IF($J41="","Chưa khai GIÁ GỐC ở BẢNG GIÁ GỐC; ",""))&IF(N($I41)<=0,"Thiếu số lượng; ","")&IF(N($K41)<=0,"Thiếu giá bán; ","")&IF(AND($N41>0,$F41=""),"Khách lấy VAT thiếu mã số thuế; ","")&IF(N($Q41)>$P41,"Đã thu vượt tổng phải thu; ","")&IF(AND($L41>0,$U41<>"",$U41<0),"CẢNH BÁO: ĐƠN NÀY ĐANG LỖ; ",""))) -> Chưa khai GIÁ GỐC ở BẢNG GIÁ GỐC;
A42: =IF($C42="","",COUNTA($C$10:$C42)) -> 33 | B42: 46223 | C42: BGB - BGB - KIDS 80 GỐI, 80 GẤU | D42: 0986665267 | G42: số 70- cầu thang C- Chung cư Suối Hoa- Phường Suối Hoa- TP Bắc Ninh. | H42: gối chữ U | I42: 80 | J42: =IF($H42="","",IFERROR(VLOOKUP($H42,'BẢNG GIÁ GỐC'!$A$5:$D$254,3,FALSE()),"")) -> 0 | K42: 52000 | L42: =IF($C42="","",N($I42)*N($K42)) -> 4160000 | M42: Không lấy VAT | N42: =IF($C42="","",IF($M42="VAT 5%",0.05,IF($M42="VAT 8%",0.08,IF($M42="VAT 10%",0.1,0)))) -> 0 | O42: =IF($C42="","",$L42*$N42) -> 0 | P42: =IF($C42="","",$L42+$O42) -> 4160000 | Q42: 4160000 | R42: =IF($C42="","",MAX(0,$P42-N($Q42))) -> 0 | S42: =IF(OR($C42="",$P42=0),"",IF(N($Q42)<=0,"Chưa thanh toán",IF(N($Q42)<$P42,"Thanh toán một phần","Đã thanh toán"))) -> Đã thanh toán | T42: =IF(OR($C42="",$J42=""),"",N($I42)*$J42) | U42: =IF(OR($C42="",$T42=""),"",$L42-$T42) | V42: =IF(OR($U42="",$L42=0),"",$U42/$L42) | W42: chuyển từ Tháng 7 dòng 132 | X42: =IF($C42="","",IF(AND($H42="",N($I42)=0,N($K42)=0),"Dòng chỉ lưu thông tin khách (chưa có đơn); ",IF($B42="","Thiếu ngày đặt; ","")&IF($H42="","Thiếu tên sản phẩm; ",IF($J42="","Chưa khai GIÁ GỐC ở BẢNG GIÁ GỐC; ",""))&IF(N($I42)<=0,"Thiếu số lượng; ","")&IF(N($K42)<=0,"Thiếu giá bán; ","")&IF(AND($N42>0,$F42=""),"Khách lấy VAT thiếu mã số thuế; ","")&IF(N($Q42)>$P42,"Đã thu vượt tổng phải thu; ","")&IF(AND($L42>0,$U42<>"",$U42<0),"CẢNH BÁO: ĐƠN NÀY ĐANG LỖ; ",""))) -> Chưa khai GIÁ GỐC ở BẢNG GIÁ GỐC;
A43: =IF($C43="","",COUNTA($C$10:$C43)) -> 34 | B43: 46223 | C43: BGB - K2 NBK 130C | D43: 0914121088 | G43: Gần Nguyễn Hoàng (đoạn đường tránh qua TP. Tam Kỳ) | H43: gấu nâu 30cm | I43: 130 | J43: =IF($H43="","",IFERROR(VLOOKUP($H43,'BẢNG GIÁ GỐC'!$A$5:$D$254,3,FALSE()),"")) -> 0 | K43: 47000 | L43: =IF($C43="","",N($I43)*N($K43)) -> 6110000 | M43: Không lấy VAT | N43: =IF($C43="","",IF($M43="VAT 5%",0.05,IF($M43="VAT 8%",0.08,IF($M43="VAT 10%",0.1,0)))) -> 0 | O43: =IF($C43="","",$L43*$N43) -> 0 | P43: =IF($C43="","",$L43+$O43) -> 6110000 | Q43: 6110000 | R43: =IF($C43="","",MAX(0,$P43-N($Q43))) -> 0 | S43: =IF(OR($C43="",$P43=0),"",IF(N($Q43)<=0,"Chưa thanh toán",IF(N($Q43)<$P43,"Thanh toán một phần","Đã thanh toán"))) -> Đã thanh toán | T43: =IF(OR($C43="",$J43=""),"",N($I43)*$J43) | U43: =IF(OR($C43="",$T43=""),"",$L43-$T43) | V43: =IF(OR($U43="",$L43=0),"",$U43/$L43) | W43: chuyển từ Tháng 7 dòng 133 | X43: =IF($C43="","",IF(AND($H43="",N($I43)=0,N($K43)=0),"Dòng chỉ lưu thông tin khách (chưa có đơn); ",IF($B43="","Thiếu ngày đặt; ","")&IF($H43="","Thiếu tên sản phẩm; ",IF($J43="","Chưa khai GIÁ GỐC ở BẢNG GIÁ GỐC; ",""))&IF(N($I43)<=0,"Thiếu số lượng; ","")&IF(N($K43)<=0,"Thiếu giá bán; ","")&IF(AND($N43>0,$F43=""),"Khách lấy VAT thiếu mã số thuế; ","")&IF(N($Q43)>$P43,"Đã thu vượt tổng phải thu; ","")&IF(AND($L43>0,$U43<>"",$U43<0),"CẢNH BÁO: ĐƠN NÀY ĐANG LỖ; ",""))) -> Chưa khai GIÁ GỐC ở BẢNG GIÁ GỐC;
A44: =IF($C44="","",COUNTA($C$10:$C44)) -> 35 | B44: 46223 | C44: BGB - RAIN 50G | D44: 0394305093 | E44: babinh.ho@gmail.com | F44: 3801300120 | G44: TỔ 3 ẤP ĐỒNG NƠ 5, PHƯỜNG TÂN KHAI, TP ĐỒNG NAI | H44: gấu trắng | I44: 50 | J44: =IF($H44="","",IFERROR(VLOOKUP($H44,'BẢNG GIÁ GỐC'!$A$5:$D$254,3,FALSE()),"")) -> 0 | K44: 48000 | L44: =IF($C44="","",N($I44)*N($K44)) -> 2400000 | M44: VAT 8% | N44: =IF($C44="","",IF($M44="VAT 5%",0.05,IF($M44="VAT 8%",0.08,IF($M44="VAT 10%",0.1,0)))) -> 0.08 | O44: =IF($C44="","",$L44*$N44) -> 192000 | P44: =IF($C44="","",$L44+$O44) -> 2592000 | Q44: 2400000 | R44: =IF($C44="","",MAX(0,$P44-N($Q44))) -> 192000 | S44: =IF(OR($C44="",$P44=0),"",IF(N($Q44)<=0,"Chưa thanh toán",IF(N($Q44)<$P44,"Thanh toán một phần","Đã thanh toán"))) -> Thanh toán một phần | T44: =IF(OR($C44="",$J44=""),"",N($I44)*$J44) | U44: =IF(OR($C44="",$T44=""),"",$L44-$T44) | V44: =IF(OR($U44="",$L44=0),"",$U44/$L44) | W44: chuyển từ Tháng 7 dòng 134 | X44: =IF($C44="","",IF(AND($H44="",N($I44)=0,N($K44)=0),"Dòng chỉ lưu thông tin khách (chưa có đơn); ",IF($B44="","Thiếu ngày đặt; ","")&IF($H44="","Thiếu tên sản phẩm; ",IF($J44="","Chưa khai GIÁ GỐC ở BẢNG GIÁ GỐC; ",""))&IF(N($I44)<=0,"Thiếu số lượng; ","")&IF(N($K44)<=0,"Thiếu giá bán; ","")&IF(AND($N44>0,$F44=""),"Khách lấy VAT thiếu mã số thuế; ","")&IF(N($Q44)>$P44,"Đã thu vượt tổng phải thu; ","")&IF(AND($L44>0,$U44<>"",$U44<0),"CẢNH BÁO: ĐƠN NÀY ĐANG LỖ; ",""))) -> Chưa khai GIÁ GỐC ở BẢNG GIÁ GỐC;
A45: =IF($C45="","",COUNTA($C$10:$C45)) -> 36 | B45: 46224 | C45: BGB - HÀO QUANG 30G | D45: 0941012666 | E45: gohaoquang@gmail.com | F45: 3000 380 533 | G45: số 5, đường 26/3, phường Thành Sen, Hà Tĩnh | H45: gấu trắng | I45: 30 | J45: =IF($H45="","",IFERROR(VLOOKUP($H45,'BẢNG GIÁ GỐC'!$A$5:$D$254,3,FALSE()),"")) -> 0 | K45: 50000 | L45: =IF($C45="","",N($I45)*N($K45)) -> 1500000 | M45: VAT 8% | N45: =IF($C45="","",IF($M45="VAT 5%",0.05,IF($M45="VAT 8%",0.08,IF($M45="VAT 10%",0.1,0)))) -> 0.08 | O45: =IF($C45="","",$L45*$N45) -> 120000 | P45: =IF($C45="","",$L45+$O45) -> 1620000 | Q45: 1620000 | R45: =IF($C45="","",MAX(0,$P45-N($Q45))) -> 0 | S45: =IF(OR($C45="",$P45=0),"",IF(N($Q45)<=0,"Chưa thanh toán",IF(N($Q45)<$P45,"Thanh toán một phần","Đã thanh toán"))) -> Đã thanh toán | T45: =IF(OR($C45="",$J45=""),"",N($I45)*$J45) | U45: =IF(OR($C45="",$T45=""),"",$L45-$T45) | V45: =IF(OR($U45="",$L45=0),"",$U45/$L45) | W45: chuyển từ Tháng 7 dòng 135 | X45: =IF($C45="","",IF(AND($H45="",N($I45)=0,N($K45)=0),"Dòng chỉ lưu thông tin khách (chưa có đơn); ",IF($B45="","Thiếu ngày đặt; ","")&IF($H45="","Thiếu tên sản phẩm; ",IF($J45="","Chưa khai GIÁ GỐC ở BẢNG GIÁ GỐC; ",""))&IF(N($I45)<=0,"Thiếu số lượng; ","")&IF(N($K45)<=0,"Thiếu giá bán; ","")&IF(AND($N45>0,$F45=""),"Khách lấy VAT thiếu mã số thuế; ","")&IF(N($Q45)>$P45,"Đã thu vượt tổng phải thu; ","")&IF(AND($L45>0,$U45<>"",$U45<0),"CẢNH BÁO: ĐƠN NÀY ĐANG LỖ; ",""))) -> Chưa khai GIÁ GỐC ở BẢNG GIÁ GỐC;
A46: =IF($C46="","",COUNTA($C$10:$C46)) -> 37 | B46: 46224 | C46: BGB - KIOT BV 30 GỐI | D46: 0395.254.610 | G46: Số nhà 3/144 Trung Kính, Phường Yên Hòa, Quận Cầu Giấy, Hà Nội | H46: gối chữ U | I46: 30 | J46: =IF($H46="","",IFERROR(VLOOKUP($H46,'BẢNG GIÁ GỐC'!$A$5:$D$254,3,FALSE()),"")) -> 0 | K46: 70000 | L46: =IF($C46="","",N($I46)*N($K46)) -> 2100000 | M46: VAT 8% | N46: =IF($C46="","",IF($M46="VAT 5%",0.05,IF($M46="VAT 8%",0.08,IF($M46="VAT 10%",0.1,0)))) -> 0.08 | O46: =IF($C46="","",$L46*$N46) -> 168000 | P46: =IF($C46="","",$L46+$O46) -> 2268000 | Q46: 2268000 | R46: =IF($C46="","",MAX(0,$P46-N($Q46))) -> 0 | S46: =IF(OR($C46="",$P46=0),"",IF(N($Q46)<=0,"Chưa thanh toán",IF(N($Q46)<$P46,"Thanh toán một phần","Đã thanh toán"))) -> Đã thanh toán | T46: =IF(OR($C46="",$J46=""),"",N($I46)*$J46) | U46: =IF(OR($C46="",$T46=""),"",$L46-$T46) | V46: =IF(OR($U46="",$L46=0),"",$U46/$L46) | W46: chuyển từ Tháng 7 dòng 136 | X46: =IF($C46="","",IF(AND($H46="",N($I46)=0,N($K46)=0),"Dòng chỉ lưu thông tin khách (chưa có đơn); ",IF($B46="","Thiếu ngày đặt; ","")&IF($H46="","Thiếu tên sản phẩm; ",IF($J46="","Chưa khai GIÁ GỐC ở BẢNG GIÁ GỐC; ",""))&IF(N($I46)<=0,"Thiếu số lượng; ","")&IF(N($K46)<=0,"Thiếu giá bán; ","")&IF(AND($N46>0,$F46=""),"Khách lấy VAT thiếu mã số thuế; ","")&IF(N($Q46)>$P46,"Đã thu vượt tổng phải thu; ","")&IF(AND($L46>0,$U46<>"",$U46<0),"CẢNH BÁO: ĐƠN NÀY ĐANG LỖ; ",""))) -> Chưa khai GIÁ GỐC ở BẢNG GIÁ GỐC; Khách lấy VAT thiếu mã số thuế;
A47: =IF($C47="","",COUNTA($C$10:$C47)) -> 38 | B47: 46224 | C47: BGB - KIOT BV 30 GỐI - chị Hien Anh | D47: 0395.254.611 | G47: Số nhà 3/144 Trung Kính, Phường Yên Hòa, Quận Cầu Giấy, Hà Nội | H47: gối chữ U | I47: 10 | J47: =IF($H47="","",IFERROR(VLOOKUP($H47,'BẢNG GIÁ GỐC'!$A$5:$D$254,3,FALSE()),"")) -> 0 | K47: 70000 | L47: =IF($C47="","",N($I47)*N($K47)) -> 700000 | M47: Không lấy VAT | N47: =IF($C47="","",IF($M47="VAT 5%",0.05,IF($M47="VAT 8%",0.08,IF($M47="VAT 10%",0.1,0)))) -> 0 | O47: =IF($C47="","",$L47*$N47) -> 0 | P47: =IF($C47="","",$L47+$O47) -> 700000 | Q47: 700000 | R47: =IF($C47="","",MAX(0,$P47-N($Q47))) -> 0 | S47: =IF(OR($C47="",$P47=0),"",IF(N($Q47)<=0,"Chưa thanh toán",IF(N($Q47)<$P47,"Thanh toán một phần","Đã thanh toán"))) -> Đã thanh toán | T47: =IF(OR($C47="",$J47=""),"",N($I47)*$J47) | U47: =IF(OR($C47="",$T47=""),"",$L47-$T47) | V47: =IF(OR($U47="",$L47=0),"",$U47/$L47) | W47: chuyển từ Tháng 7 dòng 137 | X47: =IF($C47="","",IF(AND($H47="",N($I47)=0,N($K47)=0),"Dòng chỉ lưu thông tin khách (chưa có đơn); ",IF($B47="","Thiếu ngày đặt; ","")&IF($H47="","Thiếu tên sản phẩm; ",IF($J47="","Chưa khai GIÁ GỐC ở BẢNG GIÁ GỐC; ",""))&IF(N($I47)<=0,"Thiếu số lượng; ","")&IF(N($K47)<=0,"Thiếu giá bán; ","")&IF(AND($N47>0,$F47=""),"Khách lấy VAT thiếu mã số thuế; ","")&IF(N($Q47)>$P47,"Đã thu vượt tổng phải thu; ","")&IF(AND($L47>0,$U47<>"",$U47<0),"CẢNH BÁO: ĐƠN NÀY ĐANG LỖ; ",""))) -> Chưa khai GIÁ GỐC ở BẢNG GIÁ GỐC;
A48: =IF($C48="","",COUNTA($C$10:$C48)) -> 39 | B48: 46224 | C48: chị Hậu | D48: 0989403759 | G48: Phòng Công đoàn - Công Ty TNHH Sao Vàng Ngã 3 An Tràng, TT.Trường Sơn, H.An Lão, TP.Hải Phòng | H48: gấu mẫu | I48: 1 | J48: =IF($H48="","",IFERROR(VLOOKUP($H48,'BẢNG GIÁ GỐC'!$A$5:$D$254,3,FALSE()),"")) -> 0 | K48: 250000 | L48: =IF($C48="","",N($I48)*N($K48)) -> 250000 | M48: Không lấy VAT | N48: =IF($C48="","",IF($M48="VAT 5%",0.05,IF($M48="VAT 8%",0.08,IF($M48="VAT 10%",0.1,0)))) -> 0 | O48: =IF($C48="","",$L48*$N48) -> 0 | P48: =IF($C48="","",$L48+$O48) -> 250000 | Q48: 250000 | R48: =IF($C48="","",MAX(0,$P48-N($Q48))) -> 0 | S48: =IF(OR($C48="",$P48=0),"",IF(N($Q48)<=0,"Chưa thanh toán",IF(N($Q48)<$P48,"Thanh toán một phần","Đã thanh toán"))) -> Đã thanh toán | T48: =IF(OR($C48="",$J48=""),"",N($I48)*$J48) | U48: =IF(OR($C48="",$T48=""),"",$L48-$T48) | V48: =IF(OR($U48="",$L48=0),"",$U48/$L48) | W48: chuyển từ Tháng 7 dòng 138 | file cũ không ghi số lượng, quy về 1 x thành tiền | X48: =IF($C48="","",IF(AND($H48="",N($I48)=0,N($K48)=0),"Dòng chỉ lưu thông tin khách (chưa có đơn); ",IF($B48="","Thiếu ngày đặt; ","")&IF($H48="","Thiếu tên sản phẩm; ",IF($J48="","Chưa khai GIÁ GỐC ở BẢNG GIÁ GỐC; ",""))&IF(N($I48)<=0,"Thiếu số lượng; ","")&IF(N($K48)<=0,"Thiếu giá bán; ","")&IF(AND($N48>0,$F48=""),"Khách lấy VAT thiếu mã số thuế; ","")&IF(N($Q48)>$P48,"Đã thu vượt tổng phải thu; ","")&IF(AND($L48>0,$U48<>"",$U48<0),"CẢNH BÁO: ĐƠN NÀY ĐANG LỖ; ",""))) -> Chưa khai GIÁ GỐC ở BẢNG GIÁ GỐC;
A49: =IF($C49="","",COUNTA($C$10:$C49)) -> 40 | B49: 46225 | C49: BGB - CLUB 16 DAKLAK 200G | D49: 0933115335 | G49: 93 quốc lộ 14 ( trà sữa cana ) , thôn 5 , xã hoà thuận , tp bmt , daklak ! | H49: gấu nâu 30cm | I49: 200 | J49: =IF($H49="","",IFERROR(VLOOKUP($H49,'BẢNG GIÁ GỐC'!$A$5:$D$254,3,FALSE()),"")) -> 0 | K49: 47000 | L49: =IF($C49="","",N($I49)*N($K49)) -> 9400000 | M49: Không lấy VAT | N49: =IF($C49="","",IF($M49="VAT 5%",0.05,IF($M49="VAT 8%",0.08,IF($M49="VAT 10%",0.1,0)))) -> 0 | O49: =IF($C49="","",$L49*$N49) -> 0 | P49: =IF($C49="","",$L49+$O49) -> 9400000 | Q49: 9400000 | R49: =IF($C49="","",MAX(0,$P49-N($Q49))) -> 0 | S49: =IF(OR($C49="",$P49=0),"",IF(N($Q49)<=0,"Chưa thanh toán",IF(N($Q49)<$P49,"Thanh toán một phần","Đã thanh toán"))) -> Đã thanh toán | T49: =IF(OR($C49="",$J49=""),"",N($I49)*$J49) | U49: =IF(OR($C49="",$T49=""),"",$L49-$T49) | V49: =IF(OR($U49="",$L49=0),"",$U49/$L49) | W49: chuyển từ Tháng 7 dòng 141 | X49: =IF($C49="","",IF(AND($H49="",N($I49)=0,N($K49)=0),"Dòng chỉ lưu thông tin khách (chưa có đơn); ",IF($B49="","Thiếu ngày đặt; ","")&IF($H49="","Thiếu tên sản phẩm; ",IF($J49="","Chưa khai GIÁ GỐC ở BẢNG GIÁ GỐC; ",""))&IF(N($I49)<=0,"Thiếu số lượng; ","")&IF(N($K49)<=0,"Thiếu giá bán; ","")&IF(AND($N49>0,$F49=""),"Khách lấy VAT thiếu mã số thuế; ","")&IF(N($Q49)>$P49,"Đã thu vượt tổng phải thu; ","")&IF(AND($L49>0,$U49<>"",$U49<0),"CẢNH BÁO: ĐƠN NÀY ĐANG LỖ; ",""))) -> Chưa khai GIÁ GỐC ở BẢNG GIÁ GỐC;
A50: =IF($C50="","",COUNTA($C$10:$C50)) -> 41 | B50: 46225 | C50: BGB - MK VINFAST NGỌC CHÂU THÀNH 50C | D50: 0828388882 | G50: Ql 63 - An phước- Bình an - châu thành - kiên giang | H50: móc khóa | I50: 50 | J50: =IF($H50="","",IFERROR(VLOOKUP($H50,'BẢNG GIÁ GỐC'!$A$5:$D$254,3,FALSE()),"")) -> 0 | K50: 29000 | L50: =IF($C50="","",N($I50)*N($K50)) -> 1450000 | M50: Không lấy VAT | N50: =IF($C50="","",IF($M50="VAT 5%",0.05,IF($M50="VAT 8%",0.08,IF($M50="VAT 10%",0.1,0)))) -> 0 | O50: =IF($C50="","",$L50*$N50) -> 0 | P50: =IF($C50="","",$L50+$O50) -> 1450000 | Q50: 750000 | R50: =IF($C50="","",MAX(0,$P50-N($Q50))) -> 700000 | S50: =IF(OR($C50="",$P50=0),"",IF(N($Q50)<=0,"Chưa thanh toán",IF(N($Q50)<$P50,"Thanh toán một phần","Đã thanh toán"))) -> Thanh toán một phần | T50: =IF(OR($C50="",$J50=""),"",N($I50)*$J50) | U50: =IF(OR($C50="",$T50=""),"",$L50-$T50) | V50: =IF(OR($U50="",$L50=0),"",$U50/$L50) | W50: chuyển từ Tháng 7 dòng 142 | X50: =IF($C50="","",IF(AND($H50="",N($I50)=0,N($K50)=0),"Dòng chỉ lưu thông tin khách (chưa có đơn); ",IF($B50="","Thiếu ngày đặt; ","")&IF($H50="","Thiếu tên sản phẩm; ",IF($J50="","Chưa khai GIÁ GỐC ở BẢNG GIÁ GỐC; ",""))&IF(N($I50)<=0,"Thiếu số lượng; ","")&IF(N($K50)<=0,"Thiếu giá bán; ","")&IF(AND($N50>0,$F50=""),"Khách lấy VAT thiếu mã số thuế; ","")&IF(N($Q50)>$P50,"Đã thu vượt tổng phải thu; ","")&IF(AND($L50>0,$U50<>"",$U50<0),"CẢNH BÁO: ĐƠN NÀY ĐANG LỖ; ",""))) -> Chưa khai GIÁ GỐC ở BẢNG GIÁ GỐC;
A51: =IF($C51="","",COUNTA($C$10:$C51)) -> 42 | B51: 46225 | C51: BGB - MK ĐÌNH KHÔI 50C | D51: 0869760626 | G51: B1-51 khu đô thị mới lý thường kiệt . Phường 1 bảo lộc | H51: móc khóa (ko lấy nữa do lâu quá) | I51: 50 | J51: =IF($H51="","",IFERROR(VLOOKUP($H51,'BẢNG GIÁ GỐC'!$A$5:$D$254,3,FALSE()),"")) -> 0 | K51: 0 | L51: =IF($C51="","",N($I51)*N($K51)) -> 0 | M51: Không lấy VAT | N51: =IF($C51="","",IF($M51="VAT 5%",0.05,IF($M51="VAT 8%",0.08,IF($M51="VAT 10%",0.1,0)))) -> 0 | O51: =IF($C51="","",$L51*$N51) -> 0 | P51: =IF($C51="","",$L51+$O51) -> 0 | Q51: 0 | R51: =IF($C51="","",MAX(0,$P51-N($Q51))) -> 0 | S51: =IF(OR($C51="",$P51=0),"",IF(N($Q51)<=0,"Chưa thanh toán",IF(N($Q51)<$P51,"Thanh toán một phần","Đã thanh toán"))) | T51: =IF(OR($C51="",$J51=""),"",N($I51)*$J51) | U51: =IF(OR($C51="",$T51=""),"",$L51-$T51) | V51: =IF(OR($U51="",$L51=0),"",$U51/$L51) | W51: chuyển từ Tháng 7 dòng 143 | file cũ gõ đè thành tiền, đơn giá tính lại = thành tiền / số lượng | X51: =IF($C51="","",IF(AND($H51="",N($I51)=0,N($K51)=0),"Dòng chỉ lưu thông tin khách (chưa có đơn); ",IF($B51="","Thiếu ngày đặt; ","")&IF($H51="","Thiếu tên sản phẩm; ",IF($J51="","Chưa khai GIÁ GỐC ở BẢNG GIÁ GỐC; ",""))&IF(N($I51)<=0,"Thiếu số lượng; ","")&IF(N($K51)<=0,"Thiếu giá bán; ","")&IF(AND($N51>0,$F51=""),"Khách lấy VAT thiếu mã số thuế; ","")&IF(N($Q51)>$P51,"Đã thu vượt tổng phải thu; ","")&IF(AND($L51>0,$U51<>"",$U51<0),"CẢNH BÁO: ĐƠN NÀY ĐANG LỖ; ",""))) -> Chưa khai GIÁ GỐC ở BẢNG GIÁ GỐC; Thiếu giá bán;
A52: =IF($C52="","",COUNTA($C$10:$C52)) -> 43 | B52: 46226 | C52: BGB - WULING 20C | D52: 0904568820 | G52: Wuling HTA Long Biên - số 3-5 Nguyen Van | H52: gấu nâu 30cm | I52: 20 | J52: =IF($H52="","",IFERROR(VLOOKUP($H52,'BẢNG GIÁ GỐC'!$A$5:$D$254,3,FALSE()),"")) -> 0 | K52: 50000 | L52: =IF($C52="","",N($I52)*N($K52)) -> 1000000 | M52: Không lấy VAT | N52: =IF($C52="","",IF($M52="VAT 5%",0.05,IF($M52="VAT 8%",0.08,IF($M52="VAT 10%",0.1,0)))) -> 0 | O52: =IF($C52="","",$L52*$N52) -> 0 | P52: =IF($C52="","",$L52+$O52) -> 1000000 | Q52: 1000000 | R52: =IF($C52="","",MAX(0,$P52-N($Q52))) -> 0 | S52: =IF(OR($C52="",$P52=0),"",IF(N($Q52)<=0,"Chưa thanh toán",IF(N($Q52)<$P52,"Thanh toán một phần","Đã thanh toán"))) -> Đã thanh toán | T52: =IF(OR($C52="",$J52=""),"",N($I52)*$J52) | U52: =IF(OR($C52="",$T52=""),"",$L52-$T52) | V52: =IF(OR($U52="",$L52=0),"",$U52/$L52) | W52: chuyển từ Tháng 7 dòng 144 | X52: =IF($C52="","",IF(AND($H52="",N($I52)=0,N($K52)=0),"Dòng chỉ lưu thông tin khách (chưa có đơn); ",IF($B52="","Thiếu ngày đặt; ","")&IF($H52="","Thiếu tên sản phẩm; ",IF($J52="","Chưa khai GIÁ GỐC ở BẢNG GIÁ GỐC; ",""))&IF(N($I52)<=0,"Thiếu số lượng; ","")&IF(N($K52)<=0,"Thiếu giá bán; ","")&IF(AND($N52>0,$F52=""),"Khách lấy VAT thiếu mã số thuế; ","")&IF(N($Q52)>$P52,"Đã thu vượt tổng phải thu; ","")&IF(AND($L52>0,$U52<>"",$U52<0),"CẢNH BÁO: ĐƠN NÀY ĐANG LỖ; ",""))) -> Chưa khai GIÁ GỐC ở BẢNG GIÁ GỐC;
A53: =IF($C53="","",COUNTA($C$10:$C53)) -> 44 | B53: 46228 | C53: BGB - TRƯỜNG GIANG TOURIST GỐI U 50C | D53: 0353330284 | G53: Chung Cư Kim oanh Group - eastgate - 43 Tân Lập - phường Đông Hoà - Dĩ An ( Ngay L | H53: gối chữ U màu nâu | I53: 50 | J53: =IF($H53="","",IFERROR(VLOOKUP($H53,'BẢNG GIÁ GỐC'!$A$5:$D$254,3,FALSE()),"")) -> 0 | K53: 55000 | L53: =IF($C53="","",N($I53)*N($K53)) -> 2750000 | M53: Không lấy VAT | N53: =IF($C53="","",IF($M53="VAT 5%",0.05,IF($M53="VAT 8%",0.08,IF($M53="VAT 10%",0.1,0)))) -> 0 | O53: =IF($C53="","",$L53*$N53) -> 0 | P53: =IF($C53="","",$L53+$O53) -> 2750000 | Q53: 1500000 | R53: =IF($C53="","",MAX(0,$P53-N($Q53))) -> 1250000 | S53: =IF(OR($C53="",$P53=0),"",IF(N($Q53)<=0,"Chưa thanh toán",IF(N($Q53)<$P53,"Thanh toán một phần","Đã thanh toán"))) -> Thanh toán một phần | T53: =IF(OR($C53="",$J53=""),"",N($I53)*$J53) | U53: =IF(OR($C53="",$T53=""),"",$L53-$T53) | V53: =IF(OR($U53="",$L53=0),"",$U53/$L53) | W53: chuyển từ Tháng 7 dòng 145 | X53: =IF($C53="","",IF(AND($H53="",N($I53)=0,N($K53)=0),"Dòng chỉ lưu thông tin khách (chưa có đơn); ",IF($B53="","Thiếu ngày đặt; ","")&IF($H53="","Thiếu tên sản phẩm; ",IF($J53="","Chưa khai GIÁ GỐC ở BẢNG GIÁ GỐC; ",""))&IF(N($I53)<=0,"Thiếu số lượng; ","")&IF(N($K53)<=0,"Thiếu giá bán; ","")&IF(AND($N53>0,$F53=""),"Khách lấy VAT thiếu mã số thuế; ","")&IF(N($Q53)>$P53,"Đã thu vượt tổng phải thu; ","")&IF(AND($L53>0,$U53<>"",$U53<0),"CẢNH BÁO: ĐƠN NÀY ĐANG LỖ; ",""))) -> Chưa khai GIÁ GỐC ở BẢNG GIÁ GỐC;
A54: =IF($C54="","",COUNTA($C$10:$C54)) -> 45 | B54: 46228 | C54: BGB - ANH TÀI 100G HT | D54: 0368349339 | G54: B-TT9-2, KĐT Him Lam, Vạn Phúc. Hà Đông, Hà Nội. | H54: gấu 30 cm nhà HT | I54: 100 | J54: =IF($H54="","",IFERROR(VLOOKUP($H54,'BẢNG GIÁ GỐC'!$A$5:$D$254,3,FALSE()),"")) -> 0 | K54: 55000 | L54: =IF($C54="","",N($I54)*N($K54)) -> 5500000 | M54: Không lấy VAT | N54: =IF($C54="","",IF($M54="VAT 5%",0.05,IF($M54="VAT 8%",0.08,IF($M54="VAT 10%",0.1,0)))) -> 0 | O54: =IF($C54="","",$L54*$N54) -> 0 | P54: =IF($C54="","",$L54+$O54) -> 5500000 | Q54: 2750000 | R54: =IF($C54="","",MAX(0,$P54-N($Q54))) -> 2750000 | S54: =IF(OR($C54="",$P54=0),"",IF(N($Q54)<=0,"Chưa thanh toán",IF(N($Q54)<$P54,"Thanh toán một phần","Đã thanh toán"))) -> Thanh toán một phần | T54: =IF(OR($C54="",$J54=""),"",N($I54)*$J54) | U54: =IF(OR($C54="",$T54=""),"",$L54-$T54) | V54: =IF(OR($U54="",$L54=0),"",$U54/$L54) | W54: chuyển từ Tháng 7 dòng 146 | X54: =IF($C54="","",IF(AND($H54="",N($I54)=0,N($K54)=0),"Dòng chỉ lưu thông tin khách (chưa có đơn); ",IF($B54="","Thiếu ngày đặt; ","")&IF($H54="","Thiếu tên sản phẩm; ",IF($J54="","Chưa khai GIÁ GỐC ở BẢNG GIÁ GỐC; ",""))&IF(N($I54)<=0,"Thiếu số lượng; ","")&IF(N($K54)<=0,"Thiếu giá bán; ","")&IF(AND($N54>0,$F54=""),"Khách lấy VAT thiếu mã số thuế; ","")&IF(N($Q54)>$P54,"Đã thu vượt tổng phải thu; ","")&IF(AND($L54>0,$U54<>"",$U54<0),"CẢNH BÁO: ĐƠN NÀY ĐANG LỖ; ",""))) -> Chưa khai GIÁ GỐC ở BẢNG GIÁ GỐC;
A55: =IF($C55="","",COUNTA($C$10:$C55)) -> 46 | B55: 46230 | C55: BGB - CÔNG HIỀN TOUR 20G ĐỦ LOẠI | D55: 0984008644 | G55: đội xe văn phòng cty cổ phần than hà tu phường hà tu tp hạ long tỉnh quảng ninh | H55: gấu 4 loại, mỗi loại 5 con | I55: 20 | J55: =IF($H55="","",IFERROR(VLOOKUP($H55,'BẢNG GIÁ GỐC'!$A$5:$D$254,3,FALSE()),"")) -> 0 | K55: 55000 | L55: =IF($C55="","",N($I55)*N($K55)) -> 1100000 | M55: Không lấy VAT | N55: =IF($C55="","",IF($M55="VAT 5%",0.05,IF($M55="VAT 8%",0.08,IF($M55="VAT 10%",0.1,0)))) -> 0 | O55: =IF($C55="","",$L55*$N55) -> 0 | P55: =IF($C55="","",$L55+$O55) -> 1100000 | Q55: 1100000 | R55: =IF($C55="","",MAX(0,$P55-N($Q55))) -> 0 | S55: =IF(OR($C55="",$P55=0),"",IF(N($Q55)<=0,"Chưa thanh toán",IF(N($Q55)<$P55,"Thanh toán một phần","Đã thanh toán"))) -> Đã thanh toán | T55: =IF(OR($C55="",$J55=""),"",N($I55)*$J55) | U55: =IF(OR($C55="",$T55=""),"",$L55-$T55) | V55: =IF(OR($U55="",$L55=0),"",$U55/$L55) | W55: chuyển từ Tháng 7 dòng 147 | X55: =IF($C55="","",IF(AND($H55="",N($I55)=0,N($K55)=0),"Dòng chỉ lưu thông tin khách (chưa có đơn); ",IF($B55="","Thiếu ngày đặt; ","")&IF($H55="","Thiếu tên sản phẩm; ",IF($J55="","Chưa khai GIÁ GỐC ở BẢNG GIÁ GỐC; ",""))&IF(N($I55)<=0,"Thiếu số lượng; ","")&IF(N($K55)<=0,"Thiếu giá bán; ","")&IF(AND($N55>0,$F55=""),"Khách lấy VAT thiếu mã số thuế; ","")&IF(N($Q55)>$P55,"Đã thu vượt tổng phải thu; ","")&IF(AND($L55>0,$U55<>"",$U55<0),"CẢNH BÁO: ĐƠN NÀY ĐANG LỖ; ",""))) -> Chưa khai GIÁ GỐC ở BẢNG GIÁ GỐC;
A56: =IF($C56="","",COUNTA($C$10:$C56)) -> 47 | B56: 46230 | C56: BGB - HẠ LONG 50G | D56: 0376290595 | G56: lô k8. Tổ 5. Khu 7. Bãi cháy. Hạ Long . QN | H56: gấu 2 loại | I56: 50 | J56: =IF($H56="","",IFERROR(VLOOKUP($H56,'BẢNG GIÁ GỐC'!$A$5:$D$254,3,FALSE()),"")) -> 0 | K56: 52000 | L56: =IF($C56="","",N($I56)*N($K56)) -> 2600000 | M56: Không lấy VAT | N56: =IF($C56="","",IF($M56="VAT 5%",0.05,IF($M56="VAT 8%",0.08,IF($M56="VAT 10%",0.1,0)))) -> 0 | O56: =IF($C56="","",$L56*$N56) -> 0 | P56: =IF($C56="","",$L56+$O56) -> 2600000 | Q56: 1300000 | R56: =IF($C56="","",MAX(0,$P56-N($Q56))) -> 1300000 | S56: =IF(OR($C56="",$P56=0),"",IF(N($Q56)<=0,"Chưa thanh toán",IF(N($Q56)<$P56,"Thanh toán một phần","Đã thanh toán"))) -> Thanh toán một phần | T56: =IF(OR($C56="",$J56=""),"",N($I56)*$J56) | U56: =IF(OR($C56="",$T56=""),"",$L56-$T56) | V56: =IF(OR($U56="",$L56=0),"",$U56/$L56) | W56: chuyển từ Tháng 7 dòng 148 | file cũ gõ đè thành tiền, đơn giá tính lại = thành tiền / số lượng | X56: =IF($C56="","",IF(AND($H56="",N($I56)=0,N($K56)=0),"Dòng chỉ lưu thông tin khách (chưa có đơn); ",IF($B56="","Thiếu ngày đặt; ","")&IF($H56="","Thiếu tên sản phẩm; ",IF($J56="","Chưa khai GIÁ GỐC ở BẢNG GIÁ GỐC; ",""))&IF(N($I56)<=0,"Thiếu số lượng; ","")&IF(N($K56)<=0,"Thiếu giá bán; ","")&IF(AND($N56>0,$F56=""),"Khách lấy VAT thiếu mã số thuế; ","")&IF(N($Q56)>$P56,"Đã thu vượt tổng phải thu; ","")&IF(AND($L56>0,$U56<>"",$U56<0),"CẢNH BÁO: ĐƠN NÀY ĐANG LỖ; ",""))) -> Chưa khai GIÁ GỐC ở BẢNG GIÁ GỐC;
A57: =IF($C57="","",COUNTA($C$10:$C57)) -> 48 | B57: 46230 | C57: BGB - GẤU BÔNG RUTA THÁI BÌNH 100G | D57: 0947930930 | G57: 20 Chu Văn An - thành phố thái bình | H57: gấu 30 cm nâu in 2 mặt | I57: 100 | J57: =IF($H57="","",IFERROR(VLOOKUP($H57,'BẢNG GIÁ GỐC'!$A$5:$D$254,3,FALSE()),"")) -> 0 | K57: 47000 | L57: =IF($C57="","",N($I57)*N($K57)) -> 4700000 | M57: Không lấy VAT | N57: =IF($C57="","",IF($M57="VAT 5%",0.05,IF($M57="VAT 8%",0.08,IF($M57="VAT 10%",0.1,0)))) -> 0 | O57: =IF($C57="","",$L57*$N57) -> 0 | P57: =IF($C57="","",$L57+$O57) -> 4700000 | Q57: 4700000 | R57: =IF($C57="","",MAX(0,$P57-N($Q57))) -> 0 | S57: =IF(OR($C57="",$P57=0),"",IF(N($Q57)<=0,"Chưa thanh toán",IF(N($Q57)<$P57,"Thanh toán một phần","Đã thanh toán"))) -> Đã thanh toán | T57: =IF(OR($C57="",$J57=""),"",N($I57)*$J57) | U57: =IF(OR($C57="",$T57=""),"",$L57-$T57) | V57: =IF(OR($U57="",$L57=0),"",$U57/$L57) | W57: chuyển từ Tháng 7 dòng 149 | X57: =IF($C57="","",IF(AND($H57="",N($I57)=0,N($K57)=0),"Dòng chỉ lưu thông tin khách (chưa có đơn); ",IF($B57="","Thiếu ngày đặt; ","")&IF($H57="","Thiếu tên sản phẩm; ",IF($J57="","Chưa khai GIÁ GỐC ở BẢNG GIÁ GỐC; ",""))&IF(N($I57)<=0,"Thiếu số lượng; ","")&IF(N($K57)<=0,"Thiếu giá bán; ","")&IF(AND($N57>0,$F57=""),"Khách lấy VAT thiếu mã số thuế; ","")&IF(N($Q57)>$P57,"Đã thu vượt tổng phải thu; ","")&IF(AND($L57>0,$U57<>"",$U57<0),"CẢNH BÁO: ĐƠN NÀY ĐANG LỖ; ",""))) -> Chưa khai GIÁ GỐC ở BẢNG GIÁ GỐC;
... A63: =IF($C63="","",COUNTA($C$10:$C63)) -> 54 | B63: 46234 | C63: BGB - Dược Hậu Giang 25G TN | D63: 0973393695 | G63: 288 Bis Nguyễn Văn Cừ, P.Cái Khế, TP Cần Thơ | H63: Gấu tốt nghiệp | I63: 25 | J63: =IF($H63="","",IFERROR(VLOOKUP($H63,'BẢNG GIÁ GỐC'!$A$5:$D$254,3,FALSE()),"")) -> 40000 | K63: 60000 | L63: =IF($C63="","",N($I63)*N($K63)) -> 1500000 | M63: VAT 8% | N63: =IF($C63="","",IF($M63="VAT 5%",0.05,IF($M63="VAT 8%",0.08,IF($M63="VAT 10%",0.1,0)))) -> 0.08 | O63: =IF($C63="","",$L63*$N63) -> 120000 | P63: =IF($C63="","",$L63+$O63) -> 1620000 | Q63: 728000 | R63: =IF($C63="","",MAX(0,$P63-N($Q63))) -> 892000 | S63: =IF(OR($C63="",$P63=0),"",IF(N($Q63)<=0,"Chưa thanh toán",IF(N($Q63)<$P63,"Thanh toán một phần","Đã thanh toán"))) -> Thanh toán một phần | T63: =IF(OR($C63="",$J63=""),"",N($I63)*$J63) -> 1000000 | U63: =IF(OR($C63="",$T63=""),"",$L63-$T63) -> 500000 | V63: =IF(OR($U63="",$L63=0),"",$U63/$L63) -> 0.33333333 | W63: chuyển từ Tháng 7 dòng 155 | X63: =IF($C63="","",IF(AND($H63="",N($I63)=0,N($K63)=0),"Dòng chỉ lưu thông tin khách (chưa có đơn); ",IF($B63="","Thiếu ngày đặt; ","")&IF($H63="","Thiếu tên sản phẩm; ",IF($J63="","Chưa khai GIÁ GỐC ở BẢNG GIÁ GỐC; ",""))&IF(N($I63)<=0,"Thiếu số lượng; ","")&IF(N($K63)<=0,"Thiếu giá bán; ","")&IF(AND($N63>0,$F63=""),"Khách lấy VAT thiếu mã số thuế; ","")&IF(N($Q63)>$P63,"Đã thu vượt tổng phải thu; ","")&IF(AND($L63>0,$U63<>"",$U63<0),"CẢNH BÁO: ĐƠN NÀY ĐANG LỖ; ",""))) -> Khách lấy VAT thiếu mã số thuế;
A64: =IF($C64="","",COUNTA($C$10:$C64)) | J64: =IF($H64="","",IFERROR(VLOOKUP($H64,'BẢNG GIÁ GỐC'!$A$5:$D$254,3,FALSE()),"")) | L64: =IF($C64="","",N($I64)*N($K64)) | N64: =IF($C64="","",IF($M64="VAT 5%",0.05,IF($M64="VAT 8%",0.08,IF($M64="VAT 10%",0.1,0)))) | O64: =IF($C64="","",$L64*$N64) | P64: =IF($C64="","",$L64+$O64) | R64: =IF($C64="","",MAX(0,$P64-N($Q64))) | S64: =IF(OR($C64="",$P64=0),"",IF(N($Q64)<=0,"Chưa thanh toán",IF(N($Q64)<$P64,"Thanh toán một phần","Đã thanh toán"))) | T64: =IF(OR($C64="",$J64=""),"",N($I64)*$J64) | U64: =IF(OR($C64="",$T64=""),"",$L64-$T64) | V64: =IF(OR($U64="",$L64=0),"",$U64/$L64) | X64: =IF($C64="","",IF(AND($H64="",N($I64)=0,N($K64)=0),"Dòng chỉ lưu thông tin khách (chưa có đơn); ",IF($B64="","Thiếu ngày đặt; ","")&IF($H64="","Thiếu tên sản phẩm; ",IF($J64="","Chưa khai GIÁ GỐC ở BẢNG GIÁ GỐC; ",""))&IF(N($I64)<=0,"Thiếu số lượng; ","")&IF(N($K64)<=0,"Thiếu giá bán; ","")&IF(AND($N64>0,$F64=""),"Khách lấy VAT thiếu mã số thuế; ","")&IF(N($Q64)>$P64,"Đã thu vượt tổng phải thu; ","")&IF(AND($L64>0,$U64<>"",$U64<0),"CẢNH BÁO: ĐƠN NÀY ĐANG LỖ; ","")))
A65: =IF($C65="","",COUNTA($C$10:$C65)) | J65: =IF($H65="","",IFERROR(VLOOKUP($H65,'BẢNG GIÁ GỐC'!$A$5:$D$254,3,FALSE()),"")) | L65: =IF($C65="","",N($I65)*N($K65)) | N65: =IF($C65="","",IF($M65="VAT 5%",0.05,IF($M65="VAT 8%",0.08,IF($M65="VAT 10%",0.1,0)))) | O65: =IF($C65="","",$L65*$N65) | P65: =IF($C65="","",$L65+$O65) | R65: =IF($C65="","",MAX(0,$P65-N($Q65))) | S65: =IF(OR($C65="",$P65=0),"",IF(N($Q65)<=0,"Chưa thanh toán",IF(N($Q65)<$P65,"Thanh toán một phần","Đã thanh toán"))) | T65: =IF(OR($C65="",$J65=""),"",N($I65)*$J65) | U65: =IF(OR($C65="",$T65=""),"",$L65-$T65) | V65: =IF(OR($U65="",$L65=0),"",$U65/$L65) | X65: =IF($C65="","",IF(AND($H65="",N($I65)=0,N($K65)=0),"Dòng chỉ lưu thông tin khách (chưa có đơn); ",IF($B65="","Thiếu ngày đặt; ","")&IF($H65="","Thiếu tên sản phẩm; ",IF($J65="","Chưa khai GIÁ GỐC ở BẢNG GIÁ GỐC; ",""))&IF(N($I65)<=0,"Thiếu số lượng; ","")&IF(N($K65)<=0,"Thiếu giá bán; ","")&IF(AND($N65>0,$F65=""),"Khách lấy VAT thiếu mã số thuế; ","")&IF(N($Q65)>$P65,"Đã thu vượt tổng phải thu; ","")&IF(AND($L65>0,$U65<>"",$U65<0),"CẢNH BÁO: ĐƠN NÀY ĐANG LỖ; ","")))
A66: =IF($C66="","",COUNTA($C$10:$C66)) | J66: =IF($H66="","",IFERROR(VLOOKUP($H66,'BẢNG GIÁ GỐC'!$A$5:$D$254,3,FALSE()),"")) | L66: =IF($C66="","",N($I66)*N($K66)) | N66: =IF($C66="","",IF($M66="VAT 5%",0.05,IF($M66="VAT 8%",0.08,IF($M66="VAT 10%",0.1,0)))) | O66: =IF($C66="","",$L66*$N66) | P66: =IF($C66="","",$L66+$O66) | R66: =IF($C66="","",MAX(0,$P66-N($Q66))) | S66: =IF(OR($C66="",$P66=0),"",IF(N($Q66)<=0,"Chưa thanh toán",IF(N($Q66)<$P66,"Thanh toán một phần","Đã thanh toán"))) | T66: =IF(OR($C66="",$J66=""),"",N($I66)*$J66) | U66: =IF(OR($C66="",$T66=""),"",$L66-$T66) | V66: =IF(OR($U66="",$L66=0),"",$U66/$L66) | X66: =IF($C66="","",IF(AND($H66="",N($I66)=0,N($K66)=0),"Dòng chỉ lưu thông tin khách (chưa có đơn); ",IF($B66="","Thiếu ngày đặt; ","")&IF($H66="","Thiếu tên sản phẩm; ",IF($J66="","Chưa khai GIÁ GỐC ở BẢNG GIÁ GỐC; ",""))&IF(N($I66)<=0,"Thiếu số lượng; ","")&IF(N($K66)<=0,"Thiếu giá bán; ","")&IF(AND($N66>0,$F66=""),"Khách lấy VAT thiếu mã số thuế; ","")&IF(N($Q66)>$P66,"Đã thu vượt tổng phải thu; ","")&IF(AND($L66>0,$U66<>"",$U66<0),"CẢNH BÁO: ĐƠN NÀY ĐANG LỖ; ","")))
A67: =IF($C67="","",COUNTA($C$10:$C67)) | J67: =IF($H67="","",IFERROR(VLOOKUP($H67,'BẢNG GIÁ GỐC'!$A$5:$D$254,3,FALSE()),"")) | L67: =IF($C67="","",N($I67)*N($K67)) | N67: =IF($C67="","",IF($M67="VAT 5%",0.05,IF($M67="VAT 8%",0.08,IF($M67="VAT 10%",0.1,0)))) | O67: =IF($C67="","",$L67*$N67) | P67: =IF($C67="","",$L67+$O67) | R67: =IF($C67="","",MAX(0,$P67-N($Q67))) | S67: =IF(OR($C67="",$P67=0),"",IF(N($Q67)<=0,"Chưa thanh toán",IF(N($Q67)<$P67,"Thanh toán một phần","Đã thanh toán"))) | T67: =IF(OR($C67="",$J67=""),"",N($I67)*$J67) | U67: =IF(OR($C67="",$T67=""),"",$L67-$T67) | V67: =IF(OR($U67="",$L67=0),"",$U67/$L67) | X67: =IF($C67="","",IF(AND($H67="",N($I67)=0,N($K67)=0),"Dòng chỉ lưu thông tin khách (chưa có đơn); ",IF($B67="","Thiếu ngày đặt; ","")&IF($H67="","Thiếu tên sản phẩm; ",IF($J67="","Chưa khai GIÁ GỐC ở BẢNG GIÁ GỐC; ",""))&IF(N($I67)<=0,"Thiếu số lượng; ","")&IF(N($K67)<=0,"Thiếu giá bán; ","")&IF(AND($N67>0,$F67=""),"Khách lấy VAT thiếu mã số thuế; ","")&IF(N($Q67)>$P67,"Đã thu vượt tổng phải thu; ","")&IF(AND($L67>0,$U67<>"",$U67<0),"CẢNH BÁO: ĐƠN NÀY ĐANG LỖ; ","")))
A68: =IF($C68="","",COUNTA($C$10:$C68)) | J68: =IF($H68="","",IFERROR(VLOOKUP($H68,'BẢNG GIÁ GỐC'!$A$5:$D$254,3,FALSE()),"")) | L68: =IF($C68="","",N($I68)*N($K68)) | N68: =IF($C68="","",IF($M68="VAT 5%",0.05,IF($M68="VAT 8%",0.08,IF($M68="VAT 10%",0.1,0)))) | O68: =IF($C68="","",$L68*$N68) | P68: =IF($C68="","",$L68+$O68) | R68: =IF($C68="","",MAX(0,$P68-N($Q68))) | S68: =IF(OR($C68="",$P68=0),"",IF(N($Q68)<=0,"Chưa thanh toán",IF(N($Q68)<$P68,"Thanh toán một phần","Đã thanh toán"))) | T68: =IF(OR($C68="",$J68=""),"",N($I68)*$J68) | U68: =IF(OR($C68="",$T68=""),"",$L68-$T68) | V68: =IF(OR($U68="",$L68=0),"",$U68/$L68) | X68: =IF($C68="","",IF(AND($H68="",N($I68)=0,N($K68)=0),"Dòng chỉ lưu thông tin khách (chưa có đơn); ",IF($B68="","Thiếu ngày đặt; ","")&IF($H68="","Thiếu tên sản phẩm; ",IF($J68="","Chưa khai GIÁ GỐC ở BẢNG GIÁ GỐC; ",""))&IF(N($I68)<=0,"Thiếu số lượng; ","")&IF(N($K68)<=0,"Thiếu giá bán; ","")&IF(AND($N68>0,$F68=""),"Khách lấy VAT thiếu mã số thuế; ","")&IF(N($Q68)>$P68,"Đã thu vượt tổng phải thu; ","")&IF(AND($L68>0,$U68<>"",$U68<0),"CẢNH BÁO: ĐƠN NÀY ĐANG LỖ; ","")))
A69: =IF($C69="","",COUNTA($C$10:$C69)) | J69: =IF($H69="","",IFERROR(VLOOKUP($H69,'BẢNG GIÁ GỐC'!$A$5:$D$254,3,FALSE()),"")) | L69: =IF($C69="","",N($I69)*N($K69)) | N69: =IF($C69="","",IF($M69="VAT 5%",0.05,IF($M69="VAT 8%",0.08,IF($M69="VAT 10%",0.1,0)))) | O69: =IF($C69="","",$L69*$N69) | P69: =IF($C69="","",$L69+$O69) | R69: =IF($C69="","",MAX(0,$P69-N($Q69))) | S69: =IF(OR($C69="",$P69=0),"",IF(N($Q69)<=0,"Chưa thanh toán",IF(N($Q69)<$P69,"Thanh toán một phần","Đã thanh toán"))) | T69: =IF(OR($C69="",$J69=""),"",N($I69)*$J69) | U69: =IF(OR($C69="",$T69=""),"",$L69-$T69) | V69: =IF(OR($U69="",$L69=0),"",$U69/$L69) | X69: =IF($C69="","",IF(AND($H69="",N($I69)=0,N($K69)=0),"Dòng chỉ lưu thông tin khách (chưa có đơn); ",IF($B69="","Thiếu ngày đặt; ","")&IF($H69="","Thiếu tên sản phẩm; ",IF($J69="","Chưa khai GIÁ GỐC ở BẢNG GIÁ GỐC; ",""))&IF(N($I69)<=0,"Thiếu số lượng; ","")&IF(N($K69)<=0,"Thiếu giá bán; ","")&IF(AND($N69>0,$F69=""),"Khách lấy VAT thiếu mã số thuế; ","")&IF(N($Q69)>$P69,"Đã thu vượt tổng phải thu; ","")&IF(AND($L69>0,$U69<>"",$U69<0),"CẢNH BÁO: ĐƠN NÀY ĐANG LỖ; ","")))
A70: =IF($C70="","",COUNTA($C$10:$C70)) | J70: =IF($H70="","",IFERROR(VLOOKUP($H70,'BẢNG GIÁ GỐC'!$A$5:$D$254,3,FALSE()),"")) | L70: =IF($C70="","",N($I70)*N($K70)) | N70: =IF($C70="","",IF($M70="VAT 5%",0.05,IF($M70="VAT 8%",0.08,IF($M70="VAT 10%",0.1,0)))) | O70: =IF($C70="","",$L70*$N70) | P70: =IF($C70="","",$L70+$O70) | R70: =IF($C70="","",MAX(0,$P70-N($Q70))) | S70: =IF(OR($C70="",$P70=0),"",IF(N($Q70)<=0,"Chưa thanh toán",IF(N($Q70)<$P70,"Thanh toán một phần","Đã thanh toán"))) | T70: =IF(OR($C70="",$J70=""),"",N($I70)*$J70) | U70: =IF(OR($C70="",$T70=""),"",$L70-$T70) | V70: =IF(OR($U70="",$L70=0),"",$U70/$L70) | X70: =IF($C70="","",IF(AND($H70="",N($I70)=0,N($K70)=0),"Dòng chỉ lưu thông tin khách (chưa có đơn); ",IF($B70="","Thiếu ngày đặt; ","")&IF($H70="","Thiếu tên sản phẩm; ",IF($J70="","Chưa khai GIÁ GỐC ở BẢNG GIÁ GỐC; ",""))&IF(N($I70)<=0,"Thiếu số lượng; ","")&IF(N($K70)<=0,"Thiếu giá bán; ","")&IF(AND($N70>0,$F70=""),"Khách lấy VAT thiếu mã số thuế; ","")&IF(N($Q70)>$P70,"Đã thu vượt tổng phải thu; ","")&IF(AND($L70>0,$U70<>"",$U70<0),"CẢNH BÁO: ĐƠN NÀY ĐANG LỖ; ","")))
A71: =IF($C71="","",COUNTA($C$10:$C71)) | J71: =IF($H71="","",IFERROR(VLOOKUP($H71,'BẢNG GIÁ GỐC'!$A$5:$D$254,3,FALSE()),"")) | L71: =IF($C71="","",N($I71)*N($K71)) | N71: =IF($C71="","",IF($M71="VAT 5%",0.05,IF($M71="VAT 8%",0.08,IF($M71="VAT 10%",0.1,0)))) | O71: =IF($C71="","",$L71*$N71) | P71: =IF($C71="","",$L71+$O71) | R71: =IF($C71="","",MAX(0,$P71-N($Q71))) | S71: =IF(OR($C71="",$P71=0),"",IF(N($Q71)<=0,"Chưa thanh toán",IF(N($Q71)<$P71,"Thanh toán một phần","Đã thanh toán"))) | T71: =IF(OR($C71="",$J71=""),"",N($I71)*$J71) | U71: =IF(OR($C71="",$T71=""),"",$L71-$T71) | V71: =IF(OR($U71="",$L71=0),"",$U71/$L71) | X71: =IF($C71="","",IF(AND($H71="",N($I71)=0,N($K71)=0),"Dòng chỉ lưu thông tin khách (chưa có đơn); ",IF($B71="","Thiếu ngày đặt; ","")&IF($H71="","Thiếu tên sản phẩm; ",IF($J71="","Chưa khai GIÁ GỐC ở BẢNG GIÁ GỐC; ",""))&IF(N($I71)<=0,"Thiếu số lượng; ","")&IF(N($K71)<=0,"Thiếu giá bán; ","")&IF(AND($N71>0,$F71=""),"Khách lấy VAT thiếu mã số thuế; ","")&IF(N($Q71)>$P71,"Đã thu vượt tổng phải thu; ","")&IF(AND($L71>0,$U71<>"",$U71<0),"CẢNH BÁO: ĐƠN NÀY ĐANG LỖ; ","")))
A72: =IF($C72="","",COUNTA($C$10:$C72)) | J72: =IF($H72="","",IFERROR(VLOOKUP($H72,'BẢNG GIÁ GỐC'!$A$5:$D$254,3,FALSE()),"")) | L72: =IF($C72="","",N($I72)*N($K72)) | N72: =IF($C72="","",IF($M72="VAT 5%",0.05,IF($M72="VAT 8%",0.08,IF($M72="VAT 10%",0.1,0)))) | O72: =IF($C72="","",$L72*$N72) | P72: =IF($C72="","",$L72+$O72) | R72: =IF($C72="","",MAX(0,$P72-N($Q72))) | S72: =IF(OR($C72="",$P72=0),"",IF(N($Q72)<=0,"Chưa thanh toán",IF(N($Q72)<$P72,"Thanh toán một phần","Đã thanh toán"))) | T72: =IF(OR($C72="",$J72=""),"",N($I72)*$J72) | U72: =IF(OR($C72="",$T72=""),"",$L72-$T72) | V72: =IF(OR($U72="",$L72=0),"",$U72/$L72) | X72: =IF($C72="","",IF(AND($H72="",N($I72)=0,N($K72)=0),"Dòng chỉ lưu thông tin khách (chưa có đơn); ",IF($B72="","Thiếu ngày đặt; ","")&IF($H72="","Thiếu tên sản phẩm; ",IF($J72="","Chưa khai GIÁ GỐC ở BẢNG GIÁ GỐC; ",""))&IF(N($I72)<=0,"Thiếu số lượng; ","")&IF(N($K72)<=0,"Thiếu giá bán; ","")&IF(AND($N72>0,$F72=""),"Khách lấy VAT thiếu mã số thuế; ","")&IF(N($Q72)>$P72,"Đã thu vượt tổng phải thu; ","")&IF(AND($L72>0,$U72<>"",$U72<0),"CẢNH BÁO: ĐƠN NÀY ĐANG LỖ; ","")))
A73: =IF($C73="","",COUNTA($C$10:$C73)) | J73: =IF($H73="","",IFERROR(VLOOKUP($H73,'BẢNG GIÁ GỐC'!$A$5:$D$254,3,FALSE()),"")) | L73: =IF($C73="","",N($I73)*N($K73)) | N73: =IF($C73="","",IF($M73="VAT 5%",0.05,IF($M73="VAT 8%",0.08,IF($M73="VAT 10%",0.1,0)))) | O73: =IF($C73="","",$L73*$N73) | P73: =IF($C73="","",$L73+$O73) | R73: =IF($C73="","",MAX(0,$P73-N($Q73))) | S73: =IF(OR($C73="",$P73=0),"",IF(N($Q73)<=0,"Chưa thanh toán",IF(N($Q73)<$P73,"Thanh toán một phần","Đã thanh toán"))) | T73: =IF(OR($C73="",$J73=""),"",N($I73)*$J73) | U73: =IF(OR($C73="",$T73=""),"",$L73-$T73) | V73: =IF(OR($U73="",$L73=0),"",$U73/$L73) | X73: =IF($C73="","",IF(AND($H73="",N($I73)=0,N($K73)=0),"Dòng chỉ lưu thông tin khách (chưa có đơn); ",IF($B73="","Thiếu ngày đặt; ","")&IF($H73="","Thiếu tên sản phẩm; ",IF($J73="","Chưa khai GIÁ GỐC ở BẢNG GIÁ GỐC; ",""))&IF(N($I73)<=0,"Thiếu số lượng; ","")&IF(N($K73)<=0,"Thiếu giá bán; ","")&IF(AND($N73>0,$F73=""),"Khách lấy VAT thiếu mã số thuế; ","")&IF(N($Q73)>$P73,"Đã thu vượt tổng phải thu; ","")&IF(AND($L73>0,$U73<>"",$U73<0),"CẢNH BÁO: ĐƠN NÀY ĐANG LỖ; ","")))
A74: =IF($C74="","",COUNTA($C$10:$C74)) | J74: =IF($H74="","",IFERROR(VLOOKUP($H74,'BẢNG GIÁ GỐC'!$A$5:$D$254,3,FALSE()),"")) | L74: =IF($C74="","",N($I74)*N($K74)) | N74: =IF($C74="","",IF($M74="VAT 5%",0.05,IF($M74="VAT 8%",0.08,IF($M74="VAT 10%",0.1,0)))) | O74: =IF($C74="","",$L74*$N74) | P74: =IF($C74="","",$L74+$O74) | R74: =IF($C74="","",MAX(0,$P74-N($Q74))) | S74: =IF(OR($C74="",$P74=0),"",IF(N($Q74)<=0,"Chưa thanh toán",IF(N($Q74)<$P74,"Thanh toán một phần","Đã thanh toán"))) | T74: =IF(OR($C74="",$J74=""),"",N($I74)*$J74) | U74: =IF(OR($C74="",$T74=""),"",$L74-$T74) | V74: =IF(OR($U74="",$L74=0),"",$U74/$L74) | X74: =IF($C74="","",IF(AND($H74="",N($I74)=0,N($K74)=0),"Dòng chỉ lưu thông tin khách (chưa có đơn); ",IF($B74="","Thiếu ngày đặt; ","")&IF($H74="","Thiếu tên sản phẩm; ",IF($J74="","Chưa khai GIÁ GỐC ở BẢNG GIÁ GỐC; ",""))&IF(N($I74)<=0,"Thiếu số lượng; ","")&IF(N($K74)<=0,"Thiếu giá bán; ","")&IF(AND($N74>0,$F74=""),"Khách lấy VAT thiếu mã số thuế; ","")&IF(N($Q74)>$P74,"Đã thu vượt tổng phải thu; ","")&IF(AND($L74>0,$U74<>"",$U74<0),"CẢNH BÁO: ĐƠN NÀY ĐANG LỖ; ","")))
A75: =IF($C75="","",COUNTA($C$10:$C75)) | J75: =IF($H75="","",IFERROR(VLOOKUP($H75,'BẢNG GIÁ GỐC'!$A$5:$D$254,3,FALSE()),"")) | L75: =IF($C75="","",N($I75)*N($K75)) | N75: =IF($C75="","",IF($M75="VAT 5%",0.05,IF($M75="VAT 8%",0.08,IF($M75="VAT 10%",0.1,0)))) | O75: =IF($C75="","",$L75*$N75) | P75: =IF($C75="","",$L75+$O75) | R75: =IF($C75="","",MAX(0,$P75-N($Q75))) | S75: =IF(OR($C75="",$P75=0),"",IF(N($Q75)<=0,"Chưa thanh toán",IF(N($Q75)<$P75,"Thanh toán một phần","Đã thanh toán"))) | T75: =IF(OR($C75="",$J75=""),"",N($I75)*$J75) | U75: =IF(OR($C75="",$T75=""),"",$L75-$T75) | V75: =IF(OR($U75="",$L75=0),"",$U75/$L75) | X75: =IF($C75="","",IF(AND($H75="",N($I75)=0,N($K75)=0),"Dòng chỉ lưu thông tin khách (chưa có đơn); ",IF($B75="","Thiếu ngày đặt; ","")&IF($H75="","Thiếu tên sản phẩm; ",IF($J75="","Chưa khai GIÁ GỐC ở BẢNG GIÁ GỐC; ",""))&IF(N($I75)<=0,"Thiếu số lượng; ","")&IF(N($K75)<=0,"Thiếu giá bán; ","")&IF(AND($N75>0,$F75=""),"Khách lấy VAT thiếu mã số thuế; ","")&IF(N($Q75)>$P75,"Đã thu vượt tổng phải thu; ","")&IF(AND($L75>0,$U75<>"",$U75<0),"CẢNH BÁO: ĐƠN NÀY ĐANG LỖ; ","")))
... A159: =IF($C159="","",COUNTA($C$10:$C159)) | J159: =IF($H159="","",IFERROR(VLOOKUP($H159,'BẢNG GIÁ GỐC'!$A$5:$D$254,3,FALSE()),"")) | L159: =IF($C159="","",N($I159)*N($K159)) | N159: =IF($C159="","",IF($M159="VAT 5%",0.05,IF($M159="VAT 8%",0.08,IF($M159="VAT 10%",0.1,0)))) | O159: =IF($C159="","",$L159*$N159) | P159: =IF($C159="","",$L159+$O159) | R159: =IF($C159="","",MAX(0,$P159-N($Q159))) | S159: =IF(OR($C159="",$P159=0),"",IF(N($Q159)<=0,"Chưa thanh toán",IF(N($Q159)<$P159,"Thanh toán một phần","Đã thanh toán"))) | T159: =IF(OR($C159="",$J159=""),"",N($I159)*$J159) | U159: =IF(OR($C159="",$T159=""),"",$L159-$T159) | V159: =IF(OR($U159="",$L159=0),"",$U159/$L159) | X159: =IF($C159="","",IF(AND($H159="",N($I159)=0,N($K159)=0),"Dòng chỉ lưu thông tin khách (chưa có đơn); ",IF($B159="","Thiếu ngày đặt; ","")&IF($H159="","Thiếu tên sản phẩm; ",IF($J159="","Chưa khai GIÁ GỐC ở BẢNG GIÁ GỐC; ",""))&IF(N($I159)<=0,"Thiếu số lượng; ","")&IF(N($K159)<=0,"Thiếu giá bán; ","")&IF(AND($N159>0,$F159=""),"Khách lấy VAT thiếu mã số thuế; ","")&IF(N($Q159)>$P159,"Đã thu vượt tổng phải thu; ","")&IF(AND($L159>0,$U159<>"",$U159<0),"CẢNH BÁO: ĐƠN NÀY ĐANG LỖ; ","")))

Sheet THÁNG 8
A1: THÁNG 8/2026 – NHẬP ĐƠN HÀNG & BÁO CÁO THÁNG
A2: Chỉ gõ Ô MÀU VÀNG. Chi phí khác của tháng nhập ở khối vàng bên phải (cột Z). Tiền hàng, VAT, còn nợ, giá vốn, lãi lỗ đều tự tính.
A3: SỐ ĐƠN HÀNG | D3: =COUNTIFS($C$10:$C$159,"?*",$L$10:$L$159,">0") -> 3 | F3: DOANH THU TIỀN HÀNG (chưa VAT) (đ) | I3: =SUM($L$10:$L$159) -> 4805000 | L3: CHI PHÍ – GIÁ VỐN HÀNG BÁN (đ) | P3: =SUM($T$10:$T$159) -> 1280000 | Z3: CHI PHÍ KHÁC TRONG THÁNG 8 (NHẬP TAY)
A4: SỐ KHÁCH HÀNG | D4: =IF(COUNTA($C$10:$C$159)=0,0,SUMPRODUCT(($C$10:$C$159<>"")/COUNTIF($C$10:$C$159,$C$10:$C$159&""))) -> 3 | F4: TIỀN VAT (đ) | I4: =SUM($O$10:$O$159) -> 98000 | L4: CHI PHÍ KHÁC TRONG THÁNG (đ) | P4: =SUM($AC$5:$AC$24) -> 0 | Z4: NGÀY | AA4: LOẠI CHI PHÍ | AB4: NỘI DUNG | AC4: SỐ TIỀN (đ) | AD4: GHI CHÚ
A5: SỐ ĐƠN ĐÃ THU ĐỦ | D5: =COUNTIFS($P$10:$P$159,">0",$R$10:$R$159,"<=0") -> 0 | F5: TỔNG PHẢI THU (gồm VAT) (đ) | I5: =SUM($P$10:$P$159) -> 4903000 | L5: TỔNG CHI PHÍ THÁNG (đ) | P5: =$P3+$P4 -> 1280000
A6: SỐ ĐƠN CÒN NỢ | D6: =COUNTIF($R$10:$R$159,">0") -> 3 | F6: TIỀN HÀNG ĐÃ THANH TOÁN (đ) | I6: =SUM($Q$10:$Q$159) -> 2212000 | L6: LÃI / LỖ THỰC CỦA THÁNG (đ) | P6: =$I3-$P5 -> 3525000
A7: % ĐÃ THU | D7: =IF($I5=0,"",$I6/$I5) -> 0.45115236 | F7: TIỀN HÀNG CHƯA THANH TOÁN (đ) | I7: =SUM($R$10:$R$159) -> 2691000 | L7: % LÃI THỰC | P7: =IF($I3=0,"",$P6/$I3) -> 0.73361082
A8: =IF(SUMPRODUCT(($H$10:$H$159<>"")*($J$10:$J$159=""))=0,"✔ Mọi đơn trong tháng đã có GIÁ GỐC – số liệu lãi lỗ đầy đủ.","⚠ CÓ "&SUMPRODUCT(($H$10:$H$159<>"")*($J$10:$J$159=""))&" ĐƠN CHƯA KHAI GIÁ GỐC → GIÁ VỐN và LÃI/LỖ của tháng CHƯA ĐỦ. Vào sheet BẢNG GIÁ GỐC điền cột GIÁ GỐC/SP.") -> ⚠ CÓ 2 ĐƠN CHƯA KHAI GIÁ GỐC → GIÁ VỐN và LÃI/LỖ của tháng CHƯA ĐỦ. Vào sheet BẢNG GIÁ GỐC điền cột GIÁ GỐC/SP.
A9: STT | B9: NGÀY ĐẶT | C9: TÊN KHÁCH HÀNG | D9: SỐ ĐIỆN THOẠI | E9: CÔNG TY (nếu có) | F9: MÃ SỐ THUẾ | G9: ĐỊA CHỈ GIAO HÀNG | H9: TÊN SẢN PHẨM | I9: SỐ LƯỢNG | J9: GIÁ GỐC / SP (đ) | K9: GIÁ BÁN / SP (đ) (chưa VAT) | L9: TIỀN HÀNG (đ) | M9: LẤY VAT? | N9: THUẾ SUẤT | O9: TIỀN VAT (đ) | P9: TỔNG PHẢI THU (đ) | Q9: ĐÃ THANH TOÁN (đ) | R9: CÒN NỢ (đ) | S9: TÌNH TRẠNG | T9: TỔNG VỐN (đ) | U9: LÃI / LỖ (đ) | V9: % LÃI | W9: GHI CHÚ | X9: CẢNH BÁO
A10: =IF($C10="","",COUNTA($C$10:$C10)) -> 1 | B10: 46235 | C10: Chị Hồng Liên | D10: 0941379111 | H10: gấu tốt nghiệp | I10: 32 | J10: =IF($H10="","",IFERROR(VLOOKUP($H10,'BẢNG GIÁ GỐC'!$A$5:$D$254,3,FALSE()),"")) -> 40000 | K10: 65000 | L10: =IF($C10="","",N($I10)*N($K10)) -> 2080000 | M10: Không lấy VAT | N10: =IF($C10="","",IF($M10="VAT 5%",0.05,IF($M10="VAT 8%",0.08,IF($M10="VAT 10%",0.1,0)))) -> 0 | O10: =IF($C10="","",$L10*$N10) -> 0 | P10: =IF($C10="","",$L10+$O10) -> 2080000 | Q10: 1050000 | R10: =IF($C10="","",MAX(0,$P10-N($Q10))) -> 1030000 | S10: =IF(OR($C10="",$P10=0),"",IF(N($Q10)<=0,"Chưa thanh toán",IF(N($Q10)<$P10,"Thanh toán một phần","Đã thanh toán"))) -> Thanh toán một phần | T10: =IF(OR($C10="",$J10=""),"",N($I10)*$J10) -> 1280000 | U10: =IF(OR($C10="",$T10=""),"",$L10-$T10) -> 800000 | V10: =IF(OR($U10="",$L10=0),"",$U10/$L10) -> 0.38461538 | W10: chuyển từ Tháng 8 dòng 10 | X10: =IF($C10="","",IF(AND($H10="",N($I10)=0,N($K10)=0),"Dòng chỉ lưu thông tin khách (chưa có đơn); ",IF($B10="","Thiếu ngày đặt; ","")&IF($H10="","Thiếu tên sản phẩm; ",IF($J10="","Chưa khai GIÁ GỐC ở BẢNG GIÁ GỐC; ",""))&IF(N($I10)<=0,"Thiếu số lượng; ","")&IF(N($K10)<=0,"Thiếu giá bán; ","")&IF(AND($N10>0,$F10=""),"Khách lấy VAT thiếu mã số thuế; ","")&IF(N($Q10)>$P10,"Đã thu vượt tổng phải thu; ","")&IF(AND($L10>0,$U10<>"",$U10<0),"CẢNH BÁO: ĐƠN NÀY ĐANG LỖ; ","")))
A11: =IF($C11="","",COUNTA($C$10:$C11)) -> 2 | B11: 46235 | C11: chị Trang Jade | D11: 0799740948 | F11: 3500780970 | G11: số 9 đường Trương Vĩnh Kỳ, Vùng Tàu, HCM | H11: gấu trắng | I11: 25 | J11: =IF($H11="","",IFERROR(VLOOKUP($H11,'BẢNG GIÁ GỐC'!$A$5:$D$254,3,FALSE()),"")) -> 0 | K11: 49000 | L11: =IF($C11="","",N($I11)*N($K11)) -> 1225000 | M11: VAT 8% | N11: =IF($C11="","",IF($M11="VAT 5%",0.05,IF($M11="VAT 8%",0.08,IF($M11="VAT 10%",0.1,0)))) -> 0.08 | O11: =IF($C11="","",$L11*$N11) -> 98000 | P11: =IF($C11="","",$L11+$O11) -> 1323000 | Q11: 662000 | R11: =IF($C11="","",MAX(0,$P11-N($Q11))) -> 661000 | S11: =IF(OR($C11="",$P11=0),"",IF(N($Q11)<=0,"Chưa thanh toán",IF(N($Q11)<$P11,"Thanh toán một phần","Đã thanh toán"))) -> Thanh toán một phần | T11: =IF(OR($C11="",$J11=""),"",N($I11)*$J11) | U11: =IF(OR($C11="",$T11=""),"",$L11-$T11) | V11: =IF(OR($U11="",$L11=0),"",$U11/$L11) | W11: chuyển từ Tháng 8 dòng 11 | X11: =IF($C11="","",IF(AND($H11="",N($I11)=0,N($K11)=0),"Dòng chỉ lưu thông tin khách (chưa có đơn); ",IF($B11="","Thiếu ngày đặt; ","")&IF($H11="","Thiếu tên sản phẩm; ",IF($J11="","Chưa khai GIÁ GỐC ở BẢNG GIÁ GỐC; ",""))&IF(N($I11)<=0,"Thiếu số lượng; ","")&IF(N($K11)<=0,"Thiếu giá bán; ","")&IF(AND($N11>0,$F11=""),"Khách lấy VAT thiếu mã số thuế; ","")&IF(N($Q11)>$P11,"Đã thu vượt tổng phải thu; ","")&IF(AND($L11>0,$U11<>"",$U11<0),"CẢNH BÁO: ĐƠN NÀY ĐANG LỖ; ",""))) -> Chưa khai GIÁ GỐC ở BẢNG GIÁ GỐC;
A12: =IF($C12="","",COUNTA($C$10:$C12)) -> 3 | B12: 46235 | C12: BGB - HOÀNG HẢI TRAVEL 30G | D12: 0967840505 | G12: Thôn thượng trì ấp Hoài thượng Thuận thành Bắc Ninh | H12: gấu nâu | I12: 30 | J12: =IF($H12="","",IFERROR(VLOOKUP($H12,'BẢNG GIÁ GỐC'!$A$5:$D$254,3,FALSE()),"")) -> 0 | K12: 50000 | L12: =IF($C12="","",N($I12)*N($K12)) -> 1500000 | M12: Không lấy VAT | N12: =IF($C12="","",IF($M12="VAT 5%",0.05,IF($M12="VAT 8%",0.08,IF($M12="VAT 10%",0.1,0)))) -> 0 | O12: =IF($C12="","",$L12*$N12) -> 0 | P12: =IF($C12="","",$L12+$O12) -> 1500000 | Q12: 500000 | R12: =IF($C12="","",MAX(0,$P12-N($Q12))) -> 1000000 | S12: =IF(OR($C12="",$P12=0),"",IF(N($Q12)<=0,"Chưa thanh toán",IF(N($Q12)<$P12,"Thanh toán một phần","Đã thanh toán"))) -> Thanh toán một phần | T12: =IF(OR($C12="",$J12=""),"",N($I12)*$J12) | U12: =IF(OR($C12="",$T12=""),"",$L12-$T12) | V12: =IF(OR($U12="",$L12=0),"",$U12/$L12) | W12: chuyển từ Tháng 8 dòng 12 | X12: =IF($C12="","",IF(AND($H12="",N($I12)=0,N($K12)=0),"Dòng chỉ lưu thông tin khách (chưa có đơn); ",IF($B12="","Thiếu ngày đặt; ","")&IF($H12="","Thiếu tên sản phẩm; ",IF($J12="","Chưa khai GIÁ GỐC ở BẢNG GIÁ GỐC; ",""))&IF(N($I12)<=0,"Thiếu số lượng; ","")&IF(N($K12)<=0,"Thiếu giá bán; ","")&IF(AND($N12>0,$F12=""),"Khách lấy VAT thiếu mã số thuế; ","")&IF(N($Q12)>$P12,"Đã thu vượt tổng phải thu; ","")&IF(AND($L12>0,$U12<>"",$U12<0),"CẢNH BÁO: ĐƠN NÀY ĐANG LỖ; ",""))) -> Chưa khai GIÁ GỐC ở BẢNG GIÁ GỐC;
A13: =IF($C13="","",COUNTA($C$10:$C13)) | J13: =IF($H13="","",IFERROR(VLOOKUP($H13,'BẢNG GIÁ GỐC'!$A$5:$D$254,3,FALSE()),"")) | L13: =IF($C13="","",N($I13)*N($K13)) | N13: =IF($C13="","",IF($M13="VAT 5%",0.05,IF($M13="VAT 8%",0.08,IF($M13="VAT 10%",0.1,0)))) | O13: =IF($C13="","",$L13*$N13) | P13: =IF($C13="","",$L13+$O13) | R13: =IF($C13="","",MAX(0,$P13-N($Q13))) | S13: =IF(OR($C13="",$P13=0),"",IF(N($Q13)<=0,"Chưa thanh toán",IF(N($Q13)<$P13,"Thanh toán một phần","Đã thanh toán"))) | T13: =IF(OR($C13="",$J13=""),"",N($I13)*$J13) | U13: =IF(OR($C13="",$T13=""),"",$L13-$T13) | V13: =IF(OR($U13="",$L13=0),"",$U13/$L13) | X13: =IF($C13="","",IF(AND($H13="",N($I13)=0,N($K13)=0),"Dòng chỉ lưu thông tin khách (chưa có đơn); ",IF($B13="","Thiếu ngày đặt; ","")&IF($H13="","Thiếu tên sản phẩm; ",IF($J13="","Chưa khai GIÁ GỐC ở BẢNG GIÁ GỐC; ",""))&IF(N($I13)<=0,"Thiếu số lượng; ","")&IF(N($K13)<=0,"Thiếu giá bán; ","")&IF(AND($N13>0,$F13=""),"Khách lấy VAT thiếu mã số thuế; ","")&IF(N($Q13)>$P13,"Đã thu vượt tổng phải thu; ","")&IF(AND($L13>0,$U13<>"",$U13<0),"CẢNH BÁO: ĐƠN NÀY ĐANG LỖ; ","")))
A14: =IF($C14="","",COUNTA($C$10:$C14)) | J14: =IF($H14="","",IFERROR(VLOOKUP($H14,'BẢNG GIÁ GỐC'!$A$5:$D$254,3,FALSE()),"")) | L14: =IF($C14="","",N($I14)*N($K14)) | N14: =IF($C14="","",IF($M14="VAT 5%",0.05,IF($M14="VAT 8%",0.08,IF($M14="VAT 10%",0.1,0)))) | O14: =IF($C14="","",$L14*$N14) | P14: =IF($C14="","",$L14+$O14) | R14: =IF($C14="","",MAX(0,$P14-N($Q14))) | S14: =IF(OR($C14="",$P14=0),"",IF(N($Q14)<=0,"Chưa thanh toán",IF(N($Q14)<$P14,"Thanh toán một phần","Đã thanh toán"))) | T14: =IF(OR($C14="",$J14=""),"",N($I14)*$J14) | U14: =IF(OR($C14="",$T14=""),"",$L14-$T14) | V14: =IF(OR($U14="",$L14=0),"",$U14/$L14) | X14: =IF($C14="","",IF(AND($H14="",N($I14)=0,N($K14)=0),"Dòng chỉ lưu thông tin khách (chưa có đơn); ",IF($B14="","Thiếu ngày đặt; ","")&IF($H14="","Thiếu tên sản phẩm; ",IF($J14="","Chưa khai GIÁ GỐC ở BẢNG GIÁ GỐC; ",""))&IF(N($I14)<=0,"Thiếu số lượng; ","")&IF(N($K14)<=0,"Thiếu giá bán; ","")&IF(AND($N14>0,$F14=""),"Khách lấy VAT thiếu mã số thuế; ","")&IF(N($Q14)>$P14,"Đã thu vượt tổng phải thu; ","")&IF(AND($L14>0,$U14<>"",$U14<0),"CẢNH BÁO: ĐƠN NÀY ĐANG LỖ; ","")))
A15: =IF($C15="","",COUNTA($C$10:$C15)) | J15: =IF($H15="","",IFERROR(VLOOKUP($H15,'BẢNG GIÁ GỐC'!$A$5:$D$254,3,FALSE()),"")) | L15: =IF($C15="","",N($I15)*N($K15)) | N15: =IF($C15="","",IF($M15="VAT 5%",0.05,IF($M15="VAT 8%",0.08,IF($M15="VAT 10%",0.1,0)))) | O15: =IF($C15="","",$L15*$N15) | P15: =IF($C15="","",$L15+$O15) | R15: =IF($C15="","",MAX(0,$P15-N($Q15))) | S15: =IF(OR($C15="",$P15=0),"",IF(N($Q15)<=0,"Chưa thanh toán",IF(N($Q15)<$P15,"Thanh toán một phần","Đã thanh toán"))) | T15: =IF(OR($C15="",$J15=""),"",N($I15)*$J15) | U15: =IF(OR($C15="",$T15=""),"",$L15-$T15) | V15: =IF(OR($U15="",$L15=0),"",$U15/$L15) | X15: =IF($C15="","",IF(AND($H15="",N($I15)=0,N($K15)=0),"Dòng chỉ lưu thông tin khách (chưa có đơn); ",IF($B15="","Thiếu ngày đặt; ","")&IF($H15="","Thiếu tên sản phẩm; ",IF($J15="","Chưa khai GIÁ GỐC ở BẢNG GIÁ GỐC; ",""))&IF(N($I15)<=0,"Thiếu số lượng; ","")&IF(N($K15)<=0,"Thiếu giá bán; ","")&IF(AND($N15>0,$F15=""),"Khách lấy VAT thiếu mã số thuế; ","")&IF(N($Q15)>$P15,"Đã thu vượt tổng phải thu; ","")&IF(AND($L15>0,$U15<>"",$U15<0),"CẢNH BÁO: ĐƠN NÀY ĐANG LỖ; ","")))
A16: =IF($C16="","",COUNTA($C$10:$C16)) | J16: =IF($H16="","",IFERROR(VLOOKUP($H16,'BẢNG GIÁ GỐC'!$A$5:$D$254,3,FALSE()),"")) | L16: =IF($C16="","",N($I16)*N($K16)) | N16: =IF($C16="","",IF($M16="VAT 5%",0.05,IF($M16="VAT 8%",0.08,IF($M16="VAT 10%",0.1,0)))) | O16: =IF($C16="","",$L16*$N16) | P16: =IF($C16="","",$L16+$O16) | R16: =IF($C16="","",MAX(0,$P16-N($Q16))) | S16: =IF(OR($C16="",$P16=0),"",IF(N($Q16)<=0,"Chưa thanh toán",IF(N($Q16)<$P16,"Thanh toán một phần","Đã thanh toán"))) | T16: =IF(OR($C16="",$J16=""),"",N($I16)*$J16) | U16: =IF(OR($C16="",$T16=""),"",$L16-$T16) | V16: =IF(OR($U16="",$L16=0),"",$U16/$L16) | X16: =IF($C16="","",IF(AND($H16="",N($I16)=0,N($K16)=0),"Dòng chỉ lưu thông tin khách (chưa có đơn); ",IF($B16="","Thiếu ngày đặt; ","")&IF($H16="","Thiếu tên sản phẩm; ",IF($J16="","Chưa khai GIÁ GỐC ở BẢNG GIÁ GỐC; ",""))&IF(N($I16)<=0,"Thiếu số lượng; ","")&IF(N($K16)<=0,"Thiếu giá bán; ","")&IF(AND($N16>0,$F16=""),"Khách lấy VAT thiếu mã số thuế; ","")&IF(N($Q16)>$P16,"Đã thu vượt tổng phải thu; ","")&IF(AND($L16>0,$U16<>"",$U16<0),"CẢNH BÁO: ĐƠN NÀY ĐANG LỖ; ","")))
A17: =IF($C17="","",COUNTA($C$10:$C17)) | J17: =IF($H17="","",IFERROR(VLOOKUP($H17,'BẢNG GIÁ GỐC'!$A$5:$D$254,3,FALSE()),"")) | L17: =IF($C17="","",N($I17)*N($K17)) | N17: =IF($C17="","",IF($M17="VAT 5%",0.05,IF($M17="VAT 8%",0.08,IF($M17="VAT 10%",0.1,0)))) | O17: =IF($C17="","",$L17*$N17) | P17: =IF($C17="","",$L17+$O17) | R17: =IF($C17="","",MAX(0,$P17-N($Q17))) | S17: =IF(OR($C17="",$P17=0),"",IF(N($Q17)<=0,"Chưa thanh toán",IF(N($Q17)<$P17,"Thanh toán một phần","Đã thanh toán"))) | T17: =IF(OR($C17="",$J17=""),"",N($I17)*$J17) | U17: =IF(OR($C17="",$T17=""),"",$L17-$T17) | V17: =IF(OR($U17="",$L17=0),"",$U17/$L17) | X17: =IF($C17="","",IF(AND($H17="",N($I17)=0,N($K17)=0),"Dòng chỉ lưu thông tin khách (chưa có đơn); ",IF($B17="","Thiếu ngày đặt; ","")&IF($H17="","Thiếu tên sản phẩm; ",IF($J17="","Chưa khai GIÁ GỐC ở BẢNG GIÁ GỐC; ",""))&IF(N($I17)<=0,"Thiếu số lượng; ","")&IF(N($K17)<=0,"Thiếu giá bán; ","")&IF(AND($N17>0,$F17=""),"Khách lấy VAT thiếu mã số thuế; ","")&IF(N($Q17)>$P17,"Đã thu vượt tổng phải thu; ","")&IF(AND($L17>0,$U17<>"",$U17<0),"CẢNH BÁO: ĐƠN NÀY ĐANG LỖ; ","")))
A18: =IF($C18="","",COUNTA($C$10:$C18)) | J18: =IF($H18="","",IFERROR(VLOOKUP($H18,'BẢNG GIÁ GỐC'!$A$5:$D$254,3,FALSE()),"")) | L18: =IF($C18="","",N($I18)*N($K18)) | N18: =IF($C18="","",IF($M18="VAT 5%",0.05,IF($M18="VAT 8%",0.08,IF($M18="VAT 10%",0.1,0)))) | O18: =IF($C18="","",$L18*$N18) | P18: =IF($C18="","",$L18+$O18) | R18: =IF($C18="","",MAX(0,$P18-N($Q18))) | S18: =IF(OR($C18="",$P18=0),"",IF(N($Q18)<=0,"Chưa thanh toán",IF(N($Q18)<$P18,"Thanh toán một phần","Đã thanh toán"))) | T18: =IF(OR($C18="",$J18=""),"",N($I18)*$J18) | U18: =IF(OR($C18="",$T18=""),"",$L18-$T18) | V18: =IF(OR($U18="",$L18=0),"",$U18/$L18) | X18: =IF($C18="","",IF(AND($H18="",N($I18)=0,N($K18)=0),"Dòng chỉ lưu thông tin khách (chưa có đơn); ",IF($B18="","Thiếu ngày đặt; ","")&IF($H18="","Thiếu tên sản phẩm; ",IF($J18="","Chưa khai GIÁ GỐC ở BẢNG GIÁ GỐC; ",""))&IF(N($I18)<=0,"Thiếu số lượng; ","")&IF(N($K18)<=0,"Thiếu giá bán; ","")&IF(AND($N18>0,$F18=""),"Khách lấy VAT thiếu mã số thuế; ","")&IF(N($Q18)>$P18,"Đã thu vượt tổng phải thu; ","")&IF(AND($L18>0,$U18<>"",$U18<0),"CẢNH BÁO: ĐƠN NÀY ĐANG LỖ; ","")))
A19: =IF($C19="","",COUNTA($C$10:$C19)) | J19: =IF($H19="","",IFERROR(VLOOKUP($H19,'BẢNG GIÁ GỐC'!$A$5:$D$254,3,FALSE()),"")) | L19: =IF($C19="","",N($I19)*N($K19)) | N19: =IF($C19="","",IF($M19="VAT 5%",0.05,IF($M19="VAT 8%",0.08,IF($M19="VAT 10%",0.1,0)))) | O19: =IF($C19="","",$L19*$N19) | P19: =IF($C19="","",$L19+$O19) | R19: =IF($C19="","",MAX(0,$P19-N($Q19))) | S19: =IF(OR($C19="",$P19=0),"",IF(N($Q19)<=0,"Chưa thanh toán",IF(N($Q19)<$P19,"Thanh toán một phần","Đã thanh toán"))) | T19: =IF(OR($C19="",$J19=""),"",N($I19)*$J19) | U19: =IF(OR($C19="",$T19=""),"",$L19-$T19) | V19: =IF(OR($U19="",$L19=0),"",$U19/$L19) | X19: =IF($C19="","",IF(AND($H19="",N($I19)=0,N($K19)=0),"Dòng chỉ lưu thông tin khách (chưa có đơn); ",IF($B19="","Thiếu ngày đặt; ","")&IF($H19="","Thiếu tên sản phẩm; ",IF($J19="","Chưa khai GIÁ GỐC ở BẢNG GIÁ GỐC; ",""))&IF(N($I19)<=0,"Thiếu số lượng; ","")&IF(N($K19)<=0,"Thiếu giá bán; ","")&IF(AND($N19>0,$F19=""),"Khách lấy VAT thiếu mã số thuế; ","")&IF(N($Q19)>$P19,"Đã thu vượt tổng phải thu; ","")&IF(AND($L19>0,$U19<>"",$U19<0),"CẢNH BÁO: ĐƠN NÀY ĐANG LỖ; ","")))
A20: =IF($C20="","",COUNTA($C$10:$C20)) | J20: =IF($H20="","",IFERROR(VLOOKUP($H20,'BẢNG GIÁ GỐC'!$A$5:$D$254,3,FALSE()),"")) | L20: =IF($C20="","",N($I20)*N($K20)) | N20: =IF($C20="","",IF($M20="VAT 5%",0.05,IF($M20="VAT 8%",0.08,IF($M20="VAT 10%",0.1,0)))) | O20: =IF($C20="","",$L20*$N20) | P20: =IF($C20="","",$L20+$O20) | R20: =IF($C20="","",MAX(0,$P20-N($Q20))) | S20: =IF(OR($C20="",$P20=0),"",IF(N($Q20)<=0,"Chưa thanh toán",IF(N($Q20)<$P20,"Thanh toán một phần","Đã thanh toán"))) | T20: =IF(OR($C20="",$J20=""),"",N($I20)*$J20) | U20: =IF(OR($C20="",$T20=""),"",$L20-$T20) | V20: =IF(OR($U20="",$L20=0),"",$U20/$L20) | X20: =IF($C20="","",IF(AND($H20="",N($I20)=0,N($K20)=0),"Dòng chỉ lưu thông tin khách (chưa có đơn); ",IF($B20="","Thiếu ngày đặt; ","")&IF($H20="","Thiếu tên sản phẩm; ",IF($J20="","Chưa khai GIÁ GỐC ở BẢNG GIÁ GỐC; ",""))&IF(N($I20)<=0,"Thiếu số lượng; ","")&IF(N($K20)<=0,"Thiếu giá bán; ","")&IF(AND($N20>0,$F20=""),"Khách lấy VAT thiếu mã số thuế; ","")&IF(N($Q20)>$P20,"Đã thu vượt tổng phải thu; ","")&IF(AND($L20>0,$U20<>"",$U20<0),"CẢNH BÁO: ĐƠN NÀY ĐANG LỖ; ","")))
A21: =IF($C21="","",COUNTA($C$10:$C21)) | J21: =IF($H21="","",IFERROR(VLOOKUP($H21,'BẢNG GIÁ GỐC'!$A$5:$D$254,3,FALSE()),"")) | L21: =IF($C21="","",N($I21)*N($K21)) | N21: =IF($C21="","",IF($M21="VAT 5%",0.05,IF($M21="VAT 8%",0.08,IF($M21="VAT 10%",0.1,0)))) | O21: =IF($C21="","",$L21*$N21) | P21: =IF($C21="","",$L21+$O21) | R21: =IF($C21="","",MAX(0,$P21-N($Q21))) | S21: =IF(OR($C21="",$P21=0),"",IF(N($Q21)<=0,"Chưa thanh toán",IF(N($Q21)<$P21,"Thanh toán một phần","Đã thanh toán"))) | T21: =IF(OR($C21="",$J21=""),"",N($I21)*$J21) | U21: =IF(OR($C21="",$T21=""),"",$L21-$T21) | V21: =IF(OR($U21="",$L21=0),"",$U21/$L21) | X21: =IF($C21="","",IF(AND($H21="",N($I21)=0,N($K21)=0),"Dòng chỉ lưu thông tin khách (chưa có đơn); ",IF($B21="","Thiếu ngày đặt; ","")&IF($H21="","Thiếu tên sản phẩm; ",IF($J21="","Chưa khai GIÁ GỐC ở BẢNG GIÁ GỐC; ",""))&IF(N($I21)<=0,"Thiếu số lượng; ","")&IF(N($K21)<=0,"Thiếu giá bán; ","")&IF(AND($N21>0,$F21=""),"Khách lấy VAT thiếu mã số thuế; ","")&IF(N($Q21)>$P21,"Đã thu vượt tổng phải thu; ","")&IF(AND($L21>0,$U21<>"",$U21<0),"CẢNH BÁO: ĐƠN NÀY ĐANG LỖ; ","")))
A22: =IF($C22="","",COUNTA($C$10:$C22)) | J22: =IF($H22="","",IFERROR(VLOOKUP($H22,'BẢNG GIÁ GỐC'!$A$5:$D$254,3,FALSE()),"")) | L22: =IF($C22="","",N($I22)*N($K22)) | N22: =IF($C22="","",IF($M22="VAT 5%",0.05,IF($M22="VAT 8%",0.08,IF($M22="VAT 10%",0.1,0)))) | O22: =IF($C22="","",$L22*$N22) | P22: =IF($C22="","",$L22+$O22) | R22: =IF($C22="","",MAX(0,$P22-N($Q22))) | S22: =IF(OR($C22="",$P22=0),"",IF(N($Q22)<=0,"Chưa thanh toán",IF(N($Q22)<$P22,"Thanh toán một phần","Đã thanh toán"))) | T22: =IF(OR($C22="",$J22=""),"",N($I22)*$J22) | U22: =IF(OR($C22="",$T22=""),"",$L22-$T22) | V22: =IF(OR($U22="",$L22=0),"",$U22/$L22) | X22: =IF($C22="","",IF(AND($H22="",N($I22)=0,N($K22)=0),"Dòng chỉ lưu thông tin khách (chưa có đơn); ",IF($B22="","Thiếu ngày đặt; ","")&IF($H22="","Thiếu tên sản phẩm; ",IF($J22="","Chưa khai GIÁ GỐC ở BẢNG GIÁ GỐC; ",""))&IF(N($I22)<=0,"Thiếu số lượng; ","")&IF(N($K22)<=0,"Thiếu giá bán; ","")&IF(AND($N22>0,$F22=""),"Khách lấy VAT thiếu mã số thuế; ","")&IF(N($Q22)>$P22,"Đã thu vượt tổng phải thu; ","")&IF(AND($L22>0,$U22<>"",$U22<0),"CẢNH BÁO: ĐƠN NÀY ĐANG LỖ; ","")))
A23: =IF($C23="","",COUNTA($C$10:$C23)) | J23: =IF($H23="","",IFERROR(VLOOKUP($H23,'BẢNG GIÁ GỐC'!$A$5:$D$254,3,FALSE()),"")) | L23: =IF($C23="","",N($I23)*N($K23)) | N23: =IF($C23="","",IF($M23="VAT 5%",0.05,IF($M23="VAT 8%",0.08,IF($M23="VAT 10%",0.1,0)))) | O23: =IF($C23="","",$L23*$N23) | P23: =IF($C23="","",$L23+$O23) | R23: =IF($C23="","",MAX(0,$P23-N($Q23))) | S23: =IF(OR($C23="",$P23=0),"",IF(N($Q23)<=0,"Chưa thanh toán",IF(N($Q23)<$P23,"Thanh toán một phần","Đã thanh toán"))) | T23: =IF(OR($C23="",$J23=""),"",N($I23)*$J23) | U23: =IF(OR($C23="",$T23=""),"",$L23-$T23) | V23: =IF(OR($U23="",$L23=0),"",$U23/$L23) | X23: =IF($C23="","",IF(AND($H23="",N($I23)=0,N($K23)=0),"Dòng chỉ lưu thông tin khách (chưa có đơn); ",IF($B23="","Thiếu ngày đặt; ","")&IF($H23="","Thiếu tên sản phẩm; ",IF($J23="","Chưa khai GIÁ GỐC ở BẢNG GIÁ GỐC; ",""))&IF(N($I23)<=0,"Thiếu số lượng; ","")&IF(N($K23)<=0,"Thiếu giá bán; ","")&IF(AND($N23>0,$F23=""),"Khách lấy VAT thiếu mã số thuế; ","")&IF(N($Q23)>$P23,"Đã thu vượt tổng phải thu; ","")&IF(AND($L23>0,$U23<>"",$U23<0),"CẢNH BÁO: ĐƠN NÀY ĐANG LỖ; ","")))
A24: =IF($C24="","",COUNTA($C$10:$C24)) | J24: =IF($H24="","",IFERROR(VLOOKUP($H24,'BẢNG GIÁ GỐC'!$A$5:$D$254,3,FALSE()),"")) | L24: =IF($C24="","",N($I24)*N($K24)) | N24: =IF($C24="","",IF($M24="VAT 5%",0.05,IF($M24="VAT 8%",0.08,IF($M24="VAT 10%",0.1,0)))) | O24: =IF($C24="","",$L24*$N24) | P24: =IF($C24="","",$L24+$O24) | R24: =IF($C24="","",MAX(0,$P24-N($Q24))) | S24: =IF(OR($C24="",$P24=0),"",IF(N($Q24)<=0,"Chưa thanh toán",IF(N($Q24)<$P24,"Thanh toán một phần","Đã thanh toán"))) | T24: =IF(OR($C24="",$J24=""),"",N($I24)*$J24) | U24: =IF(OR($C24="",$T24=""),"",$L24-$T24) | V24: =IF(OR($U24="",$L24=0),"",$U24/$L24) | X24: =IF($C24="","",IF(AND($H24="",N($I24)=0,N($K24)=0),"Dòng chỉ lưu thông tin khách (chưa có đơn); ",IF($B24="","Thiếu ngày đặt; ","")&IF($H24="","Thiếu tên sản phẩm; ",IF($J24="","Chưa khai GIÁ GỐC ở BẢNG GIÁ GỐC; ",""))&IF(N($I24)<=0,"Thiếu số lượng; ","")&IF(N($K24)<=0,"Thiếu giá bán; ","")&IF(AND($N24>0,$F24=""),"Khách lấy VAT thiếu mã số thuế; ","")&IF(N($Q24)>$P24,"Đã thu vượt tổng phải thu; ","")&IF(AND($L24>0,$U24<>"",$U24<0),"CẢNH BÁO: ĐƠN NÀY ĐANG LỖ; ","")))
A25: =IF($C25="","",COUNTA($C$10:$C25)) | J25: =IF($H25="","",IFERROR(VLOOKUP($H25,'BẢNG GIÁ GỐC'!$A$5:$D$254,3,FALSE()),"")) | L25: =IF($C25="","",N($I25)*N($K25)) | N25: =IF($C25="","",IF($M25="VAT 5%",0.05,IF($M25="VAT 8%",0.08,IF($M25="VAT 10%",0.1,0)))) | O25: =IF($C25="","",$L25*$N25) | P25: =IF($C25="","",$L25+$O25) | R25: =IF($C25="","",MAX(0,$P25-N($Q25))) | S25: =IF(OR($C25="",$P25=0),"",IF(N($Q25)<=0,"Chưa thanh toán",IF(N($Q25)<$P25,"Thanh toán một phần","Đã thanh toán"))) | T25: =IF(OR($C25="",$J25=""),"",N($I25)*$J25) | U25: =IF(OR($C25="",$T25=""),"",$L25-$T25) | V25: =IF(OR($U25="",$L25=0),"",$U25/$L25) | X25: =IF($C25="","",IF(AND($H25="",N($I25)=0,N($K25)=0),"Dòng chỉ lưu thông tin khách (chưa có đơn); ",IF($B25="","Thiếu ngày đặt; ","")&IF($H25="","Thiếu tên sản phẩm; ",IF($J25="","Chưa khai GIÁ GỐC ở BẢNG GIÁ GỐC; ",""))&IF(N($I25)<=0,"Thiếu số lượng; ","")&IF(N($K25)<=0,"Thiếu giá bán; ","")&IF(AND($N25>0,$F25=""),"Khách lấy VAT thiếu mã số thuế; ","")&IF(N($Q25)>$P25,"Đã thu vượt tổng phải thu; ","")&IF(AND($L25>0,$U25<>"",$U25<0),"CẢNH BÁO: ĐƠN NÀY ĐANG LỖ; ",""))) | Z25: TỔNG CHI PHÍ KHÁC | AC25: =SUM(AC5:AC24) -> 0
A26: =IF($C26="","",COUNTA($C$10:$C26)) | J26: =IF($H26="","",IFERROR(VLOOKUP($H26,'BẢNG GIÁ GỐC'!$A$5:$D$254,3,FALSE()),"")) | L26: =IF($C26="","",N($I26)*N($K26)) | N26: =IF($C26="","",IF($M26="VAT 5%",0.05,IF($M26="VAT 8%",0.08,IF($M26="VAT 10%",0.1,0)))) | O26: =IF($C26="","",$L26*$N26) | P26: =IF($C26="","",$L26+$O26) | R26: =IF($C26="","",MAX(0,$P26-N($Q26))) | S26: =IF(OR($C26="",$P26=0),"",IF(N($Q26)<=0,"Chưa thanh toán",IF(N($Q26)<$P26,"Thanh toán một phần","Đã thanh toán"))) | T26: =IF(OR($C26="",$J26=""),"",N($I26)*$J26) | U26: =IF(OR($C26="",$T26=""),"",$L26-$T26) | V26: =IF(OR($U26="",$L26=0),"",$U26/$L26) | X26: =IF($C26="","",IF(AND($H26="",N($I26)=0,N($K26)=0),"Dòng chỉ lưu thông tin khách (chưa có đơn); ",IF($B26="","Thiếu ngày đặt; ","")&IF($H26="","Thiếu tên sản phẩm; ",IF($J26="","Chưa khai GIÁ GỐC ở BẢNG GIÁ GỐC; ",""))&IF(N($I26)<=0,"Thiếu số lượng; ","")&IF(N($K26)<=0,"Thiếu giá bán; ","")&IF(AND($N26>0,$F26=""),"Khách lấy VAT thiếu mã số thuế; ","")&IF(N($Q26)>$P26,"Đã thu vượt tổng phải thu; ","")&IF(AND($L26>0,$U26<>"",$U26<0),"CẢNH BÁO: ĐƠN NÀY ĐANG LỖ; ","")))
A27: =IF($C27="","",COUNTA($C$10:$C27)) | J27: =IF($H27="","",IFERROR(VLOOKUP($H27,'BẢNG GIÁ GỐC'!$A$5:$D$254,3,FALSE()),"")) | L27: =IF($C27="","",N($I27)*N($K27)) | N27: =IF($C27="","",IF($M27="VAT 5%",0.05,IF($M27="VAT 8%",0.08,IF($M27="VAT 10%",0.1,0)))) | O27: =IF($C27="","",$L27*$N27) | P27: =IF($C27="","",$L27+$O27) | R27: =IF($C27="","",MAX(0,$P27-N($Q27))) | S27: =IF(OR($C27="",$P27=0),"",IF(N($Q27)<=0,"Chưa thanh toán",IF(N($Q27)<$P27,"Thanh toán một phần","Đã thanh toán"))) | T27: =IF(OR($C27="",$J27=""),"",N($I27)*$J27) | U27: =IF(OR($C27="",$T27=""),"",$L27-$T27) | V27: =IF(OR($U27="",$L27=0),"",$U27/$L27) | X27: =IF($C27="","",IF(AND($H27="",N($I27)=0,N($K27)=0),"Dòng chỉ lưu thông tin khách (chưa có đơn); ",IF($B27="","Thiếu ngày đặt; ","")&IF($H27="","Thiếu tên sản phẩm; ",IF($J27="","Chưa khai GIÁ GỐC ở BẢNG GIÁ GỐC; ",""))&IF(N($I27)<=0,"Thiếu số lượng; ","")&IF(N($K27)<=0,"Thiếu giá bán; ","")&IF(AND($N27>0,$F27=""),"Khách lấy VAT thiếu mã số thuế; ","")&IF(N($Q27)>$P27,"Đã thu vượt tổng phải thu; ","")&IF(AND($L27>0,$U27<>"",$U27<0),"CẢNH BÁO: ĐƠN NÀY ĐANG LỖ; ","")))
A28: =IF($C28="","",COUNTA($C$10:$C28)) | J28: =IF($H28="","",IFERROR(VLOOKUP($H28,'BẢNG GIÁ GỐC'!$A$5:$D$254,3,FALSE()),"")) | L28: =IF($C28="","",N($I28)*N($K28)) | N28: =IF($C28="","",IF($M28="VAT 5%",0.05,IF($M28="VAT 8%",0.08,IF($M28="VAT 10%",0.1,0)))) | O28: =IF($C28="","",$L28*$N28) | P28: =IF($C28="","",$L28+$O28) | R28: =IF($C28="","",MAX(0,$P28-N($Q28))) | S28: =IF(OR($C28="",$P28=0),"",IF(N($Q28)<=0,"Chưa thanh toán",IF(N($Q28)<$P28,"Thanh toán một phần","Đã thanh toán"))) | T28: =IF(OR($C28="",$J28=""),"",N($I28)*$J28) | U28: =IF(OR($C28="",$T28=""),"",$L28-$T28) | V28: =IF(OR($U28="",$L28=0),"",$U28/$L28) | X28: =IF($C28="","",IF(AND($H28="",N($I28)=0,N($K28)=0),"Dòng chỉ lưu thông tin khách (chưa có đơn); ",IF($B28="","Thiếu ngày đặt; ","")&IF($H28="","Thiếu tên sản phẩm; ",IF($J28="","Chưa khai GIÁ GỐC ở BẢNG GIÁ GỐC; ",""))&IF(N($I28)<=0,"Thiếu số lượng; ","")&IF(N($K28)<=0,"Thiếu giá bán; ","")&IF(AND($N28>0,$F28=""),"Khách lấy VAT thiếu mã số thuế; ","")&IF(N($Q28)>$P28,"Đã thu vượt tổng phải thu; ","")&IF(AND($L28>0,$U28<>"",$U28<0),"CẢNH BÁO: ĐƠN NÀY ĐANG LỖ; ","")))
A29: =IF($C29="","",COUNTA($C$10:$C29)) | J29: =IF($H29="","",IFERROR(VLOOKUP($H29,'BẢNG GIÁ GỐC'!$A$5:$D$254,3,FALSE()),"")) | L29: =IF($C29="","",N($I29)*N($K29)) | N29: =IF($C29="","",IF($M29="VAT 5%",0.05,IF($M29="VAT 8%",0.08,IF($M29="VAT 10%",0.1,0)))) | O29: =IF($C29="","",$L29*$N29) | P29: =IF($C29="","",$L29+$O29) | R29: =IF($C29="","",MAX(0,$P29-N($Q29))) | S29: =IF(OR($C29="",$P29=0),"",IF(N($Q29)<=0,"Chưa thanh toán",IF(N($Q29)<$P29,"Thanh toán một phần","Đã thanh toán"))) | T29: =IF(OR($C29="",$J29=""),"",N($I29)*$J29) | U29: =IF(OR($C29="",$T29=""),"",$L29-$T29) | V29: =IF(OR($U29="",$L29=0),"",$U29/$L29) | X29: =IF($C29="","",IF(AND($H29="",N($I29)=0,N($K29)=0),"Dòng chỉ lưu thông tin khách (chưa có đơn); ",IF($B29="","Thiếu ngày đặt; ","")&IF($H29="","Thiếu tên sản phẩm; ",IF($J29="","Chưa khai GIÁ GỐC ở BẢNG GIÁ GỐC; ",""))&IF(N($I29)<=0,"Thiếu số lượng; ","")&IF(N($K29)<=0,"Thiếu giá bán; ","")&IF(AND($N29>0,$F29=""),"Khách lấy VAT thiếu mã số thuế; ","")&IF(N($Q29)>$P29,"Đã thu vượt tổng phải thu; ","")&IF(AND($L29>0,$U29<>"",$U29<0),"CẢNH BÁO: ĐƠN NÀY ĐANG LỖ; ","")))
A30: =IF($C30="","",COUNTA($C$10:$C30)) | J30: =IF($H30="","",IFERROR(VLOOKUP($H30,'BẢNG GIÁ GỐC'!$A$5:$D$254,3,FALSE()),"")) | L30: =IF($C30="","",N($I30)*N($K30)) | N30: =IF($C30="","",IF($M30="VAT 5%",0.05,IF($M30="VAT 8%",0.08,IF($M30="VAT 10%",0.1,0)))) | O30: =IF($C30="","",$L30*$N30) | P30: =IF($C30="","",$L30+$O30) | R30: =IF($C30="","",MAX(0,$P30-N($Q30))) | S30: =IF(OR($C30="",$P30=0),"",IF(N($Q30)<=0,"Chưa thanh toán",IF(N($Q30)<$P30,"Thanh toán một phần","Đã thanh toán"))) | T30: =IF(OR($C30="",$J30=""),"",N($I30)*$J30) | U30: =IF(OR($C30="",$T30=""),"",$L30-$T30) | V30: =IF(OR($U30="",$L30=0),"",$U30/$L30) | X30: =IF($C30="","",IF(AND($H30="",N($I30)=0,N($K30)=0),"Dòng chỉ lưu thông tin khách (chưa có đơn); ",IF($B30="","Thiếu ngày đặt; ","")&IF($H30="","Thiếu tên sản phẩm; ",IF($J30="","Chưa khai GIÁ GỐC ở BẢNG GIÁ GỐC; ",""))&IF(N($I30)<=0,"Thiếu số lượng; ","")&IF(N($K30)<=0,"Thiếu giá bán; ","")&IF(AND($N30>0,$F30=""),"Khách lấy VAT thiếu mã số thuế; ","")&IF(N($Q30)>$P30,"Đã thu vượt tổng phải thu; ","")&IF(AND($L30>0,$U30<>"",$U30<0),"CẢNH BÁO: ĐƠN NÀY ĐANG LỖ; ","")))
A31: =IF($C31="","",COUNTA($C$10:$C31)) | J31: =IF($H31="","",IFERROR(VLOOKUP($H31,'BẢNG GIÁ GỐC'!$A$5:$D$254,3,FALSE()),"")) | L31: =IF($C31="","",N($I31)*N($K31)) | N31: =IF($C31="","",IF($M31="VAT 5%",0.05,IF($M31="VAT 8%",0.08,IF($M31="VAT 10%",0.1,0)))) | O31: =IF($C31="","",$L31*$N31) | P31: =IF($C31="","",$L31+$O31) | R31: =IF($C31="","",MAX(0,$P31-N($Q31))) | S31: =IF(OR($C31="",$P31=0),"",IF(N($Q31)<=0,"Chưa thanh toán",IF(N($Q31)<$P31,"Thanh toán một phần","Đã thanh toán"))) | T31: =IF(OR($C31="",$J31=""),"",N($I31)*$J31) | U31: =IF(OR($C31="",$T31=""),"",$L31-$T31) | V31: =IF(OR($U31="",$L31=0),"",$U31/$L31) | X31: =IF($C31="","",IF(AND($H31="",N($I31)=0,N($K31)=0),"Dòng chỉ lưu thông tin khách (chưa có đơn); ",IF($B31="","Thiếu ngày đặt; ","")&IF($H31="","Thiếu tên sản phẩm; ",IF($J31="","Chưa khai GIÁ GỐC ở BẢNG GIÁ GỐC; ",""))&IF(N($I31)<=0,"Thiếu số lượng; ","")&IF(N($K31)<=0,"Thiếu giá bán; ","")&IF(AND($N31>0,$F31=""),"Khách lấy VAT thiếu mã số thuế; ","")&IF(N($Q31)>$P31,"Đã thu vượt tổng phải thu; ","")&IF(AND($L31>0,$U31<>"",$U31<0),"CẢNH BÁO: ĐƠN NÀY ĐANG LỖ; ","")))
A32: =IF($C32="","",COUNTA($C$10:$C32)) | J32: =IF($H32="","",IFERROR(VLOOKUP($H32,'BẢNG GIÁ GỐC'!$A$5:$D$254,3,FALSE()),"")) | L32: =IF($C32="","",N($I32)*N($K32)) | N32: =IF($C32="","",IF($M32="VAT 5%",0.05,IF($M32="VAT 8%",0.08,IF($M32="VAT 10%",0.1,0)))) | O32: =IF($C32="","",$L32*$N32) | P32: =IF($C32="","",$L32+$O32) | R32: =IF($C32="","",MAX(0,$P32-N($Q32))) | S32: =IF(OR($C32="",$P32=0),"",IF(N($Q32)<=0,"Chưa thanh toán",IF(N($Q32)<$P32,"Thanh toán một phần","Đã thanh toán"))) | T32: =IF(OR($C32="",$J32=""),"",N($I32)*$J32) | U32: =IF(OR($C32="",$T32=""),"",$L32-$T32) | V32: =IF(OR($U32="",$L32=0),"",$U32/$L32) | X32: =IF($C32="","",IF(AND($H32="",N($I32)=0,N($K32)=0),"Dòng chỉ lưu thông tin khách (chưa có đơn); ",IF($B32="","Thiếu ngày đặt; ","")&IF($H32="","Thiếu tên sản phẩm; ",IF($J32="","Chưa khai GIÁ GỐC ở BẢNG GIÁ GỐC; ",""))&IF(N($I32)<=0,"Thiếu số lượng; ","")&IF(N($K32)<=0,"Thiếu giá bán; ","")&IF(AND($N32>0,$F32=""),"Khách lấy VAT thiếu mã số thuế; ","")&IF(N($Q32)>$P32,"Đã thu vượt tổng phải thu; ","")&IF(AND($L32>0,$U32<>"",$U32<0),"CẢNH BÁO: ĐƠN NÀY ĐANG LỖ; ","")))
A33: =IF($C33="","",COUNTA($C$10:$C33)) | J33: =IF($H33="","",IFERROR(VLOOKUP($H33,'BẢNG GIÁ GỐC'!$A$5:$D$254,3,FALSE()),"")) | L33: =IF($C33="","",N($I33)*N($K33)) | N33: =IF($C33="","",IF($M33="VAT 5%",0.05,IF($M33="VAT 8%",0.08,IF($M33="VAT 10%",0.1,0)))) | O33: =IF($C33="","",$L33*$N33) | P33: =IF($C33="","",$L33+$O33) | R33: =IF($C33="","",MAX(0,$P33-N($Q33))) | S33: =IF(OR($C33="",$P33=0),"",IF(N($Q33)<=0,"Chưa thanh toán",IF(N($Q33)<$P33,"Thanh toán một phần","Đã thanh toán"))) | T33: =IF(OR($C33="",$J33=""),"",N($I33)*$J33) | U33: =IF(OR($C33="",$T33=""),"",$L33-$T33) | V33: =IF(OR($U33="",$L33=0),"",$U33/$L33) | X33: =IF($C33="","",IF(AND($H33="",N($I33)=0,N($K33)=0),"Dòng chỉ lưu thông tin khách (chưa có đơn); ",IF($B33="","Thiếu ngày đặt; ","")&IF($H33="","Thiếu tên sản phẩm; ",IF($J33="","Chưa khai GIÁ GỐC ở BẢNG GIÁ GỐC; ",""))&IF(N($I33)<=0,"Thiếu số lượng; ","")&IF(N($K33)<=0,"Thiếu giá bán; ","")&IF(AND($N33>0,$F33=""),"Khách lấy VAT thiếu mã số thuế; ","")&IF(N($Q33)>$P33,"Đã thu vượt tổng phải thu; ","")&IF(AND($L33>0,$U33<>"",$U33<0),"CẢNH BÁO: ĐƠN NÀY ĐANG LỖ; ","")))
A34: =IF($C34="","",COUNTA($C$10:$C34)) | J34: =IF($H34="","",IFERROR(VLOOKUP($H34,'BẢNG GIÁ GỐC'!$A$5:$D$254,3,FALSE()),"")) | L34: =IF($C34="","",N($I34)*N($K34)) | N34: =IF($C34="","",IF($M34="VAT 5%",0.05,IF($M34="VAT 8%",0.08,IF($M34="VAT 10%",0.1,0)))) | O34: =IF($C34="","",$L34*$N34) | P34: =IF($C34="","",$L34+$O34) | R34: =IF($C34="","",MAX(0,$P34-N($Q34))) | S34: =IF(OR($C34="",$P34=0),"",IF(N($Q34)<=0,"Chưa thanh toán",IF(N($Q34)<$P34,"Thanh toán một phần","Đã thanh toán"))) | T34: =IF(OR($C34="",$J34=""),"",N($I34)*$J34) | U34: =IF(OR($C34="",$T34=""),"",$L34-$T34) | V34: =IF(OR($U34="",$L34=0),"",$U34/$L34) | X34: =IF($C34="","",IF(AND($H34="",N($I34)=0,N($K34)=0),"Dòng chỉ lưu thông tin khách (chưa có đơn); ",IF($B34="","Thiếu ngày đặt; ","")&IF($H34="","Thiếu tên sản phẩm; ",IF($J34="","Chưa khai GIÁ GỐC ở BẢNG GIÁ GỐC; ",""))&IF(N($I34)<=0,"Thiếu số lượng; ","")&IF(N($K34)<=0,"Thiếu giá bán; ","")&IF(AND($N34>0,$F34=""),"Khách lấy VAT thiếu mã số thuế; ","")&IF(N($Q34)>$P34,"Đã thu vượt tổng phải thu; ","")&IF(AND($L34>0,$U34<>"",$U34<0),"CẢNH BÁO: ĐƠN NÀY ĐANG LỖ; ","")))
A35: =IF($C35="","",COUNTA($C$10:$C35)) | J35: =IF($H35="","",IFERROR(VLOOKUP($H35,'BẢNG GIÁ GỐC'!$A$5:$D$254,3,FALSE()),"")) | L35: =IF($C35="","",N($I35)*N($K35)) | N35: =IF($C35="","",IF($M35="VAT 5%",0.05,IF($M35="VAT 8%",0.08,IF($M35="VAT 10%",0.1,0)))) | O35: =IF($C35="","",$L35*$N35) | P35: =IF($C35="","",$L35+$O35) | R35: =IF($C35="","",MAX(0,$P35-N($Q35))) | S35: =IF(OR($C35="",$P35=0),"",IF(N($Q35)<=0,"Chưa thanh toán",IF(N($Q35)<$P35,"Thanh toán một phần","Đã thanh toán"))) | T35: =IF(OR($C35="",$J35=""),"",N($I35)*$J35) | U35: =IF(OR($C35="",$T35=""),"",$L35-$T35) | V35: =IF(OR($U35="",$L35=0),"",$U35/$L35) | X35: =IF($C35="","",IF(AND($H35="",N($I35)=0,N($K35)=0),"Dòng chỉ lưu thông tin khách (chưa có đơn); ",IF($B35="","Thiếu ngày đặt; ","")&IF($H35="","Thiếu tên sản phẩm; ",IF($J35="","Chưa khai GIÁ GỐC ở BẢNG GIÁ GỐC; ",""))&IF(N($I35)<=0,"Thiếu số lượng; ","")&IF(N($K35)<=0,"Thiếu giá bán; ","")&IF(AND($N35>0,$F35=""),"Khách lấy VAT thiếu mã số thuế; ","")&IF(N($Q35)>$P35,"Đã thu vượt tổng phải thu; ","")&IF(AND($L35>0,$U35<>"",$U35<0),"CẢNH BÁO: ĐƠN NÀY ĐANG LỖ; ","")))
A36: =IF($C36="","",COUNTA($C$10:$C36)) | J36: =IF($H36="","",IFERROR(VLOOKUP($H36,'BẢNG GIÁ GỐC'!$A$5:$D$254,3,FALSE()),"")) | L36: =IF($C36="","",N($I36)*N($K36)) | N36: =IF($C36="","",IF($M36="VAT 5%",0.05,IF($M36="VAT 8%",0.08,IF($M36="VAT 10%",0.1,0)))) | O36: =IF($C36="","",$L36*$N36) | P36: =IF($C36="","",$L36+$O36) | R36: =IF($C36="","",MAX(0,$P36-N($Q36))) | S36: =IF(OR($C36="",$P36=0),"",IF(N($Q36)<=0,"Chưa thanh toán",IF(N($Q36)<$P36,"Thanh toán một phần","Đã thanh toán"))) | T36: =IF(OR($C36="",$J36=""),"",N($I36)*$J36) | U36: =IF(OR($C36="",$T36=""),"",$L36-$T36) | V36: =IF(OR($U36="",$L36=0),"",$U36/$L36) | X36: =IF($C36="","",IF(AND($H36="",N($I36)=0,N($K36)=0),"Dòng chỉ lưu thông tin khách (chưa có đơn); ",IF($B36="","Thiếu ngày đặt; ","")&IF($H36="","Thiếu tên sản phẩm; ",IF($J36="","Chưa khai GIÁ GỐC ở BẢNG GIÁ GỐC; ",""))&IF(N($I36)<=0,"Thiếu số lượng; ","")&IF(N($K36)<=0,"Thiếu giá bán; ","")&IF(AND($N36>0,$F36=""),"Khách lấy VAT thiếu mã số thuế; ","")&IF(N($Q36)>$P36,"Đã thu vượt tổng phải thu; ","")&IF(AND($L36>0,$U36<>"",$U36<0),"CẢNH BÁO: ĐƠN NÀY ĐANG LỖ; ","")))
A37: =IF($C37="","",COUNTA($C$10:$C37)) | J37: =IF($H37="","",IFERROR(VLOOKUP($H37,'BẢNG GIÁ GỐC'!$A$5:$D$254,3,FALSE()),"")) | L37: =IF($C37="","",N($I37)*N($K37)) | N37: =IF($C37="","",IF($M37="VAT 5%",0.05,IF($M37="VAT 8%",0.08,IF($M37="VAT 10%",0.1,0)))) | O37: =IF($C37="","",$L37*$N37) | P37: =IF($C37="","",$L37+$O37) | R37: =IF($C37="","",MAX(0,$P37-N($Q37))) | S37: =IF(OR($C37="",$P37=0),"",IF(N($Q37)<=0,"Chưa thanh toán",IF(N($Q37)<$P37,"Thanh toán một phần","Đã thanh toán"))) | T37: =IF(OR($C37="",$J37=""),"",N($I37)*$J37) | U37: =IF(OR($C37="",$T37=""),"",$L37-$T37) | V37: =IF(OR($U37="",$L37=0),"",$U37/$L37) | X37: =IF($C37="","",IF(AND($H37="",N($I37)=0,N($K37)=0),"Dòng chỉ lưu thông tin khách (chưa có đơn); ",IF($B37="","Thiếu ngày đặt; ","")&IF($H37="","Thiếu tên sản phẩm; ",IF($J37="","Chưa khai GIÁ GỐC ở BẢNG GIÁ GỐC; ",""))&IF(N($I37)<=0,"Thiếu số lượng; ","")&IF(N($K37)<=0,"Thiếu giá bán; ","")&IF(AND($N37>0,$F37=""),"Khách lấy VAT thiếu mã số thuế; ","")&IF(N($Q37)>$P37,"Đã thu vượt tổng phải thu; ","")&IF(AND($L37>0,$U37<>"",$U37<0),"CẢNH BÁO: ĐƠN NÀY ĐANG LỖ; ","")))
... A159: =IF($C159="","",COUNTA($C$10:$C159)) | J159: =IF($H159="","",IFERROR(VLOOKUP($H159,'BẢNG GIÁ GỐC'!$A$5:$D$254,3,FALSE()),"")) | L159: =IF($C159="","",N($I159)*N($K159)) | N159: =IF($C159="","",IF($M159="VAT 5%",0.05,IF($M159="VAT 8%",0.08,IF($M159="VAT 10%",0.1,0)))) | O159: =IF($C159="","",$L159*$N159) | P159: =IF($C159="","",$L159+$O159) | R159: =IF($C159="","",MAX(0,$P159-N($Q159))) | S159: =IF(OR($C159="",$P159=0),"",IF(N($Q159)<=0,"Chưa thanh toán",IF(N($Q159)<$P159,"Thanh toán một phần","Đã thanh toán"))) | T159: =IF(OR($C159="",$J159=""),"",N($I159)*$J159) | U159: =IF(OR($C159="",$T159=""),"",$L159-$T159) | V159: =IF(OR($U159="",$L159=0),"",$U159/$L159) | X159: =IF($C159="","",IF(AND($H159="",N($I159)=0,N($K159)=0),"Dòng chỉ lưu thông tin khách (chưa có đơn); ",IF($B159="","Thiếu ngày đặt; ","")&IF($H159="","Thiếu tên sản phẩm; ",IF($J159="","Chưa khai GIÁ GỐC ở BẢNG GIÁ GỐC; ",""))&IF(N($I159)<=0,"Thiếu số lượng; ","")&IF(N($K159)<=0,"Thiếu giá bán; ","")&IF(AND($N159>0,$F159=""),"Khách lấy VAT thiếu mã số thuế; ","")&IF(N($Q159)>$P159,"Đã thu vượt tổng phải thu; ","")&IF(AND($L159>0,$U159<>"",$U159<0),"CẢNH BÁO: ĐƠN NÀY ĐANG LỖ; ","")))

Sheet THÁNG 9
A1: THÁNG 9/2026 – NHẬP ĐƠN HÀNG & BÁO CÁO THÁNG
A2: Chỉ gõ Ô MÀU VÀNG. Chi phí khác của tháng nhập ở khối vàng bên phải (cột Z). Tiền hàng, VAT, còn nợ, giá vốn, lãi lỗ đều tự tính.
A3: SỐ ĐƠN HÀNG | D3: =COUNTIFS($C$10:$C$159,"?*",$L$10:$L$159,">0") -> 0 | F3: DOANH THU TIỀN HÀNG (chưa VAT) (đ) | I3: =SUM($L$10:$L$159) -> 0 | L3: CHI PHÍ – GIÁ VỐN HÀNG BÁN (đ) | P3: =SUM($T$10:$T$159) -> 0 | Z3: CHI PHÍ KHÁC TRONG THÁNG 9 (NHẬP TAY)
A4: SỐ KHÁCH HÀNG | D4: =IF(COUNTA($C$10:$C$159)=0,0,SUMPRODUCT(($C$10:$C$159<>"")/COUNTIF($C$10:$C$159,$C$10:$C$159&""))) -> 0 | F4: TIỀN VAT (đ) | I4: =SUM($O$10:$O$159) -> 0 | L4: CHI PHÍ KHÁC TRONG THÁNG (đ) | P4: =SUM($AC$5:$AC$24) -> 0 | Z4: NGÀY | AA4: LOẠI CHI PHÍ | AB4: NỘI DUNG | AC4: SỐ TIỀN (đ) | AD4: GHI CHÚ
A5: SỐ ĐƠN ĐÃ THU ĐỦ | D5: =COUNTIFS($P$10:$P$159,">0",$R$10:$R$159,"<=0") -> 0 | F5: TỔNG PHẢI THU (gồm VAT) (đ) | I5: =SUM($P$10:$P$159) -> 0 | L5: TỔNG CHI PHÍ THÁNG (đ) | P5: =$P3+$P4 -> 0
A6: SỐ ĐƠN CÒN NỢ | D6: =COUNTIF($R$10:$R$159,">0") -> 0 | F6: TIỀN HÀNG ĐÃ THANH TOÁN (đ) | I6: =SUM($Q$10:$Q$159) -> 0 | L6: LÃI / LỖ THỰC CỦA THÁNG (đ) | P6: =$I3-$P5 -> 0
A7: % ĐÃ THU | D7: =IF($I5=0,"",$I6/$I5) | F7: TIỀN HÀNG CHƯA THANH TOÁN (đ) | I7: =SUM($R$10:$R$159) -> 0 | L7: % LÃI THỰC | P7: =IF($I3=0,"",$P6/$I3)
A8: =IF(SUMPRODUCT(($H$10:$H$159<>"")*($J$10:$J$159=""))=0,"✔ Mọi đơn trong tháng đã có GIÁ GỐC – số liệu lãi lỗ đầy đủ.","⚠ CÓ "&SUMPRODUCT(($H$10:$H$159<>"")*($J$10:$J$159=""))&" ĐƠN CHƯA KHAI GIÁ GỐC → GIÁ VỐN và LÃI/LỖ của tháng CHƯA ĐỦ. Vào sheet BẢNG GIÁ GỐC điền cột GIÁ GỐC/SP.") -> ✔ Mọi đơn trong tháng đã có GIÁ GỐC – số liệu lãi lỗ đầy đủ.
A9: STT | B9: NGÀY ĐẶT | C9: TÊN KHÁCH HÀNG | D9: SỐ ĐIỆN THOẠI | E9: CÔNG TY (nếu có) | F9: MÃ SỐ THUẾ | G9: ĐỊA CHỈ GIAO HÀNG | H9: TÊN SẢN PHẨM | I9: SỐ LƯỢNG | J9: GIÁ GỐC / SP (đ) | K9: GIÁ BÁN / SP (đ) (chưa VAT) | L9: TIỀN HÀNG (đ) | M9: LẤY VAT? | N9: THUẾ SUẤT | O9: TIỀN VAT (đ) | P9: TỔNG PHẢI THU (đ) | Q9: ĐÃ THANH TOÁN (đ) | R9: CÒN NỢ (đ) | S9: TÌNH TRẠNG | T9: TỔNG VỐN (đ) | U9: LÃI / LỖ (đ) | V9: % LÃI | W9: GHI CHÚ | X9: CẢNH BÁO
A10: =IF($C10="","",COUNTA($C$10:$C10)) | J10: =IF($H10="","",IFERROR(VLOOKUP($H10,'BẢNG GIÁ GỐC'!$A$5:$D$254,3,FALSE()),"")) | L10: =IF($C10="","",N($I10)*N($K10)) | N10: =IF($C10="","",IF($M10="VAT 5%",0.05,IF($M10="VAT 8%",0.08,IF($M10="VAT 10%",0.1,0)))) | O10: =IF($C10="","",$L10*$N10) | P10: =IF($C10="","",$L10+$O10) | R10: =IF($C10="","",MAX(0,$P10-N($Q10))) | S10: =IF(OR($C10="",$P10=0),"",IF(N($Q10)<=0,"Chưa thanh toán",IF(N($Q10)<$P10,"Thanh toán một phần","Đã thanh toán"))) | T10: =IF(OR($C10="",$J10=""),"",N($I10)*$J10) | U10: =IF(OR($C10="",$T10=""),"",$L10-$T10) | V10: =IF(OR($U10="",$L10=0),"",$U10/$L10) | X10: =IF($C10="","",IF(AND($H10="",N($I10)=0,N($K10)=0),"Dòng chỉ lưu thông tin khách (chưa có đơn); ",IF($B10="","Thiếu ngày đặt; ","")&IF($H10="","Thiếu tên sản phẩm; ",IF($J10="","Chưa khai GIÁ GỐC ở BẢNG GIÁ GỐC; ",""))&IF(N($I10)<=0,"Thiếu số lượng; ","")&IF(N($K10)<=0,"Thiếu giá bán; ","")&IF(AND($N10>0,$F10=""),"Khách lấy VAT thiếu mã số thuế; ","")&IF(N($Q10)>$P10,"Đã thu vượt tổng phải thu; ","")&IF(AND($L10>0,$U10<>"",$U10<0),"CẢNH BÁO: ĐƠN NÀY ĐANG LỖ; ","")))
A11: =IF($C11="","",COUNTA($C$10:$C11)) | J11: =IF($H11="","",IFERROR(VLOOKUP($H11,'BẢNG GIÁ GỐC'!$A$5:$D$254,3,FALSE()),"")) | L11: =IF($C11="","",N($I11)*N($K11)) | N11: =IF($C11="","",IF($M11="VAT 5%",0.05,IF($M11="VAT 8%",0.08,IF($M11="VAT 10%",0.1,0)))) | O11: =IF($C11="","",$L11*$N11) | P11: =IF($C11="","",$L11+$O11) | R11: =IF($C11="","",MAX(0,$P11-N($Q11))) | S11: =IF(OR($C11="",$P11=0),"",IF(N($Q11)<=0,"Chưa thanh toán",IF(N($Q11)<$P11,"Thanh toán một phần","Đã thanh toán"))) | T11: =IF(OR($C11="",$J11=""),"",N($I11)*$J11) | U11: =IF(OR($C11="",$T11=""),"",$L11-$T11) | V11: =IF(OR($U11="",$L11=0),"",$U11/$L11) | X11: =IF($C11="","",IF(AND($H11="",N($I11)=0,N($K11)=0),"Dòng chỉ lưu thông tin khách (chưa có đơn); ",IF($B11="","Thiếu ngày đặt; ","")&IF($H11="","Thiếu tên sản phẩm; ",IF($J11="","Chưa khai GIÁ GỐC ở BẢNG GIÁ GỐC; ",""))&IF(N($I11)<=0,"Thiếu số lượng; ","")&IF(N($K11)<=0,"Thiếu giá bán; ","")&IF(AND($N11>0,$F11=""),"Khách lấy VAT thiếu mã số thuế; ","")&IF(N($Q11)>$P11,"Đã thu vượt tổng phải thu; ","")&IF(AND($L11>0,$U11<>"",$U11<0),"CẢNH BÁO: ĐƠN NÀY ĐANG LỖ; ","")))
A12: =IF($C12="","",COUNTA($C$10:$C12)) | J12: =IF($H12="","",IFERROR(VLOOKUP($H12,'BẢNG GIÁ GỐC'!$A$5:$D$254,3,FALSE()),"")) | L12: =IF($C12="","",N($I12)*N($K12)) | N12: =IF($C12="","",IF($M12="VAT 5%",0.05,IF($M12="VAT 8%",0.08,IF($M12="VAT 10%",0.1,0)))) | O12: =IF($C12="","",$L12*$N12) | P12: =IF($C12="","",$L12+$O12) | R12: =IF($C12="","",MAX(0,$P12-N($Q12))) | S12: =IF(OR($C12="",$P12=0),"",IF(N($Q12)<=0,"Chưa thanh toán",IF(N($Q12)<$P12,"Thanh toán một phần","Đã thanh toán"))) | T12: =IF(OR($C12="",$J12=""),"",N($I12)*$J12) | U12: =IF(OR($C12="",$T12=""),"",$L12-$T12) | V12: =IF(OR($U12="",$L12=0),"",$U12/$L12) | X12: =IF($C12="","",IF(AND($H12="",N($I12)=0,N($K12)=0),"Dòng chỉ lưu thông tin khách (chưa có đơn); ",IF($B12="","Thiếu ngày đặt; ","")&IF($H12="","Thiếu tên sản phẩm; ",IF($J12="","Chưa khai GIÁ GỐC ở BẢNG GIÁ GỐC; ",""))&IF(N($I12)<=0,"Thiếu số lượng; ","")&IF(N($K12)<=0,"Thiếu giá bán; ","")&IF(AND($N12>0,$F12=""),"Khách lấy VAT thiếu mã số thuế; ","")&IF(N($Q12)>$P12,"Đã thu vượt tổng phải thu; ","")&IF(AND($L12>0,$U12<>"",$U12<0),"CẢNH BÁO: ĐƠN NÀY ĐANG LỖ; ","")))
A13: =IF($C13="","",COUNTA($C$10:$C13)) | J13: =IF($H13="","",IFERROR(VLOOKUP($H13,'BẢNG GIÁ GỐC'!$A$5:$D$254,3,FALSE()),"")) | L13: =IF($C13="","",N($I13)*N($K13)) | N13: =IF($C13="","",IF($M13="VAT 5%",0.05,IF($M13="VAT 8%",0.08,IF($M13="VAT 10%",0.1,0)))) | O13: =IF($C13="","",$L13*$N13) | P13: =IF($C13="","",$L13+$O13) | R13: =IF($C13="","",MAX(0,$P13-N($Q13))) | S13: =IF(OR($C13="",$P13=0),"",IF(N($Q13)<=0,"Chưa thanh toán",IF(N($Q13)<$P13,"Thanh toán một phần","Đã thanh toán"))) | T13: =IF(OR($C13="",$J13=""),"",N($I13)*$J13) | U13: =IF(OR($C13="",$T13=""),"",$L13-$T13) | V13: =IF(OR($U13="",$L13=0),"",$U13/$L13) | X13: =IF($C13="","",IF(AND($H13="",N($I13)=0,N($K13)=0),"Dòng chỉ lưu thông tin khách (chưa có đơn); ",IF($B13="","Thiếu ngày đặt; ","")&IF($H13="","Thiếu tên sản phẩm; ",IF($J13="","Chưa khai GIÁ GỐC ở BẢNG GIÁ GỐC; ",""))&IF(N($I13)<=0,"Thiếu số lượng; ","")&IF(N($K13)<=0,"Thiếu giá bán; ","")&IF(AND($N13>0,$F13=""),"Khách lấy VAT thiếu mã số thuế; ","")&IF(N($Q13)>$P13,"Đã thu vượt tổng phải thu; ","")&IF(AND($L13>0,$U13<>"",$U13<0),"CẢNH BÁO: ĐƠN NÀY ĐANG LỖ; ","")))
A14: =IF($C14="","",COUNTA($C$10:$C14)) | J14: =IF($H14="","",IFERROR(VLOOKUP($H14,'BẢNG GIÁ GỐC'!$A$5:$D$254,3,FALSE()),"")) | L14: =IF($C14="","",N($I14)*N($K14)) | N14: =IF($C14="","",IF($M14="VAT 5%",0.05,IF($M14="VAT 8%",0.08,IF($M14="VAT 10%",0.1,0)))) | O14: =IF($C14="","",$L14*$N14) | P14: =IF($C14="","",$L14+$O14) | R14: =IF($C14="","",MAX(0,$P14-N($Q14))) | S14: =IF(OR($C14="",$P14=0),"",IF(N($Q14)<=0,"Chưa thanh toán",IF(N($Q14)<$P14,"Thanh toán một phần","Đã thanh toán"))) | T14: =IF(OR($C14="",$J14=""),"",N($I14)*$J14) | U14: =IF(OR($C14="",$T14=""),"",$L14-$T14) | V14: =IF(OR($U14="",$L14=0),"",$U14/$L14) | X14: =IF($C14="","",IF(AND($H14="",N($I14)=0,N($K14)=0),"Dòng chỉ lưu thông tin khách (chưa có đơn); ",IF($B14="","Thiếu ngày đặt; ","")&IF($H14="","Thiếu tên sản phẩm; ",IF($J14="","Chưa khai GIÁ GỐC ở BẢNG GIÁ GỐC; ",""))&IF(N($I14)<=0,"Thiếu số lượng; ","")&IF(N($K14)<=0,"Thiếu giá bán; ","")&IF(AND($N14>0,$F14=""),"Khách lấy VAT thiếu mã số thuế; ","")&IF(N($Q14)>$P14,"Đã thu vượt tổng phải thu; ","")&IF(AND($L14>0,$U14<>"",$U14<0),"CẢNH BÁO: ĐƠN NÀY ĐANG LỖ; ","")))
A15: =IF($C15="","",COUNTA($C$10:$C15)) | J15: =IF($H15="","",IFERROR(VLOOKUP($H15,'BẢNG GIÁ GỐC'!$A$5:$D$254,3,FALSE()),"")) | L15: =IF($C15="","",N($I15)*N($K15)) | N15: =IF($C15="","",IF($M15="VAT 5%",0.05,IF($M15="VAT 8%",0.08,IF($M15="VAT 10%",0.1,0)))) | O15: =IF($C15="","",$L15*$N15) | P15: =IF($C15="","",$L15+$O15) | R15: =IF($C15="","",MAX(0,$P15-N($Q15))) | S15: =IF(OR($C15="",$P15=0),"",IF(N($Q15)<=0,"Chưa thanh toán",IF(N($Q15)<$P15,"Thanh toán một phần","Đã thanh toán"))) | T15: =IF(OR($C15="",$J15=""),"",N($I15)*$J15) | U15: =IF(OR($C15="",$T15=""),"",$L15-$T15) | V15: =IF(OR($U15="",$L15=0),"",$U15/$L15) | X15: =IF($C15="","",IF(AND($H15="",N($I15)=0,N($K15)=0),"Dòng chỉ lưu thông tin khách (chưa có đơn); ",IF($B15="","Thiếu ngày đặt; ","")&IF($H15="","Thiếu tên sản phẩm; ",IF($J15="","Chưa khai GIÁ GỐC ở BẢNG GIÁ GỐC; ",""))&IF(N($I15)<=0,"Thiếu số lượng; ","")&IF(N($K15)<=0,"Thiếu giá bán; ","")&IF(AND($N15>0,$F15=""),"Khách lấy VAT thiếu mã số thuế; ","")&IF(N($Q15)>$P15,"Đã thu vượt tổng phải thu; ","")&IF(AND($L15>0,$U15<>"",$U15<0),"CẢNH BÁO: ĐƠN NÀY ĐANG LỖ; ","")))
A16: =IF($C16="","",COUNTA($C$10:$C16)) | J16: =IF($H16="","",IFERROR(VLOOKUP($H16,'BẢNG GIÁ GỐC'!$A$5:$D$254,3,FALSE()),"")) | L16: =IF($C16="","",N($I16)*N($K16)) | N16: =IF($C16="","",IF($M16="VAT 5%",0.05,IF($M16="VAT 8%",0.08,IF($M16="VAT 10%",0.1,0)))) | O16: =IF($C16="","",$L16*$N16) | P16: =IF($C16="","",$L16+$O16) | R16: =IF($C16="","",MAX(0,$P16-N($Q16))) | S16: =IF(OR($C16="",$P16=0),"",IF(N($Q16)<=0,"Chưa thanh toán",IF(N($Q16)<$P16,"Thanh toán một phần","Đã thanh toán"))) | T16: =IF(OR($C16="",$J16=""),"",N($I16)*$J16) | U16: =IF(OR($C16="",$T16=""),"",$L16-$T16) | V16: =IF(OR($U16="",$L16=0),"",$U16/$L16) | X16: =IF($C16="","",IF(AND($H16="",N($I16)=0,N($K16)=0),"Dòng chỉ lưu thông tin khách (chưa có đơn); ",IF($B16="","Thiếu ngày đặt; ","")&IF($H16="","Thiếu tên sản phẩm; ",IF($J16="","Chưa khai GIÁ GỐC ở BẢNG GIÁ GỐC; ",""))&IF(N($I16)<=0,"Thiếu số lượng; ","")&IF(N($K16)<=0,"Thiếu giá bán; ","")&IF(AND($N16>0,$F16=""),"Khách lấy VAT thiếu mã số thuế; ","")&IF(N($Q16)>$P16,"Đã thu vượt tổng phải thu; ","")&IF(AND($L16>0,$U16<>"",$U16<0),"CẢNH BÁO: ĐƠN NÀY ĐANG LỖ; ","")))
A17: =IF($C17="","",COUNTA($C$10:$C17)) | J17: =IF($H17="","",IFERROR(VLOOKUP($H17,'BẢNG GIÁ GỐC'!$A$5:$D$254,3,FALSE()),"")) | L17: =IF($C17="","",N($I17)*N($K17)) | N17: =IF($C17="","",IF($M17="VAT 5%",0.05,IF($M17="VAT 8%",0.08,IF($M17="VAT 10%",0.1,0)))) | O17: =IF($C17="","",$L17*$N17) | P17: =IF($C17="","",$L17+$O17) | R17: =IF($C17="","",MAX(0,$P17-N($Q17))) | S17: =IF(OR($C17="",$P17=0),"",IF(N($Q17)<=0,"Chưa thanh toán",IF(N($Q17)<$P17,"Thanh toán một phần","Đã thanh toán"))) | T17: =IF(OR($C17="",$J17=""),"",N($I17)*$J17) | U17: =IF(OR($C17="",$T17=""),"",$L17-$T17) | V17: =IF(OR($U17="",$L17=0),"",$U17/$L17) | X17: =IF($C17="","",IF(AND($H17="",N($I17)=0,N($K17)=0),"Dòng chỉ lưu thông tin khách (chưa có đơn); ",IF($B17="","Thiếu ngày đặt; ","")&IF($H17="","Thiếu tên sản phẩm; ",IF($J17="","Chưa khai GIÁ GỐC ở BẢNG GIÁ GỐC; ",""))&IF(N($I17)<=0,"Thiếu số lượng; ","")&IF(N($K17)<=0,"Thiếu giá bán; ","")&IF(AND($N17>0,$F17=""),"Khách lấy VAT thiếu mã số thuế; ","")&IF(N($Q17)>$P17,"Đã thu vượt tổng phải thu; ","")&IF(AND($L17>0,$U17<>"",$U17<0),"CẢNH BÁO: ĐƠN NÀY ĐANG LỖ; ","")))
A18: =IF($C18="","",COUNTA($C$10:$C18)) | J18: =IF($H18="","",IFERROR(VLOOKUP($H18,'BẢNG GIÁ GỐC'!$A$5:$D$254,3,FALSE()),"")) | L18: =IF($C18="","",N($I18)*N($K18)) | N18: =IF($C18="","",IF($M18="VAT 5%",0.05,IF($M18="VAT 8%",0.08,IF($M18="VAT 10%",0.1,0)))) | O18: =IF($C18="","",$L18*$N18) | P18: =IF($C18="","",$L18+$O18) | R18: =IF($C18="","",MAX(0,$P18-N($Q18))) | S18: =IF(OR($C18="",$P18=0),"",IF(N($Q18)<=0,"Chưa thanh toán",IF(N($Q18)<$P18,"Thanh toán một phần","Đã thanh toán"))) | T18: =IF(OR($C18="",$J18=""),"",N($I18)*$J18) | U18: =IF(OR($C18="",$T18=""),"",$L18-$T18) | V18: =IF(OR($U18="",$L18=0),"",$U18/$L18) | X18: =IF($C18="","",IF(AND($H18="",N($I18)=0,N($K18)=0),"Dòng chỉ lưu thông tin khách (chưa có đơn); ",IF($B18="","Thiếu ngày đặt; ","")&IF($H18="","Thiếu tên sản phẩm; ",IF($J18="","Chưa khai GIÁ GỐC ở BẢNG GIÁ GỐC; ",""))&IF(N($I18)<=0,"Thiếu số lượng; ","")&IF(N($K18)<=0,"Thiếu giá bán; ","")&IF(AND($N18>0,$F18=""),"Khách lấy VAT thiếu mã số thuế; ","")&IF(N($Q18)>$P18,"Đã thu vượt tổng phải thu; ","")&IF(AND($L18>0,$U18<>"",$U18<0),"CẢNH BÁO: ĐƠN NÀY ĐANG LỖ; ","")))
A19: =IF($C19="","",COUNTA($C$10:$C19)) | J19: =IF($H19="","",IFERROR(VLOOKUP($H19,'BẢNG GIÁ GỐC'!$A$5:$D$254,3,FALSE()),"")) | L19: =IF($C19="","",N($I19)*N($K19)) | N19: =IF($C19="","",IF($M19="VAT 5%",0.05,IF($M19="VAT 8%",0.08,IF($M19="VAT 10%",0.1,0)))) | O19: =IF($C19="","",$L19*$N19) | P19: =IF($C19="","",$L19+$O19) | R19: =IF($C19="","",MAX(0,$P19-N($Q19))) | S19: =IF(OR($C19="",$P19=0),"",IF(N($Q19)<=0,"Chưa thanh toán",IF(N($Q19)<$P19,"Thanh toán một phần","Đã thanh toán"))) | T19: =IF(OR($C19="",$J19=""),"",N($I19)*$J19) | U19: =IF(OR($C19="",$T19=""),"",$L19-$T19) | V19: =IF(OR($U19="",$L19=0),"",$U19/$L19) | X19: =IF($C19="","",IF(AND($H19="",N($I19)=0,N($K19)=0),"Dòng chỉ lưu thông tin khách (chưa có đơn); ",IF($B19="","Thiếu ngày đặt; ","")&IF($H19="","Thiếu tên sản phẩm; ",IF($J19="","Chưa khai GIÁ GỐC ở BẢNG GIÁ GỐC; ",""))&IF(N($I19)<=0,"Thiếu số lượng; ","")&IF(N($K19)<=0,"Thiếu giá bán; ","")&IF(AND($N19>0,$F19=""),"Khách lấy VAT thiếu mã số thuế; ","")&IF(N($Q19)>$P19,"Đã thu vượt tổng phải thu; ","")&IF(AND($L19>0,$U19<>"",$U19<0),"CẢNH BÁO: ĐƠN NÀY ĐANG LỖ; ","")))
A20: =IF($C20="","",COUNTA($C$10:$C20)) | J20: =IF($H20="","",IFERROR(VLOOKUP($H20,'BẢNG GIÁ GỐC'!$A$5:$D$254,3,FALSE()),"")) | L20: =IF($C20="","",N($I20)*N($K20)) | N20: =IF($C20="","",IF($M20="VAT 5%",0.05,IF($M20="VAT 8%",0.08,IF($M20="VAT 10%",0.1,0)))) | O20: =IF($C20="","",$L20*$N20) | P20: =IF($C20="","",$L20+$O20) | R20: =IF($C20="","",MAX(0,$P20-N($Q20))) | S20: =IF(OR($C20="",$P20=0),"",IF(N($Q20)<=0,"Chưa thanh toán",IF(N($Q20)<$P20,"Thanh toán một phần","Đã thanh toán"))) | T20: =IF(OR($C20="",$J20=""),"",N($I20)*$J20) | U20: =IF(OR($C20="",$T20=""),"",$L20-$T20) | V20: =IF(OR($U20="",$L20=0),"",$U20/$L20) | X20: =IF($C20="","",IF(AND($H20="",N($I20)=0,N($K20)=0),"Dòng chỉ lưu thông tin khách (chưa có đơn); ",IF($B20="","Thiếu ngày đặt; ","")&IF($H20="","Thiếu tên sản phẩm; ",IF($J20="","Chưa khai GIÁ GỐC ở BẢNG GIÁ GỐC; ",""))&IF(N($I20)<=0,"Thiếu số lượng; ","")&IF(N($K20)<=0,"Thiếu giá bán; ","")&IF(AND($N20>0,$F20=""),"Khách lấy VAT thiếu mã số thuế; ","")&IF(N($Q20)>$P20,"Đã thu vượt tổng phải thu; ","")&IF(AND($L20>0,$U20<>"",$U20<0),"CẢNH BÁO: ĐƠN NÀY ĐANG LỖ; ","")))
A21: =IF($C21="","",COUNTA($C$10:$C21)) | J21: =IF($H21="","",IFERROR(VLOOKUP($H21,'BẢNG GIÁ GỐC'!$A$5:$D$254,3,FALSE()),"")) | L21: =IF($C21="","",N($I21)*N($K21)) | N21: =IF($C21="","",IF($M21="VAT 5%",0.05,IF($M21="VAT 8%",0.08,IF($M21="VAT 10%",0.1,0)))) | O21: =IF($C21="","",$L21*$N21) | P21: =IF($C21="","",$L21+$O21) | R21: =IF($C21="","",MAX(0,$P21-N($Q21))) | S21: =IF(OR($C21="",$P21=0),"",IF(N($Q21)<=0,"Chưa thanh toán",IF(N($Q21)<$P21,"Thanh toán một phần","Đã thanh toán"))) | T21: =IF(OR($C21="",$J21=""),"",N($I21)*$J21) | U21: =IF(OR($C21="",$T21=""),"",$L21-$T21) | V21: =IF(OR($U21="",$L21=0),"",$U21/$L21) | X21: =IF($C21="","",IF(AND($H21="",N($I21)=0,N($K21)=0),"Dòng chỉ lưu thông tin khách (chưa có đơn); ",IF($B21="","Thiếu ngày đặt; ","")&IF($H21="","Thiếu tên sản phẩm; ",IF($J21="","Chưa khai GIÁ GỐC ở BẢNG GIÁ GỐC; ",""))&IF(N($I21)<=0,"Thiếu số lượng; ","")&IF(N($K21)<=0,"Thiếu giá bán; ","")&IF(AND($N21>0,$F21=""),"Khách lấy VAT thiếu mã số thuế; ","")&IF(N($Q21)>$P21,"Đã thu vượt tổng phải thu; ","")&IF(AND($L21>0,$U21<>"",$U21<0),"CẢNH BÁO: ĐƠN NÀY ĐANG LỖ; ","")))
... A24: =IF($C24="","",COUNTA($C$10:$C24)) | J24: =IF($H24="","",IFERROR(VLOOKUP($H24,'BẢNG GIÁ GỐC'!$A$5:$D$254,3,FALSE()),"")) | L24: =IF($C24="","",N($I24)*N($K24)) | N24: =IF($C24="","",IF($M24="VAT 5%",0.05,IF($M24="VAT 8%",0.08,IF($M24="VAT 10%",0.1,0)))) | O24: =IF($C24="","",$L24*$N24) | P24: =IF($C24="","",$L24+$O24) | R24: =IF($C24="","",MAX(0,$P24-N($Q24))) | S24: =IF(OR($C24="",$P24=0),"",IF(N($Q24)<=0,"Chưa thanh toán",IF(N($Q24)<$P24,"Thanh toán một phần","Đã thanh toán"))) | T24: =IF(OR($C24="",$J24=""),"",N($I24)*$J24) | U24: =IF(OR($C24="",$T24=""),"",$L24-$T24) | V24: =IF(OR($U24="",$L24=0),"",$U24/$L24) | X24: =IF($C24="","",IF(AND($H24="",N($I24)=0,N($K24)=0),"Dòng chỉ lưu thông tin khách (chưa có đơn); ",IF($B24="","Thiếu ngày đặt; ","")&IF($H24="","Thiếu tên sản phẩm; ",IF($J24="","Chưa khai GIÁ GỐC ở BẢNG GIÁ GỐC; ",""))&IF(N($I24)<=0,"Thiếu số lượng; ","")&IF(N($K24)<=0,"Thiếu giá bán; ","")&IF(AND($N24>0,$F24=""),"Khách lấy VAT thiếu mã số thuế; ","")&IF(N($Q24)>$P24,"Đã thu vượt tổng phải thu; ","")&IF(AND($L24>0,$U24<>"",$U24<0),"CẢNH BÁO: ĐƠN NÀY ĐANG LỖ; ","")))
A25: =IF($C25="","",COUNTA($C$10:$C25)) | J25: =IF($H25="","",IFERROR(VLOOKUP($H25,'BẢNG GIÁ GỐC'!$A$5:$D$254,3,FALSE()),"")) | L25: =IF($C25="","",N($I25)*N($K25)) | N25: =IF($C25="","",IF($M25="VAT 5%",0.05,IF($M25="VAT 8%",0.08,IF($M25="VAT 10%",0.1,0)))) | O25: =IF($C25="","",$L25*$N25) | P25: =IF($C25="","",$L25+$O25) | R25: =IF($C25="","",MAX(0,$P25-N($Q25))) | S25: =IF(OR($C25="",$P25=0),"",IF(N($Q25)<=0,"Chưa thanh toán",IF(N($Q25)<$P25,"Thanh toán một phần","Đã thanh toán"))) | T25: =IF(OR($C25="",$J25=""),"",N($I25)*$J25) | U25: =IF(OR($C25="",$T25=""),"",$L25-$T25) | V25: =IF(OR($U25="",$L25=0),"",$U25/$L25) | X25: =IF($C25="","",IF(AND($H25="",N($I25)=0,N($K25)=0),"Dòng chỉ lưu thông tin khách (chưa có đơn); ",IF($B25="","Thiếu ngày đặt; ","")&IF($H25="","Thiếu tên sản phẩm; ",IF($J25="","Chưa khai GIÁ GỐC ở BẢNG GIÁ GỐC; ",""))&IF(N($I25)<=0,"Thiếu số lượng; ","")&IF(N($K25)<=0,"Thiếu giá bán; ","")&IF(AND($N25>0,$F25=""),"Khách lấy VAT thiếu mã số thuế; ","")&IF(N($Q25)>$P25,"Đã thu vượt tổng phải thu; ","")&IF(AND($L25>0,$U25<>"",$U25<0),"CẢNH BÁO: ĐƠN NÀY ĐANG LỖ; ",""))) | Z25: TỔNG CHI PHÍ KHÁC | AC25: =SUM(AC5:AC24) -> 0
A26: =IF($C26="","",COUNTA($C$10:$C26)) | J26: =IF($H26="","",IFERROR(VLOOKUP($H26,'BẢNG GIÁ GỐC'!$A$5:$D$254,3,FALSE()),"")) | L26: =IF($C26="","",N($I26)*N($K26)) | N26: =IF($C26="","",IF($M26="VAT 5%",0.05,IF($M26="VAT 8%",0.08,IF($M26="VAT 10%",0.1,0)))) | O26: =IF($C26="","",$L26*$N26) | P26: =IF($C26="","",$L26+$O26) | R26: =IF($C26="","",MAX(0,$P26-N($Q26))) | S26: =IF(OR($C26="",$P26=0),"",IF(N($Q26)<=0,"Chưa thanh toán",IF(N($Q26)<$P26,"Thanh toán một phần","Đã thanh toán"))) | T26: =IF(OR($C26="",$J26=""),"",N($I26)*$J26) | U26: =IF(OR($C26="",$T26=""),"",$L26-$T26) | V26: =IF(OR($U26="",$L26=0),"",$U26/$L26) | X26: =IF($C26="","",IF(AND($H26="",N($I26)=0,N($K26)=0),"Dòng chỉ lưu thông tin khách (chưa có đơn); ",IF($B26="","Thiếu ngày đặt; ","")&IF($H26="","Thiếu tên sản phẩm; ",IF($J26="","Chưa khai GIÁ GỐC ở BẢNG GIÁ GỐC; ",""))&IF(N($I26)<=0,"Thiếu số lượng; ","")&IF(N($K26)<=0,"Thiếu giá bán; ","")&IF(AND($N26>0,$F26=""),"Khách lấy VAT thiếu mã số thuế; ","")&IF(N($Q26)>$P26,"Đã thu vượt tổng phải thu; ","")&IF(AND($L26>0,$U26<>"",$U26<0),"CẢNH BÁO: ĐƠN NÀY ĐANG LỖ; ","")))
A27: =IF($C27="","",COUNTA($C$10:$C27)) | J27: =IF($H27="","",IFERROR(VLOOKUP($H27,'BẢNG GIÁ GỐC'!$A$5:$D$254,3,FALSE()),"")) | L27: =IF($C27="","",N($I27)*N($K27)) | N27: =IF($C27="","",IF($M27="VAT 5%",0.05,IF($M27="VAT 8%",0.08,IF($M27="VAT 10%",0.1,0)))) | O27: =IF($C27="","",$L27*$N27) | P27: =IF($C27="","",$L27+$O27) | R27: =IF($C27="","",MAX(0,$P27-N($Q27))) | S27: =IF(OR($C27="",$P27=0),"",IF(N($Q27)<=0,"Chưa thanh toán",IF(N($Q27)<$P27,"Thanh toán một phần","Đã thanh toán"))) | T27: =IF(OR($C27="",$J27=""),"",N($I27)*$J27) | U27: =IF(OR($C27="",$T27=""),"",$L27-$T27) | V27: =IF(OR($U27="",$L27=0),"",$U27/$L27) | X27: =IF($C27="","",IF(AND($H27="",N($I27)=0,N($K27)=0),"Dòng chỉ lưu thông tin khách (chưa có đơn); ",IF($B27="","Thiếu ngày đặt; ","")&IF($H27="","Thiếu tên sản phẩm; ",IF($J27="","Chưa khai GIÁ GỐC ở BẢNG GIÁ GỐC; ",""))&IF(N($I27)<=0,"Thiếu số lượng; ","")&IF(N($K27)<=0,"Thiếu giá bán; ","")&IF(AND($N27>0,$F27=""),"Khách lấy VAT thiếu mã số thuế; ","")&IF(N($Q27)>$P27,"Đã thu vượt tổng phải thu; ","")&IF(AND($L27>0,$U27<>"",$U27<0),"CẢNH BÁO: ĐƠN NÀY ĐANG LỖ; ","")))
A28: =IF($C28="","",COUNTA($C$10:$C28)) | J28: =IF($H28="","",IFERROR(VLOOKUP($H28,'BẢNG GIÁ GỐC'!$A$5:$D$254,3,FALSE()),"")) | L28: =IF($C28="","",N($I28)*N($K28)) | N28: =IF($C28="","",IF($M28="VAT 5%",0.05,IF($M28="VAT 8%",0.08,IF($M28="VAT 10%",0.1,0)))) | O28: =IF($C28="","",$L28*$N28) | P28: =IF($C28="","",$L28+$O28) | R28: =IF($C28="","",MAX(0,$P28-N($Q28))) | S28: =IF(OR($C28="",$P28=0),"",IF(N($Q28)<=0,"Chưa thanh toán",IF(N($Q28)<$P28,"Thanh toán một phần","Đã thanh toán"))) | T28: =IF(OR($C28="",$J28=""),"",N($I28)*$J28) | U28: =IF(OR($C28="",$T28=""),"",$L28-$T28) | V28: =IF(OR($U28="",$L28=0),"",$U28/$L28) | X28: =IF($C28="","",IF(AND($H28="",N($I28)=0,N($K28)=0),"Dòng chỉ lưu thông tin khách (chưa có đơn); ",IF($B28="","Thiếu ngày đặt; ","")&IF($H28="","Thiếu tên sản phẩm; ",IF($J28="","Chưa khai GIÁ GỐC ở BẢNG GIÁ GỐC; ",""))&IF(N($I28)<=0,"Thiếu số lượng; ","")&IF(N($K28)<=0,"Thiếu giá bán; ","")&IF(AND($N28>0,$F28=""),"Khách lấy VAT thiếu mã số thuế; ","")&IF(N($Q28)>$P28,"Đã thu vượt tổng phải thu; ","")&IF(AND($L28>0,$U28<>"",$U28<0),"CẢNH BÁO: ĐƠN NÀY ĐANG LỖ; ","")))
A29: =IF($C29="","",COUNTA($C$10:$C29)) | J29: =IF($H29="","",IFERROR(VLOOKUP($H29,'BẢNG GIÁ GỐC'!$A$5:$D$254,3,FALSE()),"")) | L29: =IF($C29="","",N($I29)*N($K29)) | N29: =IF($C29="","",IF($M29="VAT 5%",0.05,IF($M29="VAT 8%",0.08,IF($M29="VAT 10%",0.1,0)))) | O29: =IF($C29="","",$L29*$N29) | P29: =IF($C29="","",$L29+$O29) | R29: =IF($C29="","",MAX(0,$P29-N($Q29))) | S29: =IF(OR($C29="",$P29=0),"",IF(N($Q29)<=0,"Chưa thanh toán",IF(N($Q29)<$P29,"Thanh toán một phần","Đã thanh toán"))) | T29: =IF(OR($C29="",$J29=""),"",N($I29)*$J29) | U29: =IF(OR($C29="",$T29=""),"",$L29-$T29) | V29: =IF(OR($U29="",$L29=0),"",$U29/$L29) | X29: =IF($C29="","",IF(AND($H29="",N($I29)=0,N($K29)=0),"Dòng chỉ lưu thông tin khách (chưa có đơn); ",IF($B29="","Thiếu ngày đặt; ","")&IF($H29="","Thiếu tên sản phẩm; ",IF($J29="","Chưa khai GIÁ GỐC ở BẢNG GIÁ GỐC; ",""))&IF(N($I29)<=0,"Thiếu số lượng; ","")&IF(N($K29)<=0,"Thiếu giá bán; ","")&IF(AND($N29>0,$F29=""),"Khách lấy VAT thiếu mã số thuế; ","")&IF(N($Q29)>$P29,"Đã thu vượt tổng phải thu; ","")&IF(AND($L29>0,$U29<>"",$U29<0),"CẢNH BÁO: ĐƠN NÀY ĐANG LỖ; ","")))
A30: =IF($C30="","",COUNTA($C$10:$C30)) | J30: =IF($H30="","",IFERROR(VLOOKUP($H30,'BẢNG GIÁ GỐC'!$A$5:$D$254,3,FALSE()),"")) | L30: =IF($C30="","",N($I30)*N($K30)) | N30: =IF($C30="","",IF($M30="VAT 5%",0.05,IF($M30="VAT 8%",0.08,IF($M30="VAT 10%",0.1,0)))) | O30: =IF($C30="","",$L30*$N30) | P30: =IF($C30="","",$L30+$O30) | R30: =IF($C30="","",MAX(0,$P30-N($Q30))) | S30: =IF(OR($C30="",$P30=0),"",IF(N($Q30)<=0,"Chưa thanh toán",IF(N($Q30)<$P30,"Thanh toán một phần","Đã thanh toán"))) | T30: =IF(OR($C30="",$J30=""),"",N($I30)*$J30) | U30: =IF(OR($C30="",$T30=""),"",$L30-$T30) | V30: =IF(OR($U30="",$L30=0),"",$U30/$L30) | X30: =IF($C30="","",IF(AND($H30="",N($I30)=0,N($K30)=0),"Dòng chỉ lưu thông tin khách (chưa có đơn); ",IF($B30="","Thiếu ngày đặt; ","")&IF($H30="","Thiếu tên sản phẩm; ",IF($J30="","Chưa khai GIÁ GỐC ở BẢNG GIÁ GỐC; ",""))&IF(N($I30)<=0,"Thiếu số lượng; ","")&IF(N($K30)<=0,"Thiếu giá bán; ","")&IF(AND($N30>0,$F30=""),"Khách lấy VAT thiếu mã số thuế; ","")&IF(N($Q30)>$P30,"Đã thu vượt tổng phải thu; ","")&IF(AND($L30>0,$U30<>"",$U30<0),"CẢNH BÁO: ĐƠN NÀY ĐANG LỖ; ","")))
A31: =IF($C31="","",COUNTA($C$10:$C31)) | J31: =IF($H31="","",IFERROR(VLOOKUP($H31,'BẢNG GIÁ GỐC'!$A$5:$D$254,3,FALSE()),"")) | L31: =IF($C31="","",N($I31)*N($K31)) | N31: =IF($C31="","",IF($M31="VAT 5%",0.05,IF($M31="VAT 8%",0.08,IF($M31="VAT 10%",0.1,0)))) | O31: =IF($C31="","",$L31*$N31) | P31: =IF($C31="","",$L31+$O31) | R31: =IF($C31="","",MAX(0,$P31-N($Q31))) | S31: =IF(OR($C31="",$P31=0),"",IF(N($Q31)<=0,"Chưa thanh toán",IF(N($Q31)<$P31,"Thanh toán một phần","Đã thanh toán"))) | T31: =IF(OR($C31="",$J31=""),"",N($I31)*$J31) | U31: =IF(OR($C31="",$T31=""),"",$L31-$T31) | V31: =IF(OR($U31="",$L31=0),"",$U31/$L31) | X31: =IF($C31="","",IF(AND($H31="",N($I31)=0,N($K31)=0),"Dòng chỉ lưu thông tin khách (chưa có đơn); ",IF($B31="","Thiếu ngày đặt; ","")&IF($H31="","Thiếu tên sản phẩm; ",IF($J31="","Chưa khai GIÁ GỐC ở BẢNG GIÁ GỐC; ",""))&IF(N($I31)<=0,"Thiếu số lượng; ","")&IF(N($K31)<=0,"Thiếu giá bán; ","")&IF(AND($N31>0,$F31=""),"Khách lấy VAT thiếu mã số thuế; ","")&IF(N($Q31)>$P31,"Đã thu vượt tổng phải thu; ","")&IF(AND($L31>0,$U31<>"",$U31<0),"CẢNH BÁO: ĐƠN NÀY ĐANG LỖ; ","")))
A32: =IF($C32="","",COUNTA($C$10:$C32)) | J32: =IF($H32="","",IFERROR(VLOOKUP($H32,'BẢNG GIÁ GỐC'!$A$5:$D$254,3,FALSE()),"")) | L32: =IF($C32="","",N($I32)*N($K32)) | N32: =IF($C32="","",IF($M32="VAT 5%",0.05,IF($M32="VAT 8%",0.08,IF($M32="VAT 10%",0.1,0)))) | O32: =IF($C32="","",$L32*$N32) | P32: =IF($C32="","",$L32+$O32) | R32: =IF($C32="","",MAX(0,$P32-N($Q32))) | S32: =IF(OR($C32="",$P32=0),"",IF(N($Q32)<=0,"Chưa thanh toán",IF(N($Q32)<$P32,"Thanh toán một phần","Đã thanh toán"))) | T32: =IF(OR($C32="",$J32=""),"",N($I32)*$J32) | U32: =IF(OR($C32="",$T32=""),"",$L32-$T32) | V32: =IF(OR($U32="",$L32=0),"",$U32/$L32) | X32: =IF($C32="","",IF(AND($H32="",N($I32)=0,N($K32)=0),"Dòng chỉ lưu thông tin khách (chưa có đơn); ",IF($B32="","Thiếu ngày đặt; ","")&IF($H32="","Thiếu tên sản phẩm; ",IF($J32="","Chưa khai GIÁ GỐC ở BẢNG GIÁ GỐC; ",""))&IF(N($I32)<=0,"Thiếu số lượng; ","")&IF(N($K32)<=0,"Thiếu giá bán; ","")&IF(AND($N32>0,$F32=""),"Khách lấy VAT thiếu mã số thuế; ","")&IF(N($Q32)>$P32,"Đã thu vượt tổng phải thu; ","")&IF(AND($L32>0,$U32<>"",$U32<0),"CẢNH BÁO: ĐƠN NÀY ĐANG LỖ; ","")))
A33: =IF($C33="","",COUNTA($C$10:$C33)) | J33: =IF($H33="","",IFERROR(VLOOKUP($H33,'BẢNG GIÁ GỐC'!$A$5:$D$254,3,FALSE()),"")) | L33: =IF($C33="","",N($I33)*N($K33)) | N33: =IF($C33="","",IF($M33="VAT 5%",0.05,IF($M33="VAT 8%",0.08,IF($M33="VAT 10%",0.1,0)))) | O33: =IF($C33="","",$L33*$N33) | P33: =IF($C33="","",$L33+$O33) | R33: =IF($C33="","",MAX(0,$P33-N($Q33))) | S33: =IF(OR($C33="",$P33=0),"",IF(N($Q33)<=0,"Chưa thanh toán",IF(N($Q33)<$P33,"Thanh toán một phần","Đã thanh toán"))) | T33: =IF(OR($C33="",$J33=""),"",N($I33)*$J33) | U33: =IF(OR($C33="",$T33=""),"",$L33-$T33) | V33: =IF(OR($U33="",$L33=0),"",$U33/$L33) | X33: =IF($C33="","",IF(AND($H33="",N($I33)=0,N($K33)=0),"Dòng chỉ lưu thông tin khách (chưa có đơn); ",IF($B33="","Thiếu ngày đặt; ","")&IF($H33="","Thiếu tên sản phẩm; ",IF($J33="","Chưa khai GIÁ GỐC ở BẢNG GIÁ GỐC; ",""))&IF(N($I33)<=0,"Thiếu số lượng; ","")&IF(N($K33)<=0,"Thiếu giá bán; ","")&IF(AND($N33>0,$F33=""),"Khách lấy VAT thiếu mã số thuế; ","")&IF(N($Q33)>$P33,"Đã thu vượt tổng phải thu; ","")&IF(AND($L33>0,$U33<>"",$U33<0),"CẢNH BÁO: ĐƠN NÀY ĐANG LỖ; ","")))
A34: =IF($C34="","",COUNTA($C$10:$C34)) | J34: =IF($H34="","",IFERROR(VLOOKUP($H34,'BẢNG GIÁ GỐC'!$A$5:$D$254,3,FALSE()),"")) | L34: =IF($C34="","",N($I34)*N($K34)) | N34: =IF($C34="","",IF($M34="VAT 5%",0.05,IF($M34="VAT 8%",0.08,IF($M34="VAT 10%",0.1,0)))) | O34: =IF($C34="","",$L34*$N34) | P34: =IF($C34="","",$L34+$O34) | R34: =IF($C34="","",MAX(0,$P34-N($Q34))) | S34: =IF(OR($C34="",$P34=0),"",IF(N($Q34)<=0,"Chưa thanh toán",IF(N($Q34)<$P34,"Thanh toán một phần","Đã thanh toán"))) | T34: =IF(OR($C34="",$J34=""),"",N($I34)*$J34) | U34: =IF(OR($C34="",$T34=""),"",$L34-$T34) | V34: =IF(OR($U34="",$L34=0),"",$U34/$L34) | X34: =IF($C34="","",IF(AND($H34="",N($I34)=0,N($K34)=0),"Dòng chỉ lưu thông tin khách (chưa có đơn); ",IF($B34="","Thiếu ngày đặt; ","")&IF($H34="","Thiếu tên sản phẩm; ",IF($J34="","Chưa khai GIÁ GỐC ở BẢNG GIÁ GỐC; ",""))&IF(N($I34)<=0,"Thiếu số lượng; ","")&IF(N($K34)<=0,"Thiếu giá bán; ","")&IF(AND($N34>0,$F34=""),"Khách lấy VAT thiếu mã số thuế; ","")&IF(N($Q34)>$P34,"Đã thu vượt tổng phải thu; ","")&IF(AND($L34>0,$U34<>"",$U34<0),"CẢNH BÁO: ĐƠN NÀY ĐANG LỖ; ","")))
A35: =IF($C35="","",COUNTA($C$10:$C35)) | J35: =IF($H35="","",IFERROR(VLOOKUP($H35,'BẢNG GIÁ GỐC'!$A$5:$D$254,3,FALSE()),"")) | L35: =IF($C35="","",N($I35)*N($K35)) | N35: =IF($C35="","",IF($M35="VAT 5%",0.05,IF($M35="VAT 8%",0.08,IF($M35="VAT 10%",0.1,0)))) | O35: =IF($C35="","",$L35*$N35) | P35: =IF($C35="","",$L35+$O35) | R35: =IF($C35="","",MAX(0,$P35-N($Q35))) | S35: =IF(OR($C35="",$P35=0),"",IF(N($Q35)<=0,"Chưa thanh toán",IF(N($Q35)<$P35,"Thanh toán một phần","Đã thanh toán"))) | T35: =IF(OR($C35="",$J35=""),"",N($I35)*$J35) | U35: =IF(OR($C35="",$T35=""),"",$L35-$T35) | V35: =IF(OR($U35="",$L35=0),"",$U35/$L35) | X35: =IF($C35="","",IF(AND($H35="",N($I35)=0,N($K35)=0),"Dòng chỉ lưu thông tin khách (chưa có đơn); ",IF($B35="","Thiếu ngày đặt; ","")&IF($H35="","Thiếu tên sản phẩm; ",IF($J35="","Chưa khai GIÁ GỐC ở BẢNG GIÁ GỐC; ",""))&IF(N($I35)<=0,"Thiếu số lượng; ","")&IF(N($K35)<=0,"Thiếu giá bán; ","")&IF(AND($N35>0,$F35=""),"Khách lấy VAT thiếu mã số thuế; ","")&IF(N($Q35)>$P35,"Đã thu vượt tổng phải thu; ","")&IF(AND($L35>0,$U35<>"",$U35<0),"CẢNH BÁO: ĐƠN NÀY ĐANG LỖ; ","")))
A36: =IF($C36="","",COUNTA($C$10:$C36)) | J36: =IF($H36="","",IFERROR(VLOOKUP($H36,'BẢNG GIÁ GỐC'!$A$5:$D$254,3,FALSE()),"")) | L36: =IF($C36="","",N($I36)*N($K36)) | N36: =IF($C36="","",IF($M36="VAT 5%",0.05,IF($M36="VAT 8%",0.08,IF($M36="VAT 10%",0.1,0)))) | O36: =IF($C36="","",$L36*$N36) | P36: =IF($C36="","",$L36+$O36) | R36: =IF($C36="","",MAX(0,$P36-N($Q36))) | S36: =IF(OR($C36="",$P36=0),"",IF(N($Q36)<=0,"Chưa thanh toán",IF(N($Q36)<$P36,"Thanh toán một phần","Đã thanh toán"))) | T36: =IF(OR($C36="",$J36=""),"",N($I36)*$J36) | U36: =IF(OR($C36="",$T36=""),"",$L36-$T36) | V36: =IF(OR($U36="",$L36=0),"",$U36/$L36) | X36: =IF($C36="","",IF(AND($H36="",N($I36)=0,N($K36)=0),"Dòng chỉ lưu thông tin khách (chưa có đơn); ",IF($B36="","Thiếu ngày đặt; ","")&IF($H36="","Thiếu tên sản phẩm; ",IF($J36="","Chưa khai GIÁ GỐC ở BẢNG GIÁ GỐC; ",""))&IF(N($I36)<=0,"Thiếu số lượng; ","")&IF(N($K36)<=0,"Thiếu giá bán; ","")&IF(AND($N36>0,$F36=""),"Khách lấy VAT thiếu mã số thuế; ","")&IF(N($Q36)>$P36,"Đã thu vượt tổng phải thu; ","")&IF(AND($L36>0,$U36<>"",$U36<0),"CẢNH BÁO: ĐƠN NÀY ĐANG LỖ; ","")))
